Эм барааны нэр,Ангилал
Alps-D 2000 ундаа 100мл №10 /Dong-wha/,Эксклюзив
Core Жирэм/тест HCG Pregnancy test strip эмн/х N1,Эксклюзив
Core Жирэм/тест HGC Pregnancy test/midstream/ эмн/х N1,Эксклюзив
Core Жирэм/тест эмн/х Оvulation test N5,Эксклюзив
NITOLIC Бөөсний эсрэг эмчилгээний сет 50ml/30ml /ICB Pharma/,Эксклюзив
Sang Sang Ton Up ундаа 120мл №10 /Dong-wha/,Эксклюзив
Vitachun Plus ундаа 100мл №10 /Dong-wha/,Эксклюзив
Аква Марис бэби сп/х 150мл N1,Эксклюзив
Аква Марис бэби сп/х 50мл,Эксклюзив
Аква Марис дусал хүүхэд 10мл,Эксклюзив
Аква Марис классик сп 1+ 30мл N1,Эксклюзив
"Аква Марис Лейка нунт / хамар угаах савтай / 2,97гр N30",Эксклюзив
Аква Марис норм сп/х 150мл,Эксклюзив
Аква Марис норм сп/х 50мл,Эксклюзив
"Аква Марис нунт морская соль 3+ 2,97гр N30",Эксклюзив
Аква Марис плюс сп/х 30мл,Эксклюзив
Аква Марис стронг сп/х 30мл,Эксклюзив
Аква Марис Экстра хамрын цацлага 150мл №1 /Jadran- Galenski/,Эксклюзив
Аква Марис эктоин сп/х 20мл,Эксклюзив
Актиливер капс Морнинг N120,Эксклюзив
Албурел т/шин 20% 100мл,Эксклюзив
Албурел т/шин 20% 50мл N1,Эксклюзив
Алерин шахм 5мг N10,Эксклюзив
Алфавит Антистресс шахм N60,Эксклюзив
Алфавит в сезон простуд для шахм детей N60,Эксклюзив
Алфавит в сезон простуд шахм N60,Эксклюзив
Алфавит Детский сад шахм N60,Эксклюзив
Алфавит Диабет шахм N60,Эксклюзив
Алфавит Классик шахм N120,Эксклюзив
Алфавит Классик шахм N60,Эксклюзив
Алфавит Косметик шахм N60,Эксклюзив
Алфавит Мамино здоровье шахм N60,Эксклюзив
Алфавит Мужчин шахм N60,Эксклюзив
Алфавит Наш малыш саше №45,Эксклюзив
Алфавит Тинейжер шахм / 14-18 нас / N60,Эксклюзив
Алфавит шахм / 50-с дээш нас / N60,Эксклюзив
Алфавит Школьник шахм / 7-14 нас / N60,Эксклюзив
Алфавит Энергия шахм N60,Эксклюзив
Аминосол д/шин 92.9% 250мл №1,Эксклюзив
Амитриптилин-Гриндекс б/шахм 10мг N50,Эксклюзив
Амитриптилин-Гриндекс б/шахм 25мг N50,Эксклюзив
Анакосинум үрэл 6гр №6 /Bhargava Phytolab/,Эксклюзив
Аносол д/шин 60.48% 250мл №1,Эксклюзив
Беракайн сп 10% 50мл N1,Эксклюзив
Биотин плас залгидаг шахмал N60,Эксклюзив
Блемарен уус/шх 967.5мг+1197мг+835.5мг N80,Эксклюзив
"ВанИн Алпрам шахм 0,5мг N30",Эксклюзив
ВанИн Арипизол шахм 10мг N30,Эксклюзив
Ванин Гиданион 100мг №300,Эксклюзив
ВанИн Зирепин шахм 10мг N56,Эксклюзив
ВанИн Кепрептол CR 500мг N30,Эксклюзив
ВанИн Кломипрамин капс 25мг N500,Эксклюзив
"ВанИн Клоназепам шахм 0,5мг N200",Эксклюзив
ВанИн Куэтапин шахм 100мг N30,Эксклюзив
ВанИн Куэтапин шахм 25мг N30,Эксклюзив
ВанИн Литийн карбонат шахм 300мг N500,Эксклюзив
ВанИн Мемантин шахм 10мг N30,Эксклюзив
ВанИн Мирзентак шахм 15мг N30,Эксклюзив
ВанИн Налтрексон шахм 50мг N30,Эксклюзив
ВанИн Неомазин шахм 100мг N1000,Эксклюзив
ВанИн Неулептол капс 300мг N30,Эксклюзив
ВанИн Пенид шахм 10мг N30,Эксклюзив
ВанИн Перидол шахм 5мг N1000,Эксклюзив
ВанИн Прирептол капс 150мг N30,Эксклюзив
ВанИн Прирептол шахм 75мг N30,Эксклюзив
ВанИн Риперидон шахм 2мг N30,Эксклюзив
ВанИн Флуоксетин капс 20мг N30,Эксклюзив
ВанИн Целкок шахм 200мг N30,Эксклюзив
ВанИн Эпилиптор СР шахм 200мг N30,Эксклюзив
ВанИн Эсциталопрам шахм 10мг N30,Эксклюзив
Вегзелма тарилгын концентрат 400мг-16мл N1 /Celltrion Inc/,Эксклюзив
ВИНУФ Төвийн венийн тарилгын уусмал 1085мл №1 /JW Life Science/,Эксклюзив
ВИНУФ Төвийн венийн тарилгын уусмал 736мл №1 /JW Life Science/,Эксклюзив
Витамин С Желли 1000мг усан үзэм N14,Эксклюзив
Витамин С Желли 1000мг ханборгоцой N14,Эксклюзив
Витрум Виталити 50+ №30,Эксклюзив
ВН Витамин Д3 1000 ОУН шахм N260,Эксклюзив
ВН Витамин Е з/капс 400ОУН N120,Эксклюзив
ВН Витамин С шахм [Нохойн хошуутай] 1000мг N150,Эксклюзив
ВН Фолийн хүчил шахм 1мг N90,Эксклюзив
"Гексаспрей /Биклотимол/2,5%- 30гр N1",Эксклюзив
Гентрисон крем 10гр N1,Эксклюзив
Гиал форте т/уусм 2мл N3,Эксклюзив
Глюкозамин Хондроитин болон МСМ шахмал №120 /FACTORS/,Эксклюзив
Дажес капс капс 25мг+50мг+15мг+25мг+15мг+50мг+13мгмг N20,Эксклюзив
"Дотарем уусм 0,5моль/мл 15мл N1",Эксклюзив
"Дотарем уусм 0,5моль/мл 20мл N1",Эксклюзив
Дөрвөн цэнт Скай Селл Флу вакцин 0.5 мл №1 /SK Bioscience/,Эксклюзив
Драмина 3+ шахм 50мг N10,Эксклюзив
Жейл Кифентеч /үе мөч/ наалт 10см*7см 30мг N7,Эксклюзив
Жейл Пингвин халуун наалт 14см*10см N5,Эксклюзив
Жейл Пингвин хүйтэн наалт 14см*10см N5,Эксклюзив
Итокан б/шахм 50мг N30,Эксклюзив
Кальци плас Витамин Д-К2 Минералууд зөөлөн капсул №90 /FACTORS/,Эксклюзив
Кидфлэйм шахмал 600мг №15x4 /Bhargava Phytolab/,Эксклюзив
Кимчи Курут 1500мг N50,Эксклюзив
Кларуктам Цефотаксим+Сульбактам 1000мг+500мг №1,Эксклюзив
Клималанин шахм 400мг N30,Эксклюзив
Кмоксилин шахм 375мг N20,Эксклюзив
Кмоксилин шахм 500мг+125мг N20,Эксклюзив
Ксенетикс уусм 300мг/мл 100мл N1,Эксклюзив
Кудесан шахм 338мг+64мг+30мг N40,Эксклюзив
Кустодиол уусм 1000мл N1,Эксклюзив
Лакто-Фит Бейби N60,Эксклюзив
Лакто-Фит Бьюти N60,Эксклюзив
Лакто-Фит Кидс нунт 2000мг N60,Эксклюзив
Лакто-фит Коре нунтаг 2000мг N60,Эксклюзив
Лакто-Фит нунт 2000мг N50,Эксклюзив
Лакто-Фит Слим 2000мг №60,Эксклюзив
"Леванике 0,5% д/шин 500мг/ 100мл N1",Эксклюзив
"Ливерсол д/шин 65,7% 250мл",Эксклюзив
Лидокайн гель 2% 120гр N1,Эксклюзив
Липиодол ультра флуид 12.8гр 10мл N1,Эксклюзив
Л-Лизин эсцинат т/уусм 1мг/мл-5мл N10,Эксклюзив
Магни В6 шахм N30,Эксклюзив
Магни В6 шахм N50,Эксклюзив
Майлд Аирон капсул №90 /FACTORS/,Эксклюзив
Май-Репт шахм 500мг N100,Эксклюзив
Максиктам-АФ Цефепим+Сульбактам 1000мг+1000мг №1,Эксклюзив
Менифиб шахмал 618мг №20x3 /Bhargava Phytolab/,Эксклюзив
Милдронат капс 500мг N60,Эксклюзив
Милдронат т/уусм 500мг/5мл N10,Эксклюзив
Милк Тистл капсул 250мг №60 /FACTORS/,Эксклюзив
Момулин кид крем 15гр №1 /Firson/,Эксклюзив
Нейрокс т/уусм 50мг/мл-2мл №10 /Сотекс/,Эксклюзив
Нейрокс т/уусм 50мг/мл-5мл №5 /Сотекс/,Эксклюзив
Нейроксон тарилгын уусмал 1000мг-4мл №10 /Артериум/,Эксклюзив
Нимодипин б/шахм [самжин] 30мг N100,Эксклюзив
Нимодипин д/шин [самжин] 10мг 50мл N1,Эксклюзив
Н-Флю капс 30мг N10,Эксклюзив
Н-Флю капс 45мг N10,Эксклюзив
Н-Флю капс 75мг N10,Эксклюзив
Окситоцин-Гриндекс т/уусм 5МЕ/мл 1мл N10,Эксклюзив
Омалокс хөвм 10мл N20,Эксклюзив
Омега 3+ капс 1100мг N180,Эксклюзив
"Оралкон-Ф шахм 0,15мг/0,03мг/ 75мг N84",Эксклюзив
"Отофа чих/д 2,6%-10мл N1",Эксклюзив
Пактол диартол сироп 100мл №1 /Masenz/,Эксклюзив
Пактол коүф ханиадны сироп 100мл №1 /Masenz/,Эксклюзив
Пактол коүф хүүхэд ханиадны сироп 100мл №1 /Masenz/,Эксклюзив
Пантоцид тарилгын нунтаг 40мг №1,Эксклюзив
Педиамин дуслын шингэн 6%-100мл /Dai Han Pharm/,Эксклюзив
Полидекса сп/х 15мл N1,Эксклюзив
ПроОрс сашет 5гр №10 /Humaniqe/,Эксклюзив
Просторал шахмал 600мг №15x2 /Bhargava Phytolab/,Эксклюзив
Ревоке 1.5мг N1,Эксклюзив
Рирокси шахмал 15 мг №30 /Chong Kun Dang/,Эксклюзив
Рирокси шахмал 20 мг №30 /Chong Kun Dang/,Эксклюзив
Санлайф витамин ActiveForWork уус/шх 90гр N20,Эксклюзив
Санлайф витамин В комплекс заж/ш N72,Эксклюзив
Санлайф витамин Кальци+Д3 N150,Эксклюзив
Санлайф витамин Магний уус/шх 200мг N20,Эксклюзив
Санлайф Мультивитамин кидс заж/ш N60,Эксклюзив
Санлайф Мультивитамин кидс уус/шх 80гр N20,Эксклюзив
Санлайф Мультивитамин том хүн заж/ш N30,Эксклюзив
Силапенем тар/н 500мг+500мг N1,Эксклюзив
Синтироксин шахм 100мкг N100,Эксклюзив
Синтироксин шахм 25мкг N100,Эксклюзив
Синтироксин шахм 50мкг N100,Эксклюзив
Синусет шахмал 200мг №20x3 /Bhargava Phytolab/,Эксклюзив
Спектиномицин тар/н 2гр,Эксклюзив
Спирттэй арчдас эмн/х N100,Эксклюзив
Судокрем крем 125гр N1 /Teva/,Эксклюзив
Судокрем крем 60гр N1 /Teva/,Эксклюзив
Сумамед бүрхүүлтэй шахмал 500мг №3 /Teva/,Эксклюзив
Тадалафил 20 мг нунт N10,Эксклюзив
Тамивир капсул 30мг №10,Эксклюзив
Тамивир капсул 30мг №10 ,Эксклюзив
Тамивир капсул 45мг №10,Эксклюзив
Тамивир капсул 75мг №10,Эксклюзив
Тержинан үт/шахм N10,Эксклюзив
Тержинан үт/шахм N6,Эксклюзив
Тиоцетам т/уусм 5мл N10,Эксклюзив
Триам т/уусм 40мг 1мл N10,Эксклюзив
Трифамокс IBL Дуо б/шахм 875мг/ 125мг N14,Эксклюзив
Урса капс 250мг N30,Эксклюзив
Ферролек т/уусм 50мг/мл 2мл N5,Эксклюзив
Фибро шахм 200мг N90,Эксклюзив
Филжен т/уусм 30ОУН N1,Эксклюзив
Ханомицин [ Самжин ] тар/н 1гр N10,Эксклюзив
Хиймэл нулимс Optinol 0.4%-10мл нүд/дус /Jadran/,Эксклюзив
Хиймэл нулимс Optinol гүн чийгшүүлэгчтэй 0.21%-10мл нүд/дус /Jadran/,Эксклюзив
Хуванцар хошуу [фирсон] эмн/х N1,Эксклюзив
Цайр шахмал 50мг №180 /FACTORS/,Эксклюзив
Ценова-L сироп 500мг- 100мл N1,Эксклюзив
Церебролизин 5мл N5,Эксклюзив
Церебролизин т/уусм 10мл N5,Эксклюзив
Церебролизин тарилгын уусмал 2мл N10 /Ever Neuro/,Эксклюзив
Церетон капс 400мг N28,Эксклюзив
Церетон т/уусм 250мг/мл 4мл N5,Эксклюзив
Цефтриаксон тар/н /Юн Жин/ 1гр N1,Эксклюзив
Ципол-Н капс 25мг N50,Эксклюзив
Ципроксин шахм 500мг N10,Эксклюзив
Шингэн хүчил төрөгч Aso 60мл №1 2806,Эксклюзив
Юфлима тарилгын уусмал 40мг - 0.4мл №2 /Celltrion INC/,Эксклюзив
"Янси-30 шахм 3мг+0,03мг N21",Эксклюзив
Alpokol Lolly logenges №50 /Альпен фарм/,Импорт
BD Зүү хамгаалалттай 23Ж (0.6мм х 30мм) 305886 N100 /Becton/,Импорт
BD тариур 10мл түгжээтэй 300912 N100 /Becton/,Импорт
BD тариур 20мл түгжээтэй 300629 N100 /Becton/,Импорт
BD цусны сорьц авах зүү 22Ж (0.7 х 38мм) N100 /Becton/,Импорт
"BD цусны сорьц авах зүү, адаптер 23Ж (0.7 х 25мм) N100 /Becton/",Импорт
Elevit stork Зөөлөн желатин капсул N30 /Байер Консьюмер/,Импорт
Gummies Vita Kids MV №60 /Зөөлөн зажилдаг/,Импорт
Gummies Vita Kids Vit C №60 /Зөөлөн зажилдаг/,Импорт
Immuno Vit D 500IU №30 /шахмал/,Импорт
Vita-C 250 mg tabl Чихэр /Catch! Teenieping/ №10,Импорт
Vital Health капсул №60,Импорт
Vital Био Куркума капсул №90,Импорт
Vital Био Куркума капсул №90 ,Импорт
Vital Бюрн капсул №60,Импорт
Vital Вүман капсул №60,Импорт
Vital Вүман капсул №60 ,Импорт
Vital Дабл Магни капсул №90,Импорт
Vital Детокс капсул №60,Импорт
Vital Детокс капсул №60 ,Импорт
Vital Релакс капсул №60,Импорт
Vital Релакс капсул №60 ,Импорт
Vital Секс капсул №60,Импорт
Vital Секс капсул №60 ,Импорт
Vital Слим капсул №30,Импорт
Vital Слим капсул №30 ,Импорт
Авалтан шахмал 10мг/160мг №30 /Dongkoo Bio/,Импорт
Авалтан шахмал 5мг/160мг №30 /Dongkoo Bio/,Импорт
Аварин 300мг+60мг №30,Импорт
Адаптол капс 300мг N20,Импорт
Адаптол шахм 500мг N20,Импорт
Азарга нүдний дусал 10мг+6.8мг-5мл N1 /Alcon-Couvreur/,Импорт
Азибиот б/шахм 500мг N3,Импорт
Азитро денк капс 250мг N6,Импорт
Азитро денк капс 500мг N3,Импорт
АзитроВис капс /Азитромицин/ 500мг N3,Импорт
АзитроВис хөв/н 100мг 5мл N1,Импорт
АзитроВис хөв/н 200мг 5мл N1,Импорт
Азитромицин /лек/ б/шахм 500мг N3,Импорт
Азитромицин /лек/ хөв/н 200мг/5мл 20мл,Импорт
Аквадетрим Д3 дусал 10мл,Импорт
Аквалор беби дусал 15мл N1,Импорт
Аквалор беби сп 150мл N1,Импорт
Акридерм ГК 10мг/г+1мг/г+0.64мг/г-15г крем №1,Импорт
"Акридерм крем 0,05% 15гр N1",Импорт
Акридерм СK тос/т 15гр N1,Импорт
Алка Зельтцер уус/шх N10,Импорт
Аллохол /даль/ драж N10,Импорт
Алое /даль/ т/уусм 1мл N10,Импорт
Альпикол 120мл сироп №1 /Gustav Klein/,Импорт
Альфагин капс N20,Импорт
Амиокордин т/уусм 150мг 3мл N5,Импорт
Амиокордин шахм 200мг N30,Импорт
Амлесса шахм 4мг + 10мг N30,Импорт
Амлесса шахм 4мг + 5мг N30,Импорт
Амлесса шахм 8мг + 10мг N30,Импорт
Амлесса шахм 8мг + 5мг N30,Импорт
Амлибон NAP 10мг №30,Импорт
Амлибон NAP 5мг №30,Импорт
Амло Денк шахм 10мг N50,Импорт
Амло Денк шахм 5мг N50,Импорт
Амлодипин NAP 10мг N100,Импорт
Амлодипин NAP 5мг N30,Импорт
Амокси-Денк 1000 шахм 1000мг N10,Импорт
Амокси-Денк 500 шахм 500мг N20,Импорт
Амоксиклав 2х б/шахм 1000мг N14,Импорт
Амоксиклав б/шахм 2х 1000мг N10,Импорт
"Амоксиклав Денк б/шахм 500/62,5  мг N16",Импорт
"Амоксиклав Денк б/шахм 500/62,5 мг N16",Импорт
Амоксиклав Денк нунт 1000мг+125 мг N8,Импорт
Амоксиклав Денк нунт 1000мг+125мг N12,Импорт
Амоксиклав тар/н 1.2гр N5,Импорт
Амоксиклав хөв/н 312.5мг/5мл 100мл,Импорт
Амоксиклав шахм 625мг N15,Импорт
Амоксициллин NAP 250мг N100,Импорт
Амприлан шахм 10мг N30,Импорт
Амприлан шахм 5мг N30,Импорт
Анальгин /даль/ т/уусм 50% 2мл N10,Импорт
Анастрозол NAP 1мг N30,Импорт
Анастрозол-Денк б/шахм 1мг N30,Импорт
Анаферон /хүүхэд/ дусал 25мл N1,Импорт
Анаферон /хүүхэд/ шахм N20,Импорт
Анаферон шахм N20,Импорт
Анзибел мед лимон шахм N30,Импорт
Анзибел ментол шахм N30,Импорт
Антифлу кидс нунт N5,Импорт
Антифлу нунт N5,Импорт
Антифлу шахм N12,Импорт
Анузол ш/г/лаа N10,Импорт
Апаурин /Диазепам / шахм 5мг N30,Импорт
Артро актив Денк нунт N14,Импорт
Аспирин С уус/шх 400мг N10,Импорт
Атектура Бризхалер ин/ц 150мкг+320мкг N1,Импорт
Атенолол Денк шахм 50мг N100,Импорт
Аторвастатин NAP 10мг N30,Импорт
Аторвастатин NAP 20мг N30,Импорт
Аторис б/шахм 10мг N30 /КРКА/,Импорт
Аторис б/шахм 20мг N30,Импорт
Аторис б/шахм 40мг N30,Импорт
Афала шахм 0.003г N100 /Materia Medica/,Импорт
Ацецис нунт 200мг N20,Импорт
Ацецис нунт 600мг N10,Импорт
Ацикловир /акр/ тос/т 5% 5гр N1,Импорт
Ацикловир /белм/ шахм 200мг N20,Импорт
Ацикловир Акри шахм 200мг N20,Импорт
Ацикловир Денк тос/т 5% 7гр N1,Импорт
Ацикловир Денк шахм 200мг N25,Импорт
Ацикловир-Акри 400мг шахмал №20,Импорт
АЦЦ актив Нун/уус 600мг N10,Импорт
АЦЦ лонг уус/шх 600мг N10,Импорт
АЦЦ нунт 100мг N20,Импорт
АЦЦ нунт 200мг N20,Импорт
АЦЦ нунт 600мг N6,Импорт
АЦЦ уус/шх 200мг N20,Импорт
Аэртал б/шахм 100мг N60,Импорт
"Аэртал крем 1,5% 60гр N1",Импорт
Аэртал хөвм 100мг/ 3гр N20,Импорт
Бактистатин шахмал 500мг N20 /KRAFT/,Импорт
Бароле капс 20мг N30,Импорт
"Белара б/шахм 0,03 мг+2 мг N21",Импорт
Бепантен крем 100гр N1,Импорт
Бепантен крем 5% 30гр,Импорт
Бепантен мазь 5% 30гр,Импорт
Бепантен мазь 5%-100гр №1,Импорт
Бепантен плюс крем 50мг+5мг/г 30гр,Импорт
Бепантен-дерма бие угаагч гель 200мл №1 /Байер/,Импорт
Бепантен-дерма гарын тос 50ml №1 /Байер/,Импорт
Бепантен-дерма нөхөн сэргээх биеийн лосион 200мл /Байер/,Импорт
Бепантен-дерма тослог тэнцвэржүүлэх биеийн лосион 200мл /Байер/,Импорт
Бетаклав б/шахм 500мг+ 125мг N14,Импорт
Бетаклав б/шахм 875мг+ 125мг N14,Импорт
Бетаклав хөвмөлийн нунтаг 400мг/5мл + 57мг/5мл-70мл N1 /KRKA/,Импорт
Бефрон хөвмөл 100мл/5мл-100мл N1 /Nobel/,Импорт
Бидоп шахм 10мг N28,Импорт
Бидоп шахм 5мг N28,Импорт
Билобил Интенсе 120мг N20,Импорт
Билобил Интенсе капс 120мг N60,Импорт
Билобил капс 40мг N20,Импорт
Билобил Форте капс 80мг N20,Импорт
Бинт /7*14см/ эмн/х N1,Импорт
Бисептол хөвмөл 80мл №1,Импорт
Бициллин-3 тар/н 600000ОУН,Импорт
Бициллин-5 тар/н 1200ОУН,Импорт
"Боботик дусал 66,66мг/мл 30мл",Импорт
Бонджигар капс N20,Импорт
Бонджигар сироп 90мл,Импорт
"Бонспри 20мг т/уусм 20мг -0,4мл N1",Импорт
Бромгексин /акр/ шахм 8мг N20,Импорт
Бромгексин /берл/ сироп 4мг/5мл 60мл N1,Импорт
Бромгексин /берл/ шахм 8мг N25,Импорт
Бронхо Мунал капс 3.5мг N10,Импорт
Бронхо Мунал капс 7мг N10,Импорт
Валидол шахм 60мг+188мг N10,Импорт
Валсартан NAP 160мг N28,Импорт
Вальсакор б/шахм 160мг N28,Импорт
Вальсакор б/шахм 80мг N28,Импорт
Вальсакор Н б/шахм 160мг+12.5мг N28,Импорт
Вальсакор Н б/шахм 80мг+12.5мг N28,Импорт
Вамлосет шахм 10мг/ 160мг N30,Импорт
Вамлосет шахм 5мг/ 160мг N30,Импорт
Вамлосет шахм 5мг/ 80мг N30,Импорт
Верона капс N20,Импорт
Верона капс N60 /Хербион/,Импорт
Верошпирон шахм 25мг N20,Импорт
Виагра б/шахм 100мг N1,Импорт
Виагра б/шахм 100мг N4,Импорт
Виагра б/шахм 50мг N4,Импорт
Вивабон сироп 120мл,Импорт
Вилда Денк 50мг шахм №28,Импорт
Вилдаглиптин NAP 50мг N56,Импорт
Витакап капс N50,Импорт
Витамин В Денк шахм N100,Импорт
Витамин РР /даль/ т/уусм 10мг/мл 1мл N10,Импорт
Вольтарен Эмульгель 1% гель 100гр N1,Импорт
Вольтарен Эмульгель гель 1% 20гр,Импорт
Вольтарен Эмульгель гель 1% 50гр,Импорт
Вольтарен Эмульгель гель 2% 100гр,Импорт
Вольтарен Эмульгель гель 2% 50гр N1,Импорт
ВП вакутайнерийн баригч -22701 N1,Импорт
"ВП тариур 10мл 21G 1/2"" 11061 №1",Импорт
ВП тариур 1мл 27Ж 1/2'' - 10131 N1,Импорт
ВП тариур 3мл 21Ж 1 1/2'' -10361 N1,Импорт
ВП тариур 5мл 21Ж 1/2'' N1,Импорт
ВП уян зүү (pur) 16Ж 1/4 -31641 N1,Импорт
ВП уян зүү (pur) 18Ж 1 1/4'' -31541 N1,Импорт
ВП уян зүү (pur) 20Ж 1/4 -31441 N1,Импорт
ВП уян зүү (pur) 22Ж 1'' -31331 N1,Импорт
ВП уян зүү /pur/ 14Ж*1 1/4''-31741 N1,Импорт
ВП уян зүү /pur/ 24Ж*1 3/4''-31221 N1,Импорт
Галазолин х/дус 0.1% 10мл,Импорт
Галантамин капс 8мг N28,Импорт
Гальвус шахм 50мг N28,Импорт
ГальвусМЕТ б/шахм 50мг+ 850мг N60,Импорт
ГальвусМЕТ б/шахм 50мг+1000мг N60,Импорт
Гарньер бүх төрлийн арьсанд зориулсан витаминС 400мл /7674/,Импорт
Гельминтокс шахм 125мг N6,Импорт
Гельминтокс шахм 250мг N3,Импорт
Гентамицин-К т/уусм 80мг/ 2мл N10,Импорт
Гепа-Мерз Ацино 10мл №10,Импорт
Гепа-Мерз Ацино 5г №30,Импорт
Гепарин /бельм/ т/уусм 5000 ЕД/мл 5мл N1,Импорт
Гепарин /синт/ т/уусм 5000 ед 5мл N1,Импорт
Гепарин т/уусм 5000 ЕД/мл-5мл N5 /Belmed/,Импорт
Гепарин тос/т 25гр,Импорт
Гербион исландын хөвд сироп / хуурай ханиалга / 150мл N1,Импорт
Гербион первоцвета сироп /цэртэй ханиалга/ 150мл,Импорт
Гербион плюща сироп /цэртэй ханиалга/ 7мг/мл 150мл,Импорт
Гербион плюща хүлхмэл шах 35мг №16 /КРКА/,Импорт
Гербион подорожника сироп /таван салаа/ 150мл,Импорт
Гинсомин капс N30,Импорт
Глизид М шахм 500мг+80мг N10,Импорт
Глизид шахм 80мг N270,Импорт
Глимепирид Денк-2 шахм 2мг N30,Импорт
Глимепирид Денк-3 шахм 3мг N30,Импорт
Глюкоза /даль/ т/уусм 40% 10мл N10,Импорт
Глюкозамин/Хондротин 750/600мг N60,Импорт
Гонорой антиген түргэвчилсэн тест N20 /Hangzhou/,Импорт
Гофен капс 400мг N50,Импорт
Грани Денк т/уусм 1мг/мл 1мл N5,Импорт
Грани Денк т/уусм 1мг/мл 3мл N5,Импорт
Грийн энема /тосон клизм/ 20мл N1,Импорт
Грипоблок жуниор нунт/уус N12,Импорт
Грипоблок том хүн нунт/уус N12,Импорт
Гроприносин -Рихтер сироп 250мг/5мл 150мл N1,Импорт
Гроприносин Форте мөхлөг 1000мг №30,Импорт
Гроприносин Форте шахмал 1000мг №30,Импорт
Гроприносин шахм 500мг N20,Импорт
Гроприносин шахм 500мг N50,Импорт
Гүүд найт Денк капсул №60,Импорт
"Дайжест Актив капс 17,91гр N30",Импорт
Далацин капс 150мг N16,Импорт
Далацин капс 300мг N16,Импорт
Данноза Уро-Акут повдер N14 Master Pharm,Импорт
Данноза Уро-Пролонг повдер N14 Master pharm,Импорт
Дапапрозин шахмал 10мг №28 /Dongkoo Bio/,Импорт
Дексалгин 25мг нунтаг N10 /Берлин-Хеми/,Импорт
Дексалгин 25мг шахмал N20 /Берлин-Хеми/,Импорт
Дексалгин 50мг/2мл №5 тар/уусмал /Берлин Хеми/,Импорт
Дексалгин бүрхүүлтэй шахмал 25мг N20 /Nobel/,Импорт
Дексалгин гель 12.5мг/1г-60 г №1 /Nobel/,Импорт
Дексалгин т/уусм 50мг/ 2мл N6,Импорт
"Дексаметазон /белм/ нүд/дус 0,1% 5мл",Импорт
Дексаметазон т/уусм 4мг 1мл N1,Импорт
Денк- Брэйн актив шахм N30,Импорт
Денк Д3 Юниор шахм 500 ОУН N100,Импорт
Денк-Витактив капс В12 100ҮУН N30,Импорт
Денк-Витамин Д3 актив шахм N100,Импорт
Денк-Тимэйр шахм N20,Импорт
Денк-Эйр б/шахм 10мг N28,Импорт
Денк-Эйр Юниор заж/ш 4мг N28,Импорт
Денк-Эйр Юниор заж/ш 5мг N28,Импорт
Депакин Хроно шахм 300мг N100,Импорт
Дермобактер уусм 125мл N1,Импорт
Деслора Денк б/шахм 5мг N10,Импорт
Диазепам /Апаурин/ т/уусм 5мг/мл 2мл N10,Импорт
Диакарб шахм 250мг N30,Импорт
Дибазол /даль/ т/уусм 1% 5мл N10,Импорт
Диклак-АйДи /Диклофенак/ шахм 150мг N100,Импорт
Дикло Денк 100 ректал ш/г/лаа 100мг N10,Импорт
Дикло Денк 100 Ретард шахм 100мг N100,Импорт
Дикло Денк 75 т/уусм 75мг 3мл N10,Импорт
Дикло Денк шахм 50мг N100,Импорт
Дилакса капс 100мг N10,Импорт
Дилакса капс 200мг N10,Импорт
Димедрол /даль/ т/уусм 1% 1мл N10,Импорт
Диован б/шахм 160мг N14,Импорт
Диован б/шахм 80мг N14,Импорт
Диротон шахм 10мг N28,Импорт
Диротон шахм 20мг N28,Импорт
Диротон шахм 5мг N28,Импорт
Дистрептаза эм/лаа 15000 ОУН + 1250 ОУН N6,Импорт
Дифлазон 50мг N7,Импорт
Дифлазон капс 150мг N1,Импорт
Дифлюкан д/шин 2мг/мл 50мл,Импорт
Дифлюкан капс 150мг N1,Импорт
Дифлюкан капс 50мг N7,Импорт
Дицинон т/уусм 250мг /2мл N50,Импорт
Дицинон шахм 250мг N100,Импорт
Докси Денк шахм 200мг N8,Импорт
Докси-Денк шахм 100мг N20,Импорт
Доксициклин капс 100мг N10,Импорт
Доксициклин штада шахм 100мг N10,Импорт
Дриклор 20мл,Импорт
Дуовит /Эм/ б/шахм N30,Импорт
Дуовит /Эр/ б/шахм N30,Импорт
Дуовит б/шахм N40,Импорт
Дюфастон шахм 10мг N20,Импорт
Енат 400 капс N30,Импорт
Енат крем 50гр N1,Импорт
Жилоба 40мг N30,Импорт
"Жойнт актив шахм 80+15+2,25мг N30",Импорт
Земан-СХ капс N30,Импорт
Зилт шахм 75мг N28,Импорт
Зовиракс крем 5% 2гр,Импорт
Зодак б/шахм 10мг N10,Импорт
Золедро Денк т/шин 4мг 5мл N1,Импорт
Зүрхний Myoglobin 50ng/ml /CK-MB 5ng/ml /Troponin I 0.5ng/ml Combo түргэвчилсэн тест N1,Импорт
Ибупрофен Денк б/шахм 600мг N20,Импорт
Ибупрофен Денк шахм 400мг N100,Импорт
Ибуфен бөөрөлзгөнө ууж хэрэглэх хөвмөл 100мг/5мл-100мл №1 /Medana/,Импорт
Ибуфен хөвм 100мг/5мл 100мл,Импорт
Ибуфен Юниор капсул 200мг №10 /Polpharma S.A/,Импорт
Ибуфен Юниор капсул 200мг №10 /Polpharma S.A/ ,Импорт
Идеос заж/ш N30,Импорт
Идэвхижүүлсэн нүүрс шахм 250мг N10,Импорт
Иммун актив + Д3 нунтаг N20 /Denk/,Импорт
Иммун актив нунт 40гр N20,Импорт
Иммунал шахм 80мг N20,Импорт
Иммуновис плюс кидс сироп 150мл N1,Импорт
Иммуновис плюс кидс шахм N60,Импорт
Иммуновис плюс шахм N30,Импорт
Иноклим капс N30,Импорт
Инсти Без сахар мөхл N5,Импорт
Инсти Кидс мөхл N5,Импорт
Инсти Лимон мөхл N5,Импорт
Инсти мөхл N5,Импорт
Интеллан капс N20,Импорт
Интеллан сироп 90мл,Импорт
Инфлюцид А шахмал N40,Импорт
Инфулган 100мл,Импорт
Йодомарин 100мкг шахмал N100 /Berlin Chemie/,Импорт
Кавинтон т/уусм 5мг/мл 2мл N10,Импорт
Кавинтон Форте шахм 10мг N30,Импорт
Кавинтон шахм 5мг N50,Импорт
Кальцемин Адванс шахм N120,Импорт
Кальцемин Адванс шахм N30,Импорт
Кальцемин Адванс шахм N60,Импорт
Кальцемин Силвер шахм N60,Импорт
Кальцемин сильвер бүрхүүлтэй шахмал №120,Импорт
Кальцемин сильвер бүрхүүлтэй шахмал №30,Импорт
Кальцемин шахм N120,Импорт
Кальцемин шахм N30,Импорт
Кальцемин шахм N60,Импорт
Кальци актив уус/шх 500мг N20,Импорт
Кальци Д Денк уус/шх 1000мг+880 ОУН N20,Импорт
Кальци Д3 Никомед апельсин заж/ш 500мг+200 ОУН N60,Импорт
Кальци хлорид /даль/ т/уусм 10% 10мл N10,Импорт
Кальцивита Форте зөөлөн капсул 600мг №30 /Mega Life/,Импорт
Каптоприл HCT Денк шахм 50/25мг N100,Импорт
Карбамазепин /акр/ шахм 200мг N50,Импорт
Карведи Денк 6.25мг N30,Импорт
Кардиомагнил шахм 75мг N100,Импорт
Кардура шахм 4мг N30,Импорт
Квамател т/уусм 20мг 5мл N5,Импорт
Кверцетин шахмал 500мг N60 Фармавижн,Импорт
Кеналог т/уусм 40мг 1мл N5,Импорт
Кетонал гель 2.5% 50гр,Импорт
Кетонал Дуо капс 150мг N30,Импорт
Кетонал капс 50мг N25,Импорт
Кетонал крем 5% 30гр,Импорт
Кетонал т/уусм 100мг 2мл N10,Импорт
Кетонал Форте шахм 100мг N20,Импорт
Кетонал ш/г/лаа 100мг N12,Импорт
Кларотадин шахм 10мг N10,Импорт
Климаксан хүлх/ш N20,Импорт
Клион Д эм/шх 100мг+100мг N10,Импорт
Клопи Денк б/шахм 75мг N30,Импорт
Клопина шахмал 75мг №30 /Dongkoo Bio/,Импорт
Клотри Денк крем 1% 20гр,Импорт
Клотри Денк эм/шх 100мг N6,Импорт
Кмоксилин хуурай сироп 4:1 156.25мг/5мл-50мл №1 /Chong Kun Dang Pharm/,Импорт
Кмоксилин хуурай сироп 7:1 228мг/5мл-50мл №1 /Chong Kun Dang Pharm/,Импорт
Ко-Амлесса шахм 4мг+10мг+1.25мг N30,Импорт
Ко-Амлесса шахм 8мг+10мг+2.5мг N30,Импорт
"Ко-Диован б/шахм 160мг+12,5мг N14",Импорт
"Ко-Диован б/шахм 80мг/12,5мг N14",Импорт
"Ко-Диротон шахм 10мг + 12,5мг N30",Импорт
"Ко-Диротон шахм 20мг + 12,5 N30",Импорт
Кокарбоксилаза /микро/ тар/у/н 50мг N5,Импорт
Кокарбоксилаза /ферейн/ тар/н/у 50мг N5,Импорт
Колдисепт хамрын цацлага 20мл N1,Импорт
Колдисепт хамрын цацлага 20мл N1 ,Импорт
Колдисепт хоолойн цацлага 20мл N1,Импорт
Колдисепт хоолойн цацлага 20мл N1 ,Импорт
Конкор шахм 10мг N30,Импорт
Конкор шахм 10мг N50,Импорт
Контрактубекс гель 20гр N1,Импорт
"Ко-Пренесса шахм 2мг/0,625мг N30",Импорт
Ко-Пренесса шахм 4мг + 1.25мг N30,Импорт
"Ко-Пренесса шахм 8мг/2,5мг N30",Импорт
Кордиамин т/уусм 2мл N10,Импорт
Креамагнес плас Денк нунт №20,Импорт
Кречек шахмал 10мг №30 /Hanlim Pharm/,Импорт
Кречек шахмал 20мг №30 /Hanlim Pharm/,Импорт
Кристал Вижн нүд/дус 10мл N1,Импорт
Ксолар тар/н 150мг N1,Импорт
Кумданг-2 т/уусм 2мл N8,Импорт
Курантил шахм 25мг N120,Импорт
Лактонатал+DHA шахм N30,Импорт
Лактотун Вагинал баланс үт/кап 350мг N10,Импорт
Лансопрол капсул 30мг N28 /Нобел/,Импорт
"Лансопрол капсул, бүрхүүлтэй 30мг №14 /Nobel/",Импорт
Леваксела б/шахм 500мг N10,Импорт
Леваксела шахм 250мг N10,Импорт
Лево Денк б/шах 500мг N10,Импорт
Левофлокс-Денк д/шин 5мг/мл 100мл N1,Импорт
Лензетто гадуур хэрэглэх цацлага 1.53мг,Импорт
"Летрозол-Денк шахм 2,5мг N30",Импорт
Либексин шахм 100мг N20,Импорт
Либидо леди Денк капс N30,Импорт
Ливер актив Денк капсул №60 50мг+150мг,Импорт
Ливолин Форте капс N30,Импорт
Ливолук сироп 10гр/15мл 100мл,Импорт
Лидокайн /даль/ т/уусм 2% 2мл N10,Импорт
Линекс дусал 8мл N1,Импорт
Линекс капс 12 000 000 КФ нэгж N16,Импорт
Линекс Малыш нунт N20,Импорт
Линекс форте капс N28,Импорт
Линкас Бальзам тос/т 25гр,Импорт
Линкас Без сахар сироп 120мл,Импорт
Линкас Без сахар сироп 90мл,Импорт
Линкас Мед лимон хүлх/ш N16,Импорт
Линкас Ментол хүлх/ш N16,Импорт
Линкас Оранж хүлх/ш N16,Импорт
Линкас Плюс сироп 120мл,Импорт
Линкас сироп 120мл,Импорт
Линкас сироп 90мл,Импорт
Лиотон 1000 гель 50гр N1,Импорт
Лирика шахмал 75мг №56 /Pfizer Manufacturing/,Импорт
Лозар Денк б/шахм 25мг N28,Импорт
Лозар Денк шахм 100мг N28,Импорт
Лозар Денк шахм 50мг N28,Импорт
Лордес бүрхүүлтэй шахмал 5мг N10 /Нобел/,Импорт
Лордес сироп 2.5мг/5мл-150мл N1 /Нобел/,Импорт
Лордестин б/шахм 5мг N30,Импорт
Лориста б/шахм 100мг N28,Импорт
"Лориста Н 100 шахм 100мг/12,5мг N28",Импорт
"Лориста Н шахм 50мг+12,5мг N28",Импорт
Лориста НД шахм 100мг+25мг N28,Импорт
Лориста шахм 25мг N28,Импорт
Лориста шахм 50мг N28,Импорт
Л-Тироксин шахм 100мг N50,Импорт
Л-Тироксин шахм 100мкг N50 Берл,Импорт
Л-Тироксин шахм 50мкг N50,Импорт
Л-Тироксин шахмал 75мкг №50 /Берлин-Хеми/,Импорт
Маалокс заж/ш 400мг N20,Импорт
Магнес актив нунт 300мг N30,Импорт
Магнес директ Денк нунт N30,Импорт
Магнес-Денк капс 150мг N50,Импорт
Макропен шахм 400мг N16,Импорт
Матевер шахм 500мг N30,Импорт
Матевер шахм 750мг N30,Импорт
Мегасэф б/шахм 250мг N10 Нобел,Импорт
Мегасэф б/шахм 250мг N10 Нобел ,Импорт
Мегасэф б/шахм 500мг N20 Нобел,Импорт
Мегасэф тарилгын нунтаг 250мг N1 Нобел,Импорт
Мегасэф тарилгын нунтаг 750мг N1 Нобел,Импорт
Медрол шахм 16мг N50,Импорт
Медрол шахм 4мг N30,Импорт
Мезим капс 10000ОУН N20,Импорт
Мезим капс 25000ОУН N20,Импорт
Мезим форте шахм 10000 ОУН N20,Импорт
Мезим форте шахм N20,Импорт
"Мелбек т/уусм 1,5мл N3",Импорт
Мелбек Форт шахмал 15мг N30 /Nobel/,Импорт
"Мелбек шахм 7,5мг N30",Импорт
Мен актив Денк капс N60,Импорт
Мертенил б/шахм 10мг N30,Импорт
Мертенил б/шахм 20мг N30,Импорт
Метлонг шахм 500мг N10,Импорт
Метоклопрамид тарилгын уусмал 0.5%-2мл N5 /Polpharma S.A/,Импорт
Метоклопрамид шахм 10мг N50,Импорт
Метформин NAP 1гр N60,Импорт
Метформин NAP 500мг N60,Импорт
Метформин Денк шахм 1000мг N30,Импорт
Метформин Денк шахм 500мг N100,Импорт
Метформин Денк шахм 850мг N120,Импорт
Миг /ибупрофен/ 2% 100мл N1,Импорт
Миг /ибупрофен/ 4% 100мл N1,Импорт
Миг шахм 400мг N20,Импорт
"Мидиана б/шахм 3мг/0,03мг N21",Импорт
Мидокалм т/уусм 100мг 1мл N5,Импорт
Мидокалм шахм 150мг N30,Импорт
Мидокалм шахм 50мг N30,Импорт
Микосист капс 100мг N28,Импорт
Микосист капс 150мг N1,Импорт
Микосист капс 50мг N7,Импорт
Микосист капсул 150мг N2 /Гедеон Рихтер ТГ/,Импорт
Мифортик б/шахм 180мг N120,Импорт
Модитен Депо т/уусм 25мг-1мл N5,Импорт
МоксиВижн б/шахм 400мг N7,Импорт
Назол Адванс сп 15мл N1,Импорт
Назол спрей 15мл,Импорт
Наклофен Дуо капс 75мг N20,Импорт
Наклофен т/уусм 75мг 3мл N5,Импорт
Наком шахм 250мг/25мг N100,Импорт
Налгезин б/шахм 275мг N10,Импорт
Налгезин Форте б/шахм 550мг N10,Импорт
Нат С 1000мг N30,Импорт
Натальсид ш/г/лаа 250мг N10,Импорт
Нат-В капс N30,Импорт
НБЛ Глюкозамин 750мг/Хондроитин 600мг шахмал N90 /Nobel/,Импорт
Небилет шахмал 5мг №28 /Берлинхими/,Импорт
Небутамол уусм 1мг/мл - 2мл N10,Импорт
Нейромидин т/уусм 15мг/мл 1мл N10,Импорт
Нейромидин т/уусм 5мг/мл 1мл N10,Импорт
Нейромидин шахм 20мг N50,Импорт
Нейроцитин д/шин 10мг 100мл,Импорт
Нейроцитин д/шин 10мг 200мл N1,Импорт
Никсар 10мг хүүхэд N10 /Берлин-Хеми/,Импорт
Никсар 10мг хүүхэд N30 /Берлин-Хеми/,Импорт
Никсар шахм 20мг N10,Импорт
Никсар шахмал 20мг N30 /Берлин-Хеми/,Импорт
Нимезил нунт 100мг N30,Импорт
Нипертен шахм 10мг N30,Импорт
Нипертен шахм 5мг N30,Импорт
Нистатин шахм 500'000 ЕД N20,Импорт
Нифеди Денк шахм 10мг N100,Импорт
Нифеди Денк шахм 20мг N100,Импорт
Новинет шахм N21,Импорт
Нолицин шахм 400мг N10,Импорт
Нолицин шахм 400мг N20,Импорт
Нольпаза тар/н 40мг N10,Импорт
Нольпаза шахм 20мг N28,Импорт
Нольпаза шахм 40мг N28,Импорт
Ноофен капс 250мг N20,Импорт
Ноофен Нун/уус 500мг N5,Импорт
Ноофен нунт 100мг N15,Импорт
Нордепласт даавуун шархны эмн/х наалт [Aloe care] N16,Импорт
Нордепласт даавуун шархны эмн/х наалт [Silver protect] N16,Импорт
Нордепласт даавуун шархны эмн/х наалт 72×19мм N10,Импорт
Нордепласт Доргио эмн/х зөөлрүүлэгчтэй шархны наалт [Antishok] N10,Импорт
Нордепласт нурууны өвчин эмн/х намдаах наалт  [EcoMent] 10×15cm N1,Импорт
Нордепласт нурууны өвчин эмн/х намдаах наалт [EcoMent] 10×15cm N1,Импорт
Нордепласт нэхээсгүй шархны эмн/х наалт [Sensitive] N16,Импорт
Нордепласт перцтэй халуун эмн/х наалт [EcoHot] 10×15cm N1,Импорт
Нордепласт пластик шархны эмн/х наалт [Universal] N16,Импорт
Нордепласт тунгалаг шархны эмн/х наалт [Clear] N16,Импорт
Нордепласт уян даавуун эмн/х шархны наалт [For fingers] N14,Импорт
Нордепласт уян тунгалаг шархны эмн/х наалт [Aqua stop] N16,Импорт
Нордепласт үүний наалт эмн/х [Salidisk] N6,Импорт
Нордепласт хатуу уян эмн/х материалтай шархны наалт [Sport] N16,Импорт
Нордепласт шархны наалт эмн/х [Fantasy Tattoo] N10,Импорт
Нордепласт шархны наалт эмн/х [Junior pirate] N10,Импорт
Нормобакт форте №10,Импорт
Нормодипин шахм 10мг N30,Импорт
Нормодипин шахм 5мг N30,Импорт
Но-шпа т/уусм 20мг/мл 2мл N25,Импорт
Озапекс шахм 10мг N28,Импорт
Окситоцин /гедеон/ т/уусм 5 ОУН 1мл N5,Импорт
"Октамед Мэс заслын бичил нүхтэй наалт 9,14м x 1,25см эмн/х N1",Импорт
"Октамед Мэс заслын бичил нүхтэй наалт 9,14м x 2,5см эмн/х N1",Импорт
"Октамед Мэс заслын тунгалаг даавуун наалт 9,14м x 2,5см эмн/х N1",Импорт
Октамед Нэхээсгүй ариутгасан шархны наалт 9см x 25см эмн/х N1,Импорт
Октамед Нэхээсгүй ариутгасан шархны наалт 9см x 30см эмн/х N1,Импорт
Октамед Тунгалаг ариутгасан уян зүүний наалт 6см x 7см эмн/х N1,Импорт
Омник Окас шахм 114мг N30,Импорт
Он.сетрон-Денк шахм 4мг N6,Импорт
Он.сетрон-Денк шахм 8мг N6,Импорт
Онбрез бризхайлер 300мкг /30капс+1 ингалятор/ N30 N1,Импорт
Оспамокс б/шахм 1000мг N12,Импорт
Оспамокс хөв/н 250мг/5мл 30*2мл,Импорт
Оспамокс шахм 500мг N12,Импорт
Остеомин нунт 1500мг+ 1200мг N30,Импорт
Остесан Юниор Денк заж/ш N30,Импорт
"Отривин Ментол сп 0,1% 10мл",Импорт
Отривин сп 0.1% 10мл,Импорт
Отривин х/дус 0.05% 10мл,Импорт
Пайлопасс шахм N14,Импорт
Панадол Беби сироп 120мг/5мл 100мл,Импорт
Панадол лаа 125мг N10,Импорт
Панангин 140мг+158мг №60 /бүрхүүлтэй шахмал/,Импорт
Панангин т/уусм 400мг+452мг 10мл N5,Импорт
Панангин форте б/шахм 316мг+280мг N60,Импорт
Панангин шахм 140мг+158мг N50,Импорт
Панзинорм Форте N30,Импорт
Панто Денк б/шахм 20мг N28,Импорт
Панто Денк шахм 40мг N28,Импорт
Пантодерм тосон түрхлэг 5%-30г N1 /Akrikhin/,Импорт
Пара Денк ш/г/лаа 125мг N10,Импорт
Пара Денк ш/г/лаа 250мг N10,Импорт
Парако Денк шахм 500/30мг N20,Импорт
Пентилин т/уусм 20мг/мл N5,Импорт
Пептазол шахмал 20мг №28 /Hanlim Pharm/,Импорт
Пептазол шахмал 40мг №28 /Hanlim Pharm/,Импорт
Пиковит /1+/ сироп 150мл,Импорт
Пиковит форте /7+/ хүлх/ш N30,Импорт
Пиковит Юник б/шахм 3+ N27,Импорт
Пирацетам /даль/ т/уусм 20% 5мл N10,Импорт
Пирацетам /ферейн/ т/уусм 20% 5мл N10,Импорт
Полижинакс эм/лаа N6,Импорт
Прегабалин KRKA 75мг №56,Импорт
Прегабалин Денк 150мг №28,Импорт
Прегабалин Денк 75мг №28,Импорт
Прегабалин капс 150мг N56,Импорт
Прегабалин капс 75мг N14,Импорт
Прегабалин КРКА капс 150мг N56,Импорт
Предизин б/шахм 35мг N60,Импорт
Преднизол т/уусм 30мг/мл 1мл N3,Импорт
Пренатал Денк шахм N30,Импорт
Пренатал Денк+DHA шахм N60,Импорт
Пренесса шахм 4мг N30,Импорт
Пренесса шахм 8мг N30,Импорт
ПроБиоВижн Акют шахм N6,Импорт
"ПроБиоВижн Беби+ Д3 дусал 7,5мл N1",Импорт
ПроБиоВижн кидс нунт N10,Импорт
Пробиовишн Пайвер нунт N30,Импорт
"Програф капс 0,5мг N50 /Astellas/",Импорт
Проспан дусал 2гр 20мл,Импорт
Проспан сироп 7мг/мл 100мл,Импорт
Простамед б/шахм /200мг+100мг/ N120,Импорт
Простамед б/шахм 200мг+100мг N60,Импорт
Простамол уно капс N30,Импорт
Псило бальзам гель 1% 20гр,Импорт
Раеном б/шахм 5мг N56,Импорт
"Раеном б/шахм 7,5мг N56",Импорт
"Реамберин д/шин 1,5% 400мл",Импорт
Револейд бүрхүүлтэй шахмал 50мг №28 /Glaxo Operations/,Импорт
Регулон шахм N21,Импорт
РелиБаланс хөвмөл N20 /Байер Консьюмер/,Импорт
Релиф Адванс N12,Импорт
"Релиф адванс мазь 28,4гр",Импорт
Релиф лаа N12,Импорт
"Релиф тос/т 28,4гр",Импорт
Релиф Ультра N12,Импорт
Ремаксол д/шин 400мл  /Полисан/,Импорт
Ремаксол д/шин 400мл /Полисан/,Импорт
Ремантадин шахм 50мг N20,Импорт
Ренгалин 100мл,Импорт
Ренгалин N20,Импорт
Ренни жүрж хүлх/ш N24,Импорт
Ренни хүлх/ш N24,Импорт
Ренни хүлх/ш N12,Импорт
Реосорбилакт д/шин 400мл N1,Импорт
Реосорбилакт т/уусм 200мл N1,Импорт
Речарж актив денк мөхлөг 72гр N12,Импорт
Рибоксин /белм/ б/шахм 200мг N50,Импорт
Рибоксин /даль/ т/уусм 2% 5мл N10,Импорт
Рибоксин /даль/ т/уусм 20мг/мл 10мл N10,Импорт
Риногель спрей 20мл N1,Импорт
Рироксбан шахмал 15мг №30 /Hanmi Pharm/,Импорт
Рироксбан шахмал 20мг №30 /Hanmi Pharm/,Импорт
Роксера б/шахм 10мг N28,Импорт
Роксера б/шахм 20мг N28,Импорт
Роксера б/шахм 5мг N28,Импорт
Савис шахм 2мг N28,Импорт
"Салин сп 6,5мг/мл 30мл",Импорт
Сандиммун Неорал капс 25мг N50,Импорт
Сандиммун Неорал капс 50мг N50,Импорт
"Сандостатин т/уусм 0,1мг/мл 1мл N5",Импорт
Сандостатин т/уусм 0.05мг/мл 1мл N5,Импорт
Сарлотан шахмал 100мг №30 /Chong Kun Dang Pharm/,Импорт
Сарлотан шахмал 50мг №30 /Chong Kun Dang Pharm/,Импорт
Сарс Ковид-2 антиген түргэвчилсэн тест N1 /Hangzhou/,Импорт
"СептаНазал кидс сп/х 5мг+0,05мг 10мл N1",Импорт
"СептаНазал сп/х 5мг+0,1мг 10мл N1",Импорт
Септолет тотал хүлх/ш лимон+зөгийн бал 3мг+1мг N16,Импорт
Септолете Тотал Пастилки хүлх/ш N16,Импорт
Септолете Тотал хүлх/ш нимбэг+гандигар N16,Импорт
"Септолете Тотал сп 1,5мг/5мг 30мл N1",Импорт
"Сертикан шахм 0,25мг N60",Импорт
"Сертикан шахм 0,75мг N60",Импорт
Сибрава т/уусм 284мг- 1.5мл N1,Импорт
Симбринза нүдний дусал 10мг/мл+2мг/мл-5мл N1 /Alcon-Couvrier/,Импорт
Синафлан /акр/ тос/т 0.025% 10гр,Импорт
Синглон б/шахм 10мг N28,Импорт
Синглон б/шахм 4мг N28,Импорт
Синглон заж/ш 5мг N28,Импорт
Синекод дусал 5мг/мл 20мл,Импорт
"Синекод сироп 1,5мг/мл 200мл",Импорт
Сиофор б/шахм 850мг N60,Импорт
Сиофор шахм 1000мг №60 /Берлин-Хеми/,Импорт
Сиофор шахмал 1000мг №30 /Berlin Chemie/,Импорт
Скафо тар/н 150мг N1,Импорт
Солидагорен уусм 50мл N1,Импорт
Солпадиен актив шахм 500мг+ 65мг N12,Импорт
Солу Медрол тар/у/н 1000мг,Импорт
Солу Медрол тар/у/н 500мг N1,Импорт
Солу-Кортеф тарилгын нунтаг 100мг №1 /Pfizer/,Импорт
Спонекс капсул 100мг №30 /Dongkoo Bio/,Импорт
Стопдиар б/шахм 100мг N24,Импорт
Стопдиар хөвм 220мг/5мл 90мл,Импорт
Стреп А түргэвчилсэн тест кассет N1 /Hangzhou/,Импорт
Сульфасалазин б/шахм 500мг N50,Импорт
Супрадин кидс Иммуно заж/паст N30,Импорт
Супрадин кидс Иммуно заж/паст N60,Импорт
Супрадин кидс Мишки заж/паст N30,Импорт
Супрадин кидс Рыбки заж/паст N30,Импорт
Супрадин кидс Рыбки заж/паст N60,Импорт
Супрадин кидс үрэл N60,Импорт
Супрадин кидс үрэл N90,Импорт
Тайлол Колд сироп 160мг+1мг 100мл,Импорт
Тайлол хот N12,Импорт
Тайлол хот хүүхдийн N12,Импорт
Тамоксифен NAP 20мг N30,Импорт
Тамсол шахм 4мг N30,Импорт
Тауфон нүд/дус 4% 5мл,Импорт
Тебантин капс 300мг N100,Импорт
Тебантин капс 300мг N50,Импорт
Текназол капс 100мг N15,Импорт
Телмиста 40мг N28,Импорт
Телмиста 80мг N28,Импорт
Тенокс шахм 10мг N30,Импорт
"Тенотен/том хүн/ шахм 0,003гр N40",Импорт
"Тенотен/хүүхэд/ шахм 0,003гр N40",Импорт
Теотард капс 200мг N40,Импорт
Теотард шахм 350мг N40,Импорт
Терафлекс N120,Импорт
Терафлекс N30,Импорт
Терафлекс N60,Импорт
Терафлекс адванс N120,Импорт
Терафлекс Адванс капс N60,Импорт
Терафлекс Ультра капсул №60 /Байер/,Импорт
Терафлекс хондрокрем форте крем 30гр N1,Импорт
Терафлю лимон нунт N10,Импорт
Тивортин дуслын шингэн 42мг-100мл N1 /Юрия-Фарма/,Импорт
Тималин /белм/ тар/н 10мг N5,Импорт
"Тимолол-Акос нүд/дус 0,5% 5мл N1",Импорт
Тинидазол б/шахм 500мг N4,Импорт
Тиовис шахм 600мг N30,Импорт
Тиозид тарилгын уусмал 4мг/2мл N6 /IDOL/,Импорт
Тиозид шахмал 8мг N20 /Нобел/,Импорт
Тирозол б/шахм 10мг N50,Импорт
Тирозол б/шахм 5мг N50,Импорт
ТобраВис Комбо нүд/дус 1мг+3мг 5мл N1,Импорт
ТобраВис нүд/дус 3мг/мл 5мл N1,Импорт
Тобрадекс нүд/дус 5мл N1,Импорт
Товаст шахмал 20мг №30 /Hanmi Pharm/,Импорт
Товаст шахмал 40мг №30 /Hanmi Pharm/,Импорт
Томуугийн А+Б хүрээний түргэвчилсэн тест кассет N1 /Hangzhou/,Импорт
"Томуугийн АВ + Сарс, Ковид 19 Ag түргэвчилсэн тест N25",Импорт
Торамат б/шахм 25мг N60,Импорт
Торамат б/шахм 50мг N60,Импорт
Торас Денк шахм 10мг N30,Импорт
Торас Денк шахм 5мг N30,Импорт
"Торенто Ку-таб шахм 0,5мг N30",Импорт
Торенто Ку-таб шахм 1мг N30,Импорт
Тотема уусм 10мл N20,Импорт
Трамадол Денк т/уусм 100мг/мл 2мл N5,Импорт
Трамадол Денк уус/шх 50мг N10,Импорт
Трамадол капс 50мг N20,Импорт
Трамадол т/уусм 100мг 2мл N5,Импорт
Транексамийн хүчил тарилгын уусмал 100мг/мл-5мл N5 /Lekhim Kharkiv/,Импорт
Трахисан хүлх/ш N20,Импорт
Трифас 10мг №30 шахмал /Берлин Хеми/,Импорт
Трифас 10мг №30 шахмал /Берлин Хеми/,Импорт
Трифас 5мг №30 шахмал /Берлин Хеми/,Импорт
Трифас 5мг №30 шахмал /Берлин Хеми/,Импорт
Трифас 5мг №30 шахмал /Берлин Хеми/,Импорт
Тромбопол бүрхүүлтэй шахмал 150мг №60 /Pharmaceutical/,Импорт
Тромбопол бүрхүүлтэй шахмал 75мг N60 /Polpharma/,Импорт
Улькавис б/шахм 120мг N112,Импорт
Улькавис б/шахм 120мг N56,Импорт
Ультрокс Бүрхүүлтэй шахмал 10мг №28 /Нобел/,Импорт
Ультрокс Бүрхүүлтэй шахмал 20мг №28 /Нобел/,Импорт
"Уназин тар/н 1,5гр",Импорт
Уропрост шахм 12мг+250мг+ 5мг N60,Импорт
Фаринго спрей оранж 20мл N1,Импорт
Фаринго спрэй 20мл N1,Импорт
Фаринго Чупс хүлх/ш 200гр N25,Импорт
Фарингомед шахм N20,Импорт
Фариностим хүлх/ш N40,Импорт
"Фарматекс эм/лаа 18,9мг N10",Импорт
"Фастум гель 2,5%- 50гр N1",Импорт
Фезам капс 400мг+ 25мг N60,Импорт
Фемостон б/шахм 2мг+10мг N28,Импорт
Фенза капс N30,Импорт
Фенистил гель 30гр,Импорт
"Фенистил Нью дусал 0,1% 20мл",Импорт
Фенкарол шахм 10мг N20,Импорт
Фенкарол шахм 25мг N20,Импорт
Фенкарол шахм 50мг N15,Импорт
Ферро витал Денк заж/ш N30,Импорт
Ферровит капс N50,Импорт
Ферро-Денк 50мг N50,Импорт
Феррум лек заж/ш 100мг N30,Импорт
Феррум лек сироп 5мг/5мл 100мл,Импорт
Феррум лек т/уусм 100/2мл N5,Импорт
Фертило Леди Капс Денк капсул №60 /Денк фарма/,Импорт
"Фертило форте капс 46,7гр N60",Импорт
Фертило форте нунт 84гр N30,Импорт
Флавамед 15мг/5мл-100мл,Импорт
Флавамед 15мг/5мл-100мл ,Импорт
Флавамед макс 60мг №10 уусгаж хэрэглэх шахмал,Импорт
Флавамед форте 30мг/5мл-100мл,Импорт
Флавамед форте 30мг/5мл-100мл ,Импорт
Флавамед форте 30мг/5мл-100мл ,Импорт
Флавамед шахм 30мг №20,Импорт
Флебодиа б/шахм 600мг N30,Импорт
Флексид б/шахм 500мг N10,Импорт
Флукона Денк капс 100мг N10,Импорт
Флукона Денк шахм 150мг N1,Импорт
Флюдитек сироп 20мг/мл 125мл,Импорт
Фромилид Уно шахм 500мг N14,Импорт
Фромилид хөвм 125мг/5мл 30*2мл,Импорт
Фромилид шахм 250мг N14,Импорт
Фромилид шахм 500мг N14,Импорт
Фунгостатин хөвмөлийн нунтаг 100.000 ОУН/мл-60мл N1 /Nobel/,Импорт
Фурасол нунт 100мг N5,Импорт
Фуро-Денк 40 шахмал 40 мг №100,Импорт
Хамар угаагч баллон №1 /Waterpulse Shanghai/,Импорт
Хамар угаагч давс №30 /Waterpulse Shanghai/,Импорт
Ханми тамс капсул 0.4мг №30 /Hanmi Pharm/,Импорт
Хважин Зүү 20Ж эмн/х 20гр N1,Импорт
Хважин Зүү 21Ж эмн/х 10гр N1,Импорт
Хважин Зүү 22Ж эмн/х 5гр N1,Импорт
Хважин Зүү 23Ж эмн/х 3гр N1,Импорт
Хважин тариур 10гр №1,Импорт
Хважин тариур 1гр №1,Импорт
Хважин тариур эмн/х 1гр N1,Импорт
Хважин тариур 20гр №1,Импорт
Хважин тариур эмн/х 20гр N1,Импорт
Хважин тариур 3гр №1,Импорт
Хважин тариур эмн/х 3гр N1,Импорт
Хважин тариур 5гр №1,Импорт
Хважин тариур эмн/х 5гр N1,Импорт
Хербион Пластыр эмн/х 19мм*72мм N10,Импорт
Хербион чихэр яламтай N25,Импорт
Хиймэл нулимс /дефислёз/ 10мл,Импорт
Хиконцил капс 500мг N16,Импорт
Хиконцил сир/нун 250мг/5мл 100мл,Импорт
Хиконцил шахм 250мг N16,Импорт
Хондроксид тос/т 5% 30гр,Импорт
Хөвөн эмн/х 50гр,Импорт
Хүчилтөрөгч өтгөрүүлэгч аппарат /JY-206W / N1,Импорт
"Цавуутай уян боолт эмн/х /Coban/ 3M 50мм*4,5мм N1",Импорт
Церебролизат тар/н 1мл N10,Импорт
Цефазолин 1гр N1,Импорт
Цефазолин-Акос тар/н 1гр,Импорт
Цефосин тар/н 1гр N1,Импорт
Цефтазидим-Акос тар/н 1гр N1,Импорт
Циклоферон 150мг+146мг N20,Импорт
Циклоферон т/уусм 12.50%мл N5,Импорт
Циклоферон шахм 150мг N50,Импорт
Циннабсин А шахмал 250мг N60,Импорт
Циннабсин А шахмал 250мг N60 ,Импорт
Циннабсин А шахмал 250мг N60 ,Импорт
Циннаризин /ирбит/ шахм 25мг N50,Импорт
Ципринол д/шин 200мг/мл 100мл,Импорт
Ципринол т/уусм 100мг 10мл N5,Импорт
Ципринол шахм 250мг N10,Импорт
Ципринол шахм 500мг N10,Импорт
Ципринол шахм 750мг N10,Импорт
Ципро Денк б/шахм 750мг N10,Импорт
Ципро Денк шахм 500мг N10,Импорт
Цитофлавин т/уусм 10мл N5,Импорт
Цитофлавин шахм N50,Импорт
"Чангжоу Дуслын систем хар /0,7*22G/ N1",Импорт
"Чангжоу Дуслын систем хөх /0,6*23G/ N1",Импорт
Шархны туузан наалт эмн/х 6мм*75мм R1541 N1,Импорт
Эзом капс 40мг N28 Нобел,Импорт
Эзом нунт+уусм 40мг N1 Нобел,Импорт
Эквамер 10мг+5мг+10мг капсул №30,Импорт
Эквамер 10мг+5мг+20мг капсул №30,Импорт
Эквамер 20мг+10мг+10мг капсул №30,Импорт
Эквамер 20мг+10мг+20мг капсул №30,Импорт
Экватор шахм 20мг+10мг N30,Импорт
Экватор шахм 5мг+10мг N30,Импорт
Эксфорж б/шахм 10мг+160мг N28,Импорт
Эксфорж б/шахм 5мг+160мг N14,Импорт
Эксфорж б/шахм 5мг+160мг N28,Импорт
"Эксфорж Н шахм 10мг/160мг/12,5мг N14",Импорт
"Эксфорж Н шахм 5мг/160мг/12,5мг N14",Импорт
Элевит Зачатие капс N60 Байер,Импорт
Элевит кормление капс /хөхүүл/ N30,Импорт
Элевит Менавит бүрх шахм №30 /Байер/,Импорт
Элевит пронатал шахм N100,Импорт
Элевит тайгер шахм N30,Импорт
Электролит Денк нунт N10,Импорт
Эманера капс 20мг N28,Импорт
Эманера капс 40мг N28,Импорт
Энап Н шахм 10мг+25мг N20,Импорт
Энап НL шахм 10мг+12.5мг N20,Импорт
Энап НL20. шахм 20мг+12.5мг N20,Импорт
"Энап Р т/уусм 1,25мг/мл N5",Импорт
Энап шахм 10мг N20,Импорт
Энап шахм 20мг N20,Импорт
Энап шахм 5мг N20,Импорт
Энерзайр Бризхалер ингаляциар хэрэглэх капсул 150мкг+50мкг+160мкг N30 /Novartis/,Импорт
Энтобан сироп 90мл,Импорт
Эргоферон уус/шх N20,Импорт
Эртиноб Бүрхүүлтэй шахмал 100мг №30 /Нобел/,Импорт
Эртиноб Бүрхүүлтэй шахмал 150мг №30 /Нобел/,Импорт
ЭрФлюСал аэр 50мкг/250мкг N1,Импорт
ЭрФлюСал аэр 50мкг/500мкг N1,Импорт
ЭсПи Lifepack recorder paper эмн/х 100mm*21.5mm N3,Импорт
Эспумизан Бэби 100мг/мл 30мл N1,Импорт
Эспумизан з/капс 40мг N25,Импорт
Этацизин б/шахм 50мг N50,Импорт
Этимиб-Денк 10мг №30,Импорт
"Этол Форт 400мг, №28",Импорт
Эуфиллин /даль/ т/уусм 24мг/мл 10мл N10,Импорт
"Эфизол хүлх/ш 0,25мг+ 30мг N20",Импорт
Эфлоран шахм 400мг N10,Импорт
Юперио б/шахм 24мг/26мг N28,Импорт
Юперио б/шахм 49мг/51мг N28,Импорт
Юперио б/шахм 97мг/103мг N28,Импорт
 Клиндацин -Т 30гр гель №1,Дотоод
"BioGaia Пробиотикс+ шахм Витамин Д3 13,5гр N30",Дотоод
Cell Clean 50ml N1 /Sysmex Corporation/,Дотоод
Cosakondrin Complex Gel /Orzax/ №1,Дотоод
Crepe bandage 5cm*4.5meter N1 Хятад,Дотоод
Curcumin Fast шинг N1,Дотоод
Dr.Oral probiotic 7г №1,Дотоод
EDTA вакутайнер 3мл ,Дотоод
Efervit sambucus nigra /Orzax/ №20,Дотоод
EIGHTCHECK -3WP-L 4.6ml N1 /Streck Inc/,Дотоод
EIGHTCHECK -3WP-N 4.6ml N1 /Streck Inc/,Дотоод
EIGHTCHECK -3WP-Н 4.6ml N1 /Streck Inc/,Дотоод
GSH Глютатион тар/н 600мг N10,Дотоод
Gummy Multivitamin kids /Orzax/ №60,Дотоод
Gummy Sambucus kids /Orzax/ №60,Дотоод
Gutrol зөөлөн капсул №60 /Fortex Nutriceuticals/,Дотоод
hana spray 30мл,Дотоод
Hydroton нунтаг №10 /Fortex/,Дотоод
JINANKO шамбарамын тосон түрхлэг шинг N10,Дотоод
K-каб 50мг шахмал N30,Дотоод
Medical Moon Boots size L N1,Дотоод
Medical Moon Boots size M N1,Дотоод
Mindray BeneHeart R12 ECG электрокардиограф FN-52053975 N1,Дотоод
Naran Kids Cold ханиадны сироп 30гр N1,Дотоод
"NEAC үе мөч, ядаргаа тайлах бэлдмэл N90",Дотоод
"New Nikuron өвчин намдаах, халуун бууруулах шахм N12",Дотоод
NuCare Omega 200мл №1,Дотоод
Ocean Fish Oil Tutti Frutti syrup /Orzax/ №1,Дотоод
Ocean Vitamin D3 1000 IU /Orzax/ №1,Дотоод
Omega 3 Cardio Мах Капсул №30 /Gelpell AG./,Дотоод
Omega 3-6-9 Optimum Капсул №30 /Gelpell AG./,Дотоод
Prostamax капсул №30 /Fortex/,Дотоод
Ramend F таргалалтын эсрэг шахм N192,Дотоод
Rheumatoid Factor Latex /RF/ 100 doses N1,Дотоод
"Sakuramin White дархлаа дэмжих, сэвх, толбоны эсрэгшахм N180",Дотоод
SPOTCHEM II Amylase N25 /Arkray Factory Inc/,Дотоод
SPOTCHEM II Blood Urea Nitrogen лабораторийн оношлуур N25 /Arkray/,Дотоод
SPOTCHEM II GGT оношлуур №25 /Arkray Factory/,Дотоод
SPOTCHEM II HDL-Cholesterol (Direct Method) N25 /Arkray Factory Inc/,Дотоод
SPOTCHEM II Kidney-3 №25 /Arkray Factory/,Дотоод
Stromatolyser WH 3x500ml №3 /Sysmex Corp/,Дотоод
Vita Jelly Витаминаар баялаг улаан хүн орхоодойн желли 20гр/600гр N30 Korea,Дотоод
Vitality Forte Энерги нөхөх улаан хүн орхоодойн охь 20мл/320мл N16 Korea,Дотоод
Vitamix Nerve Care капсул N30 /Fortex/,Дотоод
Yzone-Clean нунтаг 7г №1 /FELIZCOS/,Дотоод
Yzone-Clean угаагч 150г №1 /FELIZCOS/,Дотоод
ZINC-M шахм 20мг N10,Дотоод
Абана шахм N50,Дотоод
Абидиум капсул 2мг N100 /XL Laboratories PVT.Ltd/,Дотоод
Абуцел-BТ өтгөний уут 20-80мм N5,Дотоод
Абуцел-К өтгөний уут 20-70мм N5,Дотоод
Абуцел-С өтгөний уут 20-60мм N5,Дотоод
Адва-Биотикс КИДС МАКС 40мг15мл №10 /Kaifeng Red Maple/,Дотоод
Аденерон лаа N10 /Vegapharm/,Дотоод
Адреналин 1мл N5,Дотоод
"АЕвит /алтай/ з/капс 100000 ОУН+0,1г N30",Дотоод
Аевит капс /минск/ №30,Дотоод
Азибру-500 б/шахм 500мг N3,Дотоод
Азитрон капс 250мг N10,Дотоод
Азитрон шахм 500мг N6,Дотоод
Азулен нунт 6мг/1.5г N1,Дотоод
Ай рич альфа /Eyerich alfa/ нүд/дус 15мл,Дотоод
Аквавит Д3 уусм 375мкг/мл-10мл №1 /Technolog/,Дотоод
Аквалор Экстра Форте сп 150мл N1,Дотоод
Акку-Чек актив аппарат /10тестгүй/ N1,Дотоод
Акку-Чек тест стрип N50,Дотоод
"Аклавкеир 250 мг+62,5мг/5мл;60ml №1 /Huazhong/",Дотоод
Акнес тослог тэнцвэржүүлэх угаагч 50г №1 /Ronto Pharmaceutical/,Дотоод
Акнес хөөсөн цэвэрлэгч 50мл №1 /Ronto Pharmaceutical/,Дотоод
"Акнес цайруулах, батганаас сэргийлэх тос 50гр №1 /Ronto Pharmaceutical/",Дотоод
Актилизе тар/н 50мг N1,Дотоод
Актрапид 100 ОУН/мл 10мл N1,Дотоод
Актрапид 100 ОУН/мл 3мл N5,Дотоод
Актрапид Пенфилл тарилгын уусмал 100ед/мл-3мл №5 /Novo Nordisk A/S/,Дотоод
Албиотин уусм 30мл,Дотоод
Алвовизан бүрх шахмал 2мг №28 /Haupt Pharma Munster/,Дотоод
Алебурон шахмал б/шахм 1гр N36,Дотоод
Алергозол-DF сп 0.06%- 10мл N1,Дотоод
"Алергозол-DF х/дус 0,06% 10мл N1",Дотоод
Алкафен назал з/капс N10,Дотоод
Алкобюз шахм 500мг N4,Дотоод
Аллетек шахм 10мг N100,Дотоод
Аллком шахм 500мг N4,Дотоод
Алмасан ууж хэрэглэх хөвмөл 10 г №20 /Stellapharm/,Дотоод
Алое /нахиа/ т/уусм 1мл N10,Дотоод
Алое /цомбо/т/уус 1мл N10,Дотоод
Алтан гагнуурын ханд /50ус/ ш/ханд 30мл,Дотоод
Алтан гагнуурын ханд /монос/ ш/ханд 20мл N1,Дотоод
Альбумин /ск плазма/ д/шин 20% 100мл,Дотоод
Альфа Кальци з/капс N60,Дотоод
Амброксол /ivco/ т/уусм 15мг 2мл,Дотоод
Амвис б/шахм 120мг N40,Дотоод
Амизон /хүүхэд 6-12 нас/ 125мг N10,Дотоод
Амизон б/шахм 250мг N10,Дотоод
Амикомплекс д/шин 91.70% 250мл,Дотоод
Аминовит 250мл дуслын шингэн №1,Дотоод
Аминоген-Х д/шин 250мл N1,Дотоод
Аминокапроны хүчил /ivco/ д/шин 5% 100мл,Дотоод
Аминокомплекс Л тарилгын шингэн т/уусм 250мл N1,Дотоод
Аминолебан дуслын шингэн 8%-500мл N1 /PT. Otsuka/,Дотоод
Амлизект шахм 10мг+20мг N30 /Replek/,Дотоод
Амлизект шахм 5мг+10мг N30 /Replek/,Дотоод
Амны цацлага Анар 20мл №1 /Тэгш-анар ХХК/,Дотоод
Амны цацлага Гаатай 20мл N1,Дотоод
Амны цацлага Гүзээлзгэнэтэй 20мл N1,Дотоод
Амны цацлага Усан үзэм 20мл №1 /Тэгш-анар ХХК/,Дотоод
Амоксан хөв/н 125мг/5мл- 60мл N1,Дотоод
АмоксиКейр ууж хэр хөвм бэлтг нунт 125мг/5мл-100мл №1 /Huazhong Pharmaceutical/,Дотоод
АмоксиКейр ууж хэр хөвм бэлтг нунт 250мг/5мл-100мл №1 /Huazhong Pharmaceutical/,Дотоод
АмоксиКейр ууж хэр хөвм бэлтг нунт 250мг/5мл-100мл №1 /Huazhong Pharmaceutical/ ,Дотоод
АмоксиКейр шахмал 250мг №100 /Huazhong Pharmaceutical/,Дотоод
Амоксиклав 375мг №20 /Коаст/,Дотоод
Амоксициллин /монос/ капс 250мг N10,Дотоод
Амоксициллин /монос/ капс 500мг N10,Дотоод
"Амоксициллин /мөнх,тун/ капс 250мг N10",Дотоод
Амоксициллин /энси/ капс 250мг N10,Дотоод
Амоксициллин /энси/ капс 500мг N10,Дотоод
Амоксициллин натри + Клавулоны хүчил тарилгын нунтаг 1.2г N10 /Reyoung Pharmaceutical/,Дотоод
Амоксициллин шахм /мөнх.тун/ 500мг N21,Дотоод
Амотакс Дис 1г бүрхүүлтэй шахмал №16,Дотоод
Ампициллин /CSPC/ тар/н 1гр N1,Дотоод
Ампициллин /энси/ капс 500мг N10,Дотоод
Ампициллин +Сульбактам тар/н 1000мг + 500мг N1,Дотоод
Ампициллин 1 Ж тар/н /энси/ 1гр N1,Дотоод
Анальгин / нахиа / т/уусм 50% 2мл N10,Дотоод
Анальгин /мөнх.тун/ шахм 500мг N10,Дотоод
Анальгин /цомбо/ т/уусм 50% 2мл N10,Дотоод
АнвиМакс нимбэг нунт N12,Дотоод
Ангиноваг аэр 20мл,Дотоод
Ангримакс капс N20,Дотоод
Анестологийн хэл дарагч 3.0 N1,Дотоод
Анестологийн хэл дарагч эмн/х 2.0 N1,Дотоод
Аниос гель 1л №1 /Anios an ecolab company/,Дотоод
Антацид кальци-6 капс N90,Дотоод
Антибактериа гарын шингэн саван (Retouch) 500ml ,Дотоод
Антигриппин нунт 382мг N10,Дотоод
"Антишемин шахмал 0,5г N30 /Тавин-Ус/",Дотоод
Анхны тусламжийн иж бүрдэл N1,Дотоод
Аньсны шүүс /50ус/ 200мл,Дотоод
Аожиру цэлцэгнүүр /том хүн/ 15гр №30 /Muromachi Chemical/,Дотоод
Апидан экстенд шахмал 600мг N50 /Desitin/,Дотоод
Ариун сав 10мл,Дотоод
Ариун самбай /Gause swabs/ 10см*20см №5,Дотоод
"Ариун самбай /Gause swabs/ 7.5см*7,5см N5",Дотоод
Ариун самбай 10см*10см /New med/ N5,Дотоод
Ариун самбай 5*5см Med'S N5,Дотоод
Ариун самбай 5см*5см N5 /Medrull/,Дотоод
Ариун самбай 7.5см*7.5см эмн/х N5,Дотоод
Ариут/бод Жавелин N1,Дотоод
"Ариутгасан халад /мөнх,тун/ N1",Дотоод
Артифлекс шахм N120,Дотоод
Артифлекс шахм N180,Дотоод
Арфен 125мг №10 лаа,Дотоод
Арфен 125мг №10 лаа ,Дотоод
Арфен 250мг №10 лаа,Дотоод
Арфен 250мг №10 лаа ,Дотоод
Асай бэрри Капсул №120 /Premium/,Дотоод
АСерумин чих/д 2мл N10,Дотоод
Аскорбины хүчил / Цомбо / 5% 2мл N10,Дотоод
Аскорбины хүчил /50ус/ шахм 50мг N10,Дотоод
Аскорбины хүчил /армон/ шахм 210гр N10,Дотоод
Аскорбины хүчил /эмүйл/ шахм 50мг N10,Дотоод
Аскорутин /50ус/ шахм 300мг N10,Дотоод
Аскорутин /мөнх.тун/ шахм 200+50мг N10,Дотоод
Аскорутин /нахиа/ шахм 50мг/20мг N10,Дотоод
Аскорутин /түш / шахм 300мг N10,Дотоод
Асмеф б/шахм 500мг N100,Дотоод
Аспаркам-Фармак тар/н/у 10мл N10,Дотоод
Аспилетс шахм 80мг N100,Дотоод
Аспирин нарийн гэдсэнд уусдаг бүрхүүлтэй шахмал 100мг N100 /Towa/,Дотоод
Аспирин С /монос/ шахм 500мг N10,Дотоод
Аспирин-100 /монос/ б/шахм 100мг N100,Дотоод
Аспирин-100 /монос/ шахм 100мг N100,Дотоод
Аспирин-81 /монос/ шахм 81мг N100,Дотоод
АстмоСил капс N30,Дотоод
Атрафин тарилгын уусмал 10мг/мл-2.5мл N10 /Flagship/,Дотоод
Атроп нүд/дус 1% 5мл,Дотоод
Аурокаин нүдний дусал 0.5%-5мл №1 /Aurolab/,Дотоод
Ауропент нүдний дусал 1%-5мл №1 /Aurolab/,Дотоод
Аурофорт нүд/дус 1% - 5мл N1,Дотоод
А-Флю капс 375мг N60,Дотоод
Ацидофилус капс N100,Дотоод
Ацикловир крем 5%-5гр N1 /Coral/,Дотоод
Ациклостад шахм 400мг N35,Дотоод
Ациклостад шахм 800мг N35,Дотоод
Аюулгүйн хайрцаг 5л N1,Дотоод
Бактеросин тос/т 15гр N1,Дотоод
Балабан 2%-15г тосон түрхлэг №1,Дотоод
Бамбайн ханд /50ус/ 30мл N1,Дотоод
Бамбайн ханд /монос/ 20мл N1,Дотоод
"Барагшун капс 0,25гр N30",Дотоод
Барбитал шахм 100мг N10,Дотоод
Барбитал шахм 5мг N10,Дотоод
Барсукор 100мл N1,Дотоод
Барсукор 200мл N1,Дотоод
Бартай наалт 7*10 №5 /Henan Kangdi Medical Device Company/,Дотоод
Бартай халдаг наалт N1,Дотоод
Бартай хүйтэн  наалт N1,Дотоод
Бартай хүйтэн наалт N1,Дотоод
Батганы наалт /салицилтай/ ParAid №24,Дотоод
"Батганы наалт 8мм, 12мм №36 /Пожа Нова/",Дотоод
"Батганы наалт 8мм, 12мм №72 /Пожа Нова/",Дотоод
Батганы тос 15гр №1 /Пожа Нова/,Дотоод
"ББ-C тарилга тарилгын уусмал 5мг/мл-10мл №10 /Huons Co.,Ltd/",Дотоод
Беллергамин шахм N20,Дотоод
Бензатин пенициллин /энси/ тар/н 2.4 ОУН,Дотоод
Бензилбензоат /алтай/ тос/т 20% 25гр,Дотоод
Бензилпенициллин натри /энси/ тар/н 1гр,Дотоод
Бензосед тарилгын уусмал 1мг/мл-5мл №1 /Troikaa/,Дотоод
Бениквит В 3мл N5,Дотоод
Береш плюс дусал 100мл N1,Дотоод
Беррилакт нунт N30 /Kendy/,Дотоод
Бесонин сп/х 64мг 7мл N1,Дотоод
Бетасал тосон түрхлэг тос/т 20мг N1,Дотоод
Бетозон Н крем 15гр,Дотоод
Бетос крем 0.05% тос/т 20мг,Дотоод
Бидика шахм 25мг N120,Дотоод
Бидисептол шахм 480мг N20,Дотоод
Биеийг хоргүйжүүлэх хөлний наалт /ногоон цай/ 6х8 №10 /Henan Kangdi Medical Device Company/,Дотоод
Биеийг хоргүйжүүлэх хөлний наалт /сарнай/ 6х8 №10 /Henan Kangdi Medical Device Company/,Дотоод
Биеийг хоргүйжүүлэх хөлний наалт /цагаан гаатай/ 6х8 №10 /Henan Kangdi Medical Device Company/,Дотоод
Бийнсталк хүүхдийн ионжуулсан ундаа 8ш / дотоод/,Дотоод
Бикалута тосон түрхлэг 15гр N1 /Jelfa SA/,Дотоод
Бинт [Тэгш-Анар] эмн/х 7м х14см N1,Дотоод
Биоапижин 50мл N1 /Үтрээний тос/,Дотоод
БиоГаяа Протектис шахмал N30 /Biogaia/,Дотоод
"Биопланцентон гель 0,5% 15гр",Дотоод
Био-Тич Витамин Д3 капс 1000ОУН N100,Дотоод
Био-Тич Витамин Д3 капс 1000ОУН N250,Дотоод
Био-Тич Витамин Д3 капс 50000ОУН N100,Дотоод
Био-Тич Витамин Д3 капс 5000ОУН N100,Дотоод
Био-Тич Витамин Д3 капс 5000ОУН N250,Дотоод
Био-Тич Кал-цитрат 200мг №100,Дотоод
Бифидумбактер нунт 5 доз N10,Дотоод
Бифидумбактерин фл N10,Дотоод
Бифорже шахм 10мг/160мг N28,Дотоод
Бифорже шахм 5мг/80мг N28,Дотоод
Блекморын зонд (Sengstaken Tube) 16ch 96cm эмн/х N1,Дотоод
"Бон Формула шахмал №60 /Yung Shin Pharm Ind Co.,Ltd/",Дотоод
Бондекс тарилгын уусмал + тариур 3мг-3мл №1 /Korea United Pharm/,Дотоод
Боннисан дусал 30мл,Дотоод
Боннисан сироп 120мл,Дотоод
Бонниспаз дусал 15мл,Дотоод
Брезол сироп 100мл N1,Дотоод
Брезол шахм N60,Дотоод
Брилинта 90мг N56,Дотоод
Бронхолитин сироп 125гр,Дотоод
Брэйнакт шахм 500мг N30,Дотоод
"Бугуй, эрхий хурууны хамгаалалт L ОС-2025 17.5-20см №1 /Flamingo/ /Ascent meditech/",Дотоод
"Бугуй, эрхий хурууны хамгаалалт M ОС-2025 15-17.5см №1 /Flamingo/ /Ascent meditech/",Дотоод
Бугуйн даралтын аппарат Тун эрдэнэ фарма N1,Дотоод
Бугуйн хамгаалалт ОС-2104 12.5-15см /S/ №1 /Flamingo/ /Ascent meditech/,Дотоод
Бугуйн хамгаалалт ОС-2104 15-17.5см /M/ №1 /Flamingo/ /Ascent meditech/,Дотоод
Бугуйн хамгаалалт ОС-2104 20-22.5см /XL/ №1 /Flamingo/ /Ascent meditech/,Дотоод
Бугуйн хамгаалалт ОС-2104 22.5-25см /2XL/ №1 /Flamingo/ /Ascent meditech/,Дотоод
Бугуйн чиг JYK-C021 L баруун N1 /Osky Medical/,Дотоод
Бугуйн чиг JYK-C021 L зүүн N1 /Osky Medical/,Дотоод
Бугуйн чиг JYK-C021 M баруун N1 /Osky Medical/,Дотоод
Бугуйн чиг JYK-C021 M зүүн N1 /Osky Medical/,Дотоод
Бугуйн чиг JYK-C021 S баруун N1 /Osky Medical/,Дотоод
Бугуйн чиг ОС-2016 20-22.5см /ХL/ №1 /Flamingo/ /Ascent meditech/,Дотоод
Бугуйн чиг ОС-2016 22.5-25см /2ХL/ №1 /Flamingo/ /Ascent meditech/,Дотоод
Бугуйн чиг тохируулагчтай ОС-2015 12.5-15см /S/ №1 /Flamingo/,Дотоод
Бугуйн чиг тохируулагчтай ОС-2015 15-17.5см /M/ №1 /Flamingo/,Дотоод
Бугуйн чиг тохируулагчтай ОС-2015 17.5-20см /L/ №1 /Flamingo/,Дотоод
Бугуйн чиг тохируулагчтай ОС-2015 20-22.5см /XL/ №1 /Flamingo/,Дотоод
Бугын эвэр альбумин 33 з/капс N220,Дотоод
"Будесаноб ин/ц 0,5мг 2мл N1",Дотоод
Бумба N12,Дотоод
Бумба N6,Дотоод
Бумба №6,Дотоод
Бумба соронзтой N12,Дотоод
Бумба эргүүлдэг N12 /Хятад/,Дотоод
Бумба эргүүлдэг N8 /Хятад/,Дотоод
Бутапсин тос/т 20гр,Дотоод
Бфлуйд д/шин 500мл N1,Дотоод
Бэби Колкол сироп 100мл N1,Дотоод
"Бэби формула дархлаа 9085 2,5гр N30 9085",Дотоод
"Бэби Формула калци 8934 2,5гр N30 8934",Дотоод
"Бэби формула Мишка Анхаарал сайжруулах,зажилдаг хүүхдийн витамин 2,5гр N60 3845",Дотоод
"Бэби Формула Мишка Дархлаа,зажилдаг хүүхдийн витамин 2.5гр N60 3784",Дотоод
"Бэби формула Мишка Кальци,зажилдаг хүүхдийн витамин 2,5гр N60 3807",Дотоод
"Бэби формула Мишка Мультивитамин,зажилдаг хүүхдийн витамин 2гр N30 0707",Дотоод
"Бэби формула Мишки Мультивитамин,зажилдаг хүүхдийн витамин 2гр N60 3821",Дотоод
"Бэби Формула оюун ухаан9092 2,5гр N30 9092",Дотоод
Бээлийн 1 удаагийн ариун N1 /Malaysia/,Дотоод
Бюрак шахм 15мг N1,Дотоод
Вагилак гель 50гр N1,Дотоод
Вагилак лаа №10,Дотоод
Вагилак шин/саван 250мл N1,Дотоод
Вагимилт үт/кап 100мг+100мг N7,Дотоод
Вакум тенерийн зүү 23G №1 /New Remedy/,Дотоод
Вакутайнер гельтэй шар тагтай 5мл N1,Дотоод
Вакутайнер тюб 3мл цэнхэр N100,Дотоод
Валидол шахм 60мг N6,Дотоод
Валокордин дусал 20мл,Дотоод
Вальпроат деситин шахмал 300мг N100 /Desitin/,Дотоод
Вальпроат деситин шахмал 500мг N60 /Desitin/,Дотоод
Ванкомицин HCL тар/н 1гр N1,Дотоод
В-Гель 30гр,Дотоод
Велглобин сироп 200мл N1 /Protech Biosystems/,Дотоод
Вемлиди шахм 25мг N30,Дотоод
Веркет тарилгын уусмал /Кетамин/ 50mg/ml-10ml №5 /Verve Human/,Дотоод
Вермокс /монос/ шахм 100мг N4,Дотоод
Вермор-10 шах 10mg №10 /Verve Human Care/,Дотоод
Вестинорм шахм 16мг N30,Дотоод
"Ви Рото Витамин нүд/дус 3,9мг+13,0мг+6,5мг+130мг+13 мг - 13мл N1",Дотоод
Ви Рото Драй эй нүдний дусал 13мл N1 (Rohto),Дотоод
Виагрос шахмал 100мг №4 /Монос/,Дотоод
Вива үзлэгийн бээлий латекс S талькгүй №100,Дотоод
Вигентин шахм 500мг/125мг N14,Дотоод
Видалиста шах 20мг №4 /Centurion Laboratories/,Дотоод
Видора бүрх шахмал 3мг+0.03мг №28 /Laboratories LEON FARMA/,Дотоод
Видора микро бүрх шахмал 3мг+0.02мг №28 /Laboratories LEON FARMA/,Дотоод
Викасол /нахиа/ т/уусм 1% 1мл N10,Дотоод
Викасол /Цомбо/ т/уусм 1%- 1мл N10,Дотоод
Викрил мэс заслын хайлдаг утас 75*17*1/2 4-0 №1 /Foosin Medical/,Дотоод
Викрил мэс заслын хайлдаг утас 75*22*1/2 2-0 №1 /Foosin Medical/,Дотоод
Викрил мэс заслын хайлдаг утас 75*22*1/2 2-0 №1 /Foosin Medical/ ,Дотоод
Виктоза тар/уус 6мг/мл-3мл №2 /Novo Nordisk/,Дотоод
"Викуре шахм 0,5мг N30",Дотоод
Вимск шахм 100мг N30,Дотоод
Вимск шахм 200мг N30,Дотоод
Вимск шахм 50мг N30,Дотоод
Винпотропил капс 5мг+ 400мг N60,Дотоод
Висмут 120мг шахмал №56,Дотоод
Витабелла тарилга 5мкг/мл-1мл №1 /DONHKOOK/,Дотоод
Витагрипп /аньстай/ мөхл 1000 мг 20гр N10,Дотоод
Витагрипп мөхл 1000 мг 20гр N10,Дотоод
Витагрипп+Zn мөхл /вит С 1000мг+цайр 5мг/ 20гр N10,Дотоод
Витамикс Eye care капс N30,Дотоод
"Витамикс Hair, Skin and Nails капс N30",Дотоод
Витамикс Joint care капс N30,Дотоод
Витамикс Memori and капс concentration N30,Дотоод
Витамикс Restful Sleep капс N30,Дотоод
Витамикс Slim Figure капс N30,Дотоод
Витамикс Vita bears заж/паст N60,Дотоод
Витамикс Иммун капс N30,Дотоод
Витамикс Мультивитамин A-Z капс N30,Дотоод
Витамин А з/капс 12000 ме N50,Дотоод
Витамин А шахм 10000 ОУН N110,Дотоод
Витамин АЕ з/капс 30000 ОУН + 70мг N30,Дотоод
Витамин В комплекс /хаско/ шахм N50,Дотоод
Витамин В комплекс /энси/ т/уусм 2мл N10,Дотоод
Витамин В1 /ivco/ 1мл N1,Дотоод
Витамин В1 т/уусм /нахиа/ N10,Дотоод
Витамин В12 /даль/ т/уусм 0.1мг/мл 1мл N10,Дотоод
Витамин В12 /нахиа/ т/уусм 500мкг 1мл N10,Дотоод
Витамин В6 /нахиа/ т/уусм N10,Дотоод
Витамин В6 5%-1мл №10 /Цомбо/,Дотоод
Витамин Д 5000 IU №120 Капсул,Дотоод
Витамин Д б/шахм 2000мг N110,Дотоод
Витамин Д шахмал 1000 ОУН N110 /21-р зуун/,Дотоод
Витамин Д3 /хаско/ капс 2000 ОУН N60,Дотоод
Витамин Д3 2000  ME+K2 /Эвалар/ шахм 60ш 2879,Дотоод
Витамин Д3 2000 ME+K2 /Эвалар/ шахм 60ш 2879,Дотоод
Витамин Е з/капс 100мг N30,Дотоод
Витамин Е шахм 1000ОУН N55,Дотоод
Витамин РР /нахиа/ 1% 1мл N10,Дотоод
Витамин С /нахиа/ т/уусм 5% 2мл N10,Дотоод
Витамин С 1000мг №120 Шахмал,Дотоод
Витамин С т/уусм 2000мг- 10мл N50,Дотоод
Витамин С-Vita C /монад/ уусм 2% 200мл,Дотоод
Витамин& Минерал нунт N30,Дотоод
Витаплекс д/уусм 500мл N1,Дотоод
ВитВКейр 2мл N10 /тарилгын уусмал/,Дотоод
Виферон мазь 40000 ОУН/г 12гр N1,Дотоод
Виферон ш/г/лаа 1'000'000 ОУН N10,Дотоод
Виферон ш/г/лаа 150'000 ОУН N10,Дотоод
Виферон ш/г/лаа 3'000'000 ОУН N10,Дотоод
Виферон ш/г/лаа 500'000 ОУН N10,Дотоод
Виферрон бүрхүүлтэй шахмал 10х10 /PT. Kalbe Farma Tbk/,Дотоод
Вишневский линимент 1.2г+1.2г 40гр N1,Дотоод
Вишневскийн линимент тос/т 30гр,Дотоод
Возол нүдний дусал 1%-30мг №1 /Aurolab/,Дотоод
Вометрон б/шахм 8мг N100,Дотоод
Вондем тарилгын нунтаг 1гр N10 /Demo/,Дотоод
Вонтаксим тар/н 1гр,Дотоод
Ворминол шахм 400мг N3,Дотоод
Вүүдс / зөгийн бал+лимон / хүлх/ш N15,Дотоод
Вүүдс / оранж / хүлх/ш 225г №15,Дотоод
Вүүдс / оригинал / хүлх/ш N15,Дотоод
Вүүдс / үхрийн нүд / хүлх/ш N15,Дотоод
Вүүдс / черри / хүлх/ш N15,Дотоод
"Вүүдс /лимон / хүлх/ш 2,5гр N15",Дотоод
Вүүдс хүлх/ш N15,Дотоод
Вүүдс Бромгексин сироп 100мл,Дотоод
Вэлл Ретинол N30 нунтаг,Дотоод
Вэллнэсс гиалуроны хүчил капсул N60,Дотоод
Вэллнэсс коллаген нунтаг N30,Дотоод
Вэллнэсс коэнзимКю10 капсул N30,Дотоод
Вэллнэсс эр ти жи омега /rTG omega/ капсул N30,Дотоод
Вэллхэйр биотин 5мг шахмал N30,Дотоод
Гавар Тосон түрхлэг 3гр №1 /Nanjing Joyful Imp/,Дотоод
Газ Кү ууж хэрэглэх хөвмөл 2г/100мл-10мл №60 /Genuone/,Дотоод
Галмагель 1.5гр/15мл №20,Дотоод
Гамалате В6 сироп 80мл,Дотоод
Гамалате В6 шахм N20,Дотоод
Гарын сойлт PD-311-1 N1 Хятад,Дотоод
Гарын сойлт том хүн S N1 /Imported/,Дотоод
Гарын сойлт торон L size №1 /Conwell medical/,Дотоод
Гарын сойлт торон M size N1,Дотоод
Гарын сойлт хар OC2036 (L) №1,Дотоод
Гарын сойлт хар OC2036 (M) №1,Дотоод
Гарын сойлт хар OC2036 (S) №1,Дотоод
Гарын сойлт хар OC2036 (XL) №1,Дотоод
Гарын сойлт хар OC-2038 105-115см (XL) №1 /Ascent meditech/,Дотоод
Гарын сойлт хар OC-2038 105-115см (XL) №1 /Ascent meditech/ ,Дотоод
Гарын сойлт хар OC-2038 115см-125см (2XL) №1 /Ascent meditech/,Дотоод
Гарын сойлт хар OC-2038 85-95см (М) №1 /Ascent meditech/,Дотоод
Гарын сойлт хар OC-2038 85-95см (М) №1 /Ascent meditech/ ,Дотоод
Гарын сойлт хүүхэд /эмэгтэй/ N1  /Энэтхэг/,Дотоод
Гарын сойлт хүүхэд /эмэгтэй/ N1 /Энэтхэг/,Дотоод
Гарын сойлт хүүхэд L N1 /Энэтхэг/,Дотоод
Гарын сойлт хүүхэд M N1  /Энэтхэг/,Дотоод
Гарын сойлт хүүхэд M N1 /Энэтхэг/,Дотоод
Гаструс шахм 21гр N30,Дотоод
Гат про-10 нунт /том хүн/ 60гр N30,Дотоод
Гат про-10+ нунт /том хүн 24 bill/ 2гр N30,Дотоод
Гат про-7 нунт /хүүхэд/ 60гр N30,Дотоод
Гат про-7+ нунт /хүүхэд 16 bill/ 60гр N30,Дотоод
Гати-Пред нүд/дус 5мл N1,Дотоод
Геворин шахм N10,Дотоод
Гексикон эм/лаа 16мг N10,Дотоод
Геморал лаа ш/г N12,Дотоод
Гентамицин /минхуа/ т/уусм 80мг/мл 2мл N10,Дотоод
Гепа Л т/уусм 5г- 10мл N1,Дотоод
Гепавиа т/шин 250мл N1,Дотоод
Гепарин / ivco / 5000 ОУН 1мл N1,Дотоод
Гепатит C вирус антибоди түргэвчилсэн тест N40 /Hangzhou/,Дотоод
Гепахол капс 300мг N30,Дотоод
"Герак нунт 6,02гр N10",Дотоод
Гердилиум шахм 10мг N50,Дотоод
Гидрокортизон тос/т 1% 10гр,Дотоод
Гидрокортизон тосон түрхлэг 20г №1 /тосон түрхлэг/,Дотоод
Гилофа спорт оймс,Дотоод
Гилофа Файн /судасны/140клон,Дотоод
"Гинварен т/уусм 17,5мг 5мл N25",Дотоод
Гинелла охидын шингэн саван 100мл №1 /Czech Republic/,Дотоод
Гинелла эмэгтэйчүүдийн шингэн саван 200мл №1 /Czech Republic/,Дотоод
Гинипрал тариа 10мкг/2мл №5,Дотоод
Гинкго комплекс капсул №120 /Premium/,Дотоод
Гинокапс 100мг+ 100мг N10,Дотоод
Гинофилус үт/кап N14,Дотоод
Гинофилус-SR үт/кап N6,Дотоод
Гипс 15см*460см N1 /Хятад/,Дотоод
Глицирон б/шахм N100,Дотоод
Глицирон т/уусм 20мл N1,Дотоод
Глюкоз /ivco/ д/шин 5% 100мл N1,Дотоод
Глюкоз /ivco/ д/шин 5% 500мл N1,Дотоод
Глюкоз /цомбо/ т/уусм 40%- 10мл N10,Дотоод
Глюкоз /энхийн шүүдэр/ д/шин 5%- 100мл N1,Дотоод
Глюкоз /энхийн шүүдэр/ д/шин 5%- 250мл N1,Дотоод
Глюкоз /энхийн шүүдэр/ д/шин 5% 500мл N1,Дотоод
Глютамины хүчил /түш / шахм 250мг N10,Дотоод
Годекс N100,Дотоод
Гоо сайханы цэлцэгнүүр 280гр №28 /Shiseido/,Дотоод
Горчичник наалт N10,Дотоод
Горчичник наалт N20,Дотоод
Горчичник Приправыч нунт 50гр N1,Дотоод
Граммидин нео шахмал 3мг+1мг N18 /Valenta/,Дотоод
Грелка 1000мл эмн/х N1,Дотоод
Грелка 2000мл эмн/х N1,Дотоод
Грелка 500мл эмн/х N1,Дотоод
Грийн энема /тосон клизм/ эмн/х 20мл N1,Дотоод
Грийнифай Брэйн Бүүстер шотс 25мл №14,Дотоод
Грийнифай Коллаген биюүти шотс 25мл №14,Дотоод
Грийт мед-Вакуум хуруу шил эмн/х EDTA K3 3мл,Дотоод
Гропивирин 500мг №50,Дотоод
Гурвалжин боолт 91.5см*91.5см*129.5см N1,Дотоод
Гурвалжин боолт 91.5см*91.5см*129.5см N1 ,Дотоод
Гурвалжин боолт 96см*96см*136см N1,Дотоод
Гурвалжин боолт 96см*96см*136см N1 ,Дотоод
Гуровитаген уусм 500мл,Дотоод
Гэмтсэн хөлний чиг JYK-D009 L N1 /Osky Medical/,Дотоод
Гэмтсэн хөлний чиг JYK-D009 M N1 /Osky Medical/,Дотоод
Гэмтсэн хөлний чиг JYK-D009 S N1 /Osky Medical/,Дотоод
Дайжестронг №6 /ХБ бэлдмэл/,Дотоод
Даралтны аппарат дан (Yuwell) эмн/х N1,Дотоод
Даралтны аппарат мөнгөн устай N1 /Yuwell/,Дотоод
Даралтны хос аппарат N1 /MDF/,Дотоод
Дарву-5 тунлагдсан нунтаг 0.7гр N15 /Монг-Эм/,Дотоод
Дармон шахм N50,Дотоод
Даролак уус/шх 1.25ОУН N10,Дотоод
Дасгалын бөмбөг OC-2138 N1 /Энэтхэг/,Дотоод
Д-Вит Ламира бүрх шах 50000 IU №8,Дотоод
Д-Вит Ламира бүрх шах 50000 IU №8 ,Дотоод
Девази ууж хэрэглэх хөвмөл бэлтгэх нунтаг 200мг/5мл-30мл №1 /Devlife/,Дотоод
Девиксим ДС ууж хэрэглэх хөвмөл бэлтгэх нунтаг 100мг/5мл-60мл №1 /Devlife /,Дотоод
Девиксим шахмал 400мг №7 /Devlife/,Дотоод
Девит-3 ууж/хэрэг/дусал 50000 ОУН-15мл №1 /Deva Holding/,Дотоод
Дегирол 0.25мг хүлхдэг шахмал N100 /Darya/,Дотоод
"Декса-Пнеу 0,1%-5мл N1",Дотоод
Дексатоб-Пнеу нүд/дус 5мл N1,Дотоод
Дексибупрофен капс 300мг N10,Дотоод
Дексирен б/шахм 25мг N20,Дотоод
Декс-Оф нүд/чих/дус 4мл N1,Дотоод
Декстафен 0.5мг + 2мг каплет N100,Дотоод
Демакот крем 15гр,Дотоод
Денозин тарилгын уусмал 3мг/мл-30мл №10 /BCWORLD/,Дотоод
Депакин Хроно /Солонгос/ шахм 300мг N100,Дотоод
Депакин Хроно /Солонгос/ шахм 500мг N100,Дотоод
Дермабонд арьсны цавуу 0.5ml №1,Дотоод
Дермотазон крем 1мг-15г №1 /Dongkoo Bio/,Дотоод
Десона хамрын цацлага 10мл N1,Дотоод
Десонап сп 6мл N1,Дотоод
Диабет сахар дарангуйлагч хар үрийн бэлдмэл /Hamdard/ №60,Дотоод
Диакоф ханиадны сироп 100мл N1,Дотоод
Диарекс N30,Дотоод
Дибазол /50ус/ шахм 20мг N10,Дотоод
Дибазол /мөнх.тун/ шахм 20мг N10,Дотоод
Дибазол шахмал 20мг №10 /Түшиглэн ХХК/,Дотоод
Дизинил 16 мг шахмал N100,Дотоод
Дикломол СР шахм 100мг N100,Дотоод
Дикломон Ретард шахм 100мг N100,Дотоод
Димедрол /ivco/ т/уусм 1% 1мл N1,Дотоод
Димедрол тарилгын уусмал 1%-1мл N10 /Цомбо/,Дотоод
"Дино Sambucus Вит-С чихэр 1.2гр №50 /CHO-A PHARM.CO.,LTD/",Дотоод
"Дино Вита-С чихэр 1.2гр №10 /CHO-A PHARM.CO.,LTD/",Дотоод
"Дино Мульти чихэр 3.7гр №30 /CHO-A PHARM.CO.,LTD/",Дотоод
Диосперидин бүрхүүлтэй шахмал 450мг+50мг N30 /Help/,Дотоод
Дитамин Анти-Колик дусал 10мл N1,Дотоод
Дифлю капсул 150мг N4 /Seoul/,Дотоод
Доктор айболит капс N10,Дотоод
Долоогоны ханд /50ус/ сп/х 30мл,Дотоод
Долоогоны ханд /монос/ 20мл N1,Дотоод
Доппел герц актив лецитин В комплекс шахм N30,Дотоод
Доппел герц омега 3-6-9 капс N60,Дотоод
Доппельгерц актив Магни+Кали №15,Дотоод
Дорзомид-Т нүдний дусал 5мл N1 /Pneu Pharma/,Дотоод
Дорсун нүд/дус 2% - 5мл N1,Дотоод
Дорсун-Т нүд/дус 2%+0.5% - 5мл N1,Дотоод
Дофазолин сп/х 15мл N1,Дотоод
"ДОХ 1, 2 антиген түргэвчилсэн тест N40 /Hangzhou/",Дотоод
Д-Протин Ванилла Флавоир нунтаг 400гр №1,Дотоод
Драй ай /Dry eye/ нүд/дус 15мл,Дотоод
Дроптоп б/шахм 10мг+10мг №30 /Ildong/,Дотоод
Дротаверин /нахиа/ шахм 40мг N100,Дотоод
Дротаверин гидрохлорид шахмал 40мг №100 /Borisovskiy/,Дотоод
Дуйнум шахмал 50мг N30 /Medochemie Ltd/,Дотоод
Дунд чөмөгний хүзүүний чиг JYK-D019 L N1 /Osky Medical/,Дотоод
Дунд чөмөгний хүзүүний чиг JYK-D019 M N1 /Osky Medical/,Дотоод
Дунд чөмөгний хүзүүний чиг JYK-D019 S N1 /Osky Medical/,Дотоод
Дусал залгах 3 замтай дуслын крант №1 /Ньюремеди/,Дотоод
Дусал залгах 3 замтай крант N1 /Хятад/,Дотоод
Дусал тоологч N1,Дотоод
Дуслын систем /Ньюремеди/ N1,Дотоод
Дуслын систем /Тэгш-Анар ХХК/ №1,Дотоод
Дуслын систем 22G N1 /Henan/,Дотоод
Дуслын систем 23Жи N1 /Jianshi/,Дотоод
"Дустар 0,5мг капс N30",Дотоод
Дэвсгэр 40см х 40см №1 /Ньюремеди/,Дотоод
Дэвсгэр 60см*90см №20 /Нахиа/,Дотоод
Дэвсгэр 80см х 120см N1 /Мөнхийн тун/,Дотоод
Дэвсгэр памперс 60*75см №10 /Carnation/,Дотоод
Енатрон үтрээний лаа 200мг N12 /AZ. Chimiche Riunite Angelini/,Дотоод
Жаней тариур 60мл №1 /Bu Kwang/,Дотоод
Жгут,Дотоод
Жеил аскорбины хүчил т/уусм 500мг- 2мл N50,Дотоод
Желебетакложе крем 0.64мг+1мг+10мг 15гр N1,Дотоод
Жирэм/тест /тэгш анар / One step HCG Pregnancy Test N1,Дотоод
Жирэм/тест HCG Pregnancy test эмн/х /midstream/ N1,Дотоод
Жирэм/тест HCG Pregnancy test эмн/х cassette N1,Дотоод
Жирэм/тест HCG Pregnancy test эмн/х strip/Bandelette/ N1,Дотоод
Жирэм/тест One-step pregnancy test стрип N1,Дотоод
Жирэмсний бүс XXL №1 /Хятад/,Дотоод
Жирэмсний сойлт 2XL N1 /Энэтхэг/,Дотоод
Жирэмсний сойлт 3XL N1 /Энэтхэг/,Дотоод
Жирэмсний сойлт L N1 /Энэтхэг/,Дотоод
Жирэмсний сойлт XL N1 /Энэтхэг/,Дотоод
Ж-Кит шахм 1000мг+500мг+20мг N6,Дотоод
Жоинт Мовемент Глюкозамин 1000мл liquid №1,Дотоод
Жоинт Мовемент Глюкозамин 480мл liquid №1,Дотоод
Жуст тийрс ликуигел нүд/дус 1% - 10мл N1,Дотоод
Жуст тийрс нүд/дус 0.5% - 10мл N1,Дотоод
Залтирон т/уусм 10мл N10,Дотоод
Запацид капс 30мг N30,Дотоод
Зегавит б/шахм N50,Дотоод
Зензонид утлагад зориулсан хөвмөл 2мл N10 /Ha Noi CPC1/,Дотоод
Зенкомби утлагад зориулсан хөвмөл 2.5 мл N10 /Ha Noi CPC1/,Дотоод
Зенкомби утлагад зориулсан хөвмөл 2.5 мл N10 /Ha Noi CPC1/ ,Дотоод
Зеставал бүрхүүлтэй шахмал 200мг N2 /Remedica/,Дотоод
Зестомин 200 мл N1 /сироп/,Дотоод
Зетали тарилгын уусмал 2мг-300мл N1 /Demo/,Дотоод
Зинк стик 5гр нунтаг N20,Дотоод
Золцер липолизид тарилгын нунтаг 40мг10мл №1 /Centurion Ilac/,Дотоод
Зомета тарилгын шингэн бэлтгэх концентрат 4мг/5мл N1 /Novartis/,Дотоод
Зөгийн бал таван салаа /монос/ Ханд 100мл N1,Дотоод
Зүрхний цахилгаан бичлэгийн цаас (Mindray beneheart R12) 210мм x 295мм N200,Дотоод
зүү 23G,Дотоод
зүү22G,Дотоод
Зүү эмчилгээний 0.25*40 №10 /Тэгш-Анар ХХК/,Дотоод
ИбуКейр 100мг/5мл-100мл N1 /Сироп/,Дотоод
Ибумон 200мг N10,Дотоод
Ибумон шахм 400мг N10,Дотоод
Ибупрофен шахм /энси/ 400мг N10,Дотоод
Идэвхижүүлсэн нүүрс / тимусфарма / шахм 250мг N10,Дотоод
Изосорбит шахм 20мг N100,Дотоод
Изофлуран ингаляци 250мл N1 /Piramal Pharma/,Дотоод
Ил-янг алмагат хөвм 1гр 15мл N30,Дотоод
Имексим 100мг №12,Дотоод
Имипенем+ Циластати тар/н 500мг+500мг №1,Дотоод
"Имифед Эс Си 250мг+62,5мг №12",Дотоод
Имодев капсул 2мг №100 / Devlife/,Дотоод
Имопек шахм 2мг N100 +,Дотоод
"Имунофан 45мкг/мл-1мл тарилгын уус №5 /ОХУ, Бионокс/ -",Дотоод
"Имунофан 45мкг/мл-1мл тарилгын уус №5 /ОХУ, Бионокс/ +",Дотоод
Ингавирин капсул 60мг N10 /Валента/,Дотоод
Ингавирин капсул 90мг N10 /Валента/,Дотоод
Ингалипт аэр 30мл,Дотоод
Индометацин шахм 25мг N30,Дотоод
Индомон тос/т 20гр,Дотоод
Индомон шахм 25мг N20,Дотоод
Индомонтой тос /мөнх.тун/,Дотоод
Иннэр Флора Бораж Ойл капсул N60,Дотоод
Иннэр Флора Гранбэрри капсул N60,Дотоод
Инсулатард Пенфилл тарилгын суспензи 100ед/мл-3мл №5 /Novo Nordisk A/S/,Дотоод
Инсулины зүү автомат эмн/х 31гр х 5мм N1,Дотоод
Интралипид 20% 250мл N1,Дотоод
Интубацийн гуурс /steril эмн/х cuffed/ 4.5 N1,Дотоод
Интубацийн чиглүүлэгч гуурс 2.0мм эмн/х N1,Дотоод
Интубацийн чиглүүлэгч гуурс 5.0мм эмн/х N1,Дотоод
Интубацын гуурс cuffed ID:6.5mm OD:8.7mm Fr26 N1 /Хятад/,Дотоод
Интубацын гуурс cuffed ID:7.0mm OD:9.3mm Fr28 N1 /Хятад/,Дотоод
Иод уусм 10% 25мл N1,Дотоод
Йодоксид эм/лаа 200мг N10,Дотоод
Итас капсул N60 Amino up,Дотоод
Кабивен периферал 900мл,Дотоод
Кабивен приперал д/шин 1440мл N1,Дотоод
Кагоцил шахм 12мг N20,Дотоод
Калвацин гель 20г N1 /Уламжлалт анагаах ухааны хүрээлэн/,Дотоод
Кали смесь /ivco/ д/шин 100мл N1,Дотоод
Кали смесь /ivco/ д/шин 250мл N1,Дотоод
Калийн хлорид тарилгын шингэн 7.5%-100мл N1 /IVCO/,Дотоод
Калийн холимог /энхийн шүүдэр д/шин 100мл N1,Дотоод
Калийн холимог шингэн т/шин 250мл N1,Дотоод
Каломин С бүрхүүлтэй шахмал 20мг N30 /Korea United Pharm/,Дотоод
Кальци L-Аспартат 200мг N100,Дотоод
Кальци Д3 Никомед апельсин заж/ш 500мг+200 ОУН N120,Дотоод
Кальци Д3 Никомед минт заж/ш 500мг+200 ОУН N120,Дотоод
Кальци Д3 Никомед форте лимон заж/ш 500мг+400 ОУН N120,Дотоод
Кальци магни 400:200 Капсул №120 /Premium/,Дотоод
Кальциар баялаг цэлцэгнүүр 280гр №28 /Shiseido/,Дотоод
"Кальций D3, /Эвалар/ шахм 2гр N30 0646",Дотоод
Кальцийн глюконат / түш / шахм 500мг N10,Дотоод
Кальцийн глюконат /монос/ капс 500мг N10,Дотоод
Кальцийн глюконат /энси/ т/уусм 1мг/ 10мл N10,Дотоод
Камиле күүл дусал 10мг+0.1мг+0.02мг+0.02мг/мл-14мл №1 /Kukje/,Дотоод
Камистад беби гель 20мл №1,Дотоод
Камистад гель 20мг + 200мг 10гр,Дотоод
Камостат мезилат шахмал 100мг N100 /Towa/,Дотоод
Канефрон H б/шахм N60,Дотоод
Канефрон Н дусал 100мл,Дотоод
Капто-Нахиа шахм 25мг N100,Дотоод
Каптоприл /соф/ шахм 25мг N40,Дотоод
Кар-Q 100 N30,Дотоод
Карбоцистейн б/шахм 500мг N100,Дотоод
Кардиазем шахмал 30мг №100,Дотоод
Кардив/Никардипине/ 1мг 10мл N10,Дотоод
"Кардиовит т/уусм 0,5% 2мл N3",Дотоод
Кардиомагнил Форте шахм 150мг N100,Дотоод
Карегин Борын хүчилтэй лаа 2г №10,Дотоод
Карнилев т/уусм 1г/5мл N5 /Spey Medical/,Дотоод
Карнилев уух уусм 1г-10мл N10 /Help S.A/,Дотоод
Карсил б/шахм 22.5мг N80,Дотоод
Карсил Макс капс 110мг N30,Дотоод
Катетер цээжний хөндий /Thoracic drainage/ 32FG,Дотоод
Каффетин шахм 250мг+210мг+50мг+10мг N12,Дотоод
Кебанон наалт 30мг N7,Дотоод
Кено өтгөн түрхлэг мазь 1мг 3гр N1,Дотоод
Кеппра XR шахм 750мг N30,Дотоод
Кеппра сироп 100мг/мл - 150мл N1,Дотоод
Кеппра шахм 1000мг N60,Дотоод
Кеппра шахм 250мг N60,Дотоод
Кеппра шахм 500мг N60,Дотоод
Кетотифен /Лекхим/ шахм 1мг N30,Дотоод
Кетотифен /соф/ шахм N30,Дотоод
Кетразин шахм 5мг N10,Дотоод
К-Каб 50мг №30 /бүрхүүлтэй шахмал/,Дотоод
"Клавмакс-Т бүрхүүлтэй шахмал 500мг+125мг N100 /Yung Shin Pharm Ind Co.,Ltd/",Дотоод
Клавомид 375 б/шахм 375мг N20,Дотоод
Клавомид 625 б/шахм 625мг N20,Дотоод
Кланекси тар/н 1000мг+ 200мг N1,Дотоод
Кларем шахм 250мг N14,Дотоод
Кларем шахм 500мг N14,Дотоод
Клари-БКРС шахм 500мг N10,Дотоод
Кларитромицин капс 500мг N10,Дотоод
Кларитромицин шахм /нобел / 500мг N7,Дотоод
Кларитромицин шахм 500мг N10,Дотоод
Кларитромицин Экозитрин б/шахм 500мг N14,Дотоод
Кларитрон /монос/ шахм 500мг N14,Дотоод
Клартикор / кларитромицин / шахм 250мг N10,Дотоод
Клартикор / кларитромицин / шахм 500мг N10,Дотоод
Клизмийн хошуу нэг удаа Size 22 N1 /Хятад/,Дотоод
Клизмийн хошуу нэг удаа Size 24 N1 /Хятад/,Дотоод
Климадинон шахм N60,Дотоод
Клиндацин -Т 30гр гель №1,Дотоод
Клинел юниверсал сп 500мл N1 /Клинел/,Дотоод
Клицин капс 300мг N100,Дотоод
Клобезол уусм 46.6мг/100мл-50мл N1,Дотоод
Кломезол лаа үт 500мг+200мг+ 150мг N10,Дотоод
Клопида шахм 75мг N30,Дотоод
КлопиКейр 75мг N30,Дотоод
Клорокс ариутгагч сальфетка N75,Дотоод
Клорокс ариутгагч сальфетка N85,Дотоод
Клорокс халдваргүйжүүлэх сальфетка (Lemon) N75,Дотоод
Клорокс халдваргүйжүүлэх сальфетка (Scentiva) N76,Дотоод
Клорокс халдваргүйжүүлэх сальфетка (Scentiva) N95,Дотоод
Клорокс эмнэлэгийн ариутгагч сальфетка N75,Дотоод
Коагуляцийн түлэгч хошуу N1 /Хятад/,Дотоод
Кококлеан Баллон 240мл N1,Дотоод
Кококлеан Давс нунт 2гр N1,Дотоод
Колд Релиф 500мг N10 /шахмал/,Дотоод
Колдавр 5мг+5мг+325мг капсул N100 /Syncom/,Дотоод
Колдакмин капс N10,Дотоод
Колдвон кидс нөүз сироп 1мг+15мг N10,Дотоод
Колдвон нөүз с сироп 325мг+2.5мг+25мг+30мг N20,Дотоод
Колдвон сироп 325мг+2.5мг+12мг+18мг+42мг+30мг- 20мл N20,Дотоод
Колдкап 500мг+2мг+5мг каплет N30 /XL Laboratories/,Дотоод
"Колдпанг Зөөлөн Капсул 200mg + 1,25MG + 12.5MG + 15MG + 8mg + 41.6MG №10",Дотоод
"Колдпанг Зөөлөн Капсул 200mg + 1,25MG + 12.5MG + 15MG + 8mg + 41.6MG №10 ",Дотоод
Колкол-С капс N10,Дотоод
"Коллаген Витамин C /Эвалар/ шахм 6000 мг 1,2 г N90 1414",Дотоод
Колмифен шахм 10мг N60,Дотоод
Колонил 135 мг бүрхүүлтэй шахмал N100,Дотоод
"Колхицин ВР шахм 0,5мг N100",Дотоод
Комбидерм тос/т 15гр N1,Дотоод
Комплигам В т/уусм 50мг/мл+50мг/мл+0.5мг/мл+10мг/мл 2мл N5,Дотоод
"Конкор Кор шахм 2,5мг N30",Дотоод
Коол-Пнеу нүд/дус 10мл N1,Дотоод
Ко-пилл бүрхүүлтэй шахмал 1.5мг №1 /West-Coast/,Дотоод
Корзит /азитромицин / шахм 250мг N6,Дотоод
Корзит /азитромицин / шахм 500мг N3,Дотоод
Корилекс шахм N20,Дотоод
Кормега капс 1гр N30,Дотоод
Королд таб шахм 500мг+30мг+2мгтр N10,Дотоод
Кортексин тар/н 10мг N10,Дотоод
Кортексин тар/н 5мг N10,Дотоод
Корус Метронидазол шахмал 500мг №100 /Hankook Korus Pharm/,Дотоод
Корус Цефотаксим / Крас / тар/н 1гр N10,Дотоод
Кости шахм 10мг N30,Дотоод
Котримексазол /мөнх.тун/ шахм 480мг N10,Дотоод
Котримиксазол /энси/ шахм 480мг N10,Дотоод
Кофкэйнди хербал N100 /Хятад/,Дотоод
Кофлет сироп 100мл,Дотоод
Кофлет хүлхмэл /жүрж+зөгийн бал/ N6,Дотоод
Кофлет хүлхмэл /нимбэг+зөгийн бал / N6,Дотоод
Кофлет хүлхмэл /цагаан гаа+зөгийн бал / N6,Дотоод
Кофлет хүлхмэл N10,Дотоод
Кофлет хүлхмэл N250,Дотоод
Кофлет хүлхмэл N75,Дотоод
Кранберри экстракт капс 200мг N200,Дотоод
Кранберри экстракт капс 200мг N60,Дотоод
Креданил 25/250 N50,Дотоод
Ксарелто б/шахм 15мг N28,Дотоод
Ксарелто б/шахм 20мг N28,Дотоод
"Ксезолин сп/х 0,1%- 10мл",Дотоод
Ксефокам шахм 8мг N10,Дотоод
Куратик наалт 12мм №10 /Cheomdan gwagi-ro/,Дотоод
Курефен сироп 72мг/6мл №20 /Daewon Pharm/,Дотоод
Куркума плюс Гүзээлзгэнэ эмульс 200мл,Дотоод
Куркума плюс Жүрж эмульс 200мл,Дотоод
Күүл лайт нунтаг 56.402гр N4 /Genuone/,Дотоод
Күүлбон ментолтой уян боолт 10см х 3м N1,Дотоод
Күүлбон ментолтой уян боолт 10см х 3м N1 ,Дотоод
Кэйр & Кэйр мэс заслын наалт 10*20см 801015 N1,Дотоод
Кэйр & Кэйр мэс заслын наалт 10*25см 801016 N1,Дотоод
Кэйр & Кэйр мэс заслын наалт 10*30см 801017 N1,Дотоод
Кэйр & Кэйр мэс заслын наалт 9*10см 801013 N1,Дотоод
Кэйр & Кэйр мэс заслын наалт 9*15см 801014 N1,Дотоод
Кэрол сироп 20мг/мл-90мл N1 /Ildong/,Дотоод
"Лаб/урв Arkray Multi Panel-1 /GPT, GOT, BUN, Glu, T-Chol, T-Bil/ /+2 - +8/ N25",Дотоод
Лаб/урв Arkray T-bilirubin /+2 - +8/ N25,Дотоод
Лаб/урв Arkray-Creatinine /+2 - +8/ N25,Дотоод
Лаб/урв Arkray-GOT/AST /+2 - +8/ N25,Дотоод
Лаб/урв Arkray-GPT/ALT /+2 - +8/ N25,Дотоод
Лаб/урв Arkray-Pipette tip N500,Дотоод
Лаб/урв Cell Pack 20л,Дотоод
Лаб/урв CRP Latex 100 хүн тун /fortress/ №1,Дотоод
Лабор д/шин /ivco/ 250мл N1,Дотоод
Лабор т/шин 250мл N1,Дотоод
Лаеннек т/шин 2мл N50,Дотоод
Лайткүүл хөвм 10мл N20,Дотоод
Лакригел нүдний гель 2%-5г №1 /Sunway (India) PVT.LTD/,Дотоод
Лаксинг шахм N100,Дотоод
Лактофильтрум шахм 355мг + 120мг N60,Дотоод
Лактулоза лайнко хөвм 667мг/мл 10гр N50,Дотоод
Лактулозум Хаско сироп 2.5г/5мл-150мл №1  /PPF.Hasco-Lek S.A./,Дотоод
Лактулозум Хаско сироп 2.5г/5мл-150мл №1 /PPF.Hasco-Lek S.A./,Дотоод
Ламиктал шахм 100мг N90,Дотоод
Ламиктал шахм 50мг N90,Дотоод
Ланавир 500мг N20,Дотоод
Ланадексон шахм 0.5мг N100,Дотоод
Ланакелойд - Е крем 10г №1 /PT. Pertiwi Agung/,Дотоод
Ланапрост шахм 80мг N30,Дотоод
Ланпурин шахм 100мг N100,Дотоод
Лансорбид шахм 5мг N100,Дотоод
Ланфикс хөвмөлийн нунтаг 100мг/5мл-30мл №1 /PT. Pertiwi/,Дотоод
Ланцет зүү 28G №1 /Ньюремеди/,Дотоод
Ланцет зүү N1 /Хятад/,Дотоод
Левозин Ф.С 5мг N10 /Standard Chem/,Дотоод
Левомепромазин шахм 25мг N50,Дотоод
Леди Кит шахм 150мг+1г+10г N4,Дотоод
Лейкоген шахмал 20мг N32 /JEBEL pharm/,Дотоод
Лейкопластырь /Лийр/ 2*500см №1,Дотоод
Лейкопластырь /Лийр/ 3*500см №1,Дотоод
Лейкопластырь /Лийр/ 5*500см №1,Дотоод
Лейкопластырь 2*500 /Zink Oxide/ N1,Дотоод
Лейкопластырь 3*500 /Zinc Oxide/ N1,Дотоод
"Лейкопластырь 2х500 №1 /Anji SPENQ Industrial Co.,LTD/",Дотоод
"Лейкопластырь пластырь наалт 3х500 №1 /Anji SPENQ Industrial Co.,LTD/",Дотоод
"Лейкопластырь пластырь наалт 4х500 №1 /Anji SPENQ Industrial Co.,LTD/",Дотоод
"Лейкопластырь пластырь наалт 5х500 №1 /Anji SPENQ Industrial Co.,LTD/",Дотоод
Лейкопластырь шархны лент /Аюур тун/ 3см*5м N1,Дотоод
Лейкопластырь шархны лент /Аюур тун/ 4см*5м N1,Дотоод
Лейкопластырь шархны лент /Аюур тун/ 5см*5м N1,Дотоод
Лемиген тарилгын уусмал 20мл N1 /Това/,Дотоод
Либрозим плюс шахм N100,Дотоод
Лив 52 ДС шахм N60,Дотоод
Лив 52 дусал 30*2мл N1,Дотоод
Лив 52 сироп 100мл N1,Дотоод
Лив 52 шахм N100,Дотоод
Лив.HB капс N30,Дотоод
Ливарол эм/лаа 400мг N5,Дотоод
Ливертин актив шахм №30 /Vetprom/,Дотоод
Лидаза тар/н 1280ме №10,Дотоод
Лидаза тар/н 64 N10,Дотоод
Лидокайн /ivco/ 2% 2мл N1,Дотоод
Лидокаин [Тэгш-Анар] т/уусм 40мг- 2мл N10,Дотоод
Лидо-Нахиа тарилгын уусмал 2%-2мл N10 /Нахиа/,Дотоод
Ликотон тарилгын уусмал 20мл N5 /Siu Guan/,Дотоод
Лилайз роза лаа үт 5мг N10,Дотоод
Линктус /сахаргүй/ сироп 125мг/5мл- 200мл N1,Дотоод
Линктус сироп 125мг/5мл- 200мл N1,Дотоод
Линктус хүүхдийн /сахаргүй/ сироп 31.25мг/мл- 200мл N1,Дотоод
Линктус хүүхдийн сироп 31.25/5мл - 200мл N1,Дотоод
Липидокэйр липидийн стандарт тест стрип N20,Дотоод
Лит-Контроль pH Ап N60 /DEVICARE SL/,Дотоод
Лит-Контроль pH Баланс N60 /DEVICARE SL/,Дотоод
Лит-Контроль pH Даун N60 /DEVICARE SL/,Дотоод
Лифарген т/уусм 20мл N1,Дотоод
Локсопрофены натри 60мг шахмал N100 /Towa/,Дотоод
Лонгидаза лаа 3000 ОУН №10 /NPO Petrovax Pharm/,Дотоод
Лоратин /монос/ 10мг N20,Дотоод
Лоринден А тосон түрхлэг 15гр N1 /Jelfa SA/,Дотоод
Лукол шахм N100,Дотоод
Луотай капс 100мг N30,Дотоод
"Лутасин 1,2гр N10",Дотоод
Лутейн капс 10мг N60,Дотоод
Лутейн капс 20мг N60,Дотоод
Л-Эсфаль т/уусм 50мг/мл 5мл N5,Дотоод
Лянхуа хүлхмэл №12,Дотоод
Лянхуа Чингвен капс 350мг N24,Дотоод
Лянхуа эрүүл мэндийн ундаа 310мл,Дотоод
Мааредже нийлмэл ДС хөвмөл нунтаг 1г N1 /Towa/,Дотоод
Магне В6 бүрхүүлтэй шахмал 470мг+5мг N100 /Mekophar/,Дотоод
Магне В6 шахм 470мг+5мг №60 /Opella/,Дотоод
Магне Д'Оро Ликүид сироп 815мг №20 /Fortex/,Дотоод
Магнезиум+ Б комплекс нунт 400мг 44гр N20,Дотоод
Магнес таб 470мг + 5мг №100 /Dae Hwa Pharmaceutical/,Дотоод
Магни сульфат /даль/ т/уусм 25% 10мл N10,Дотоод
"Магни+Вит В6 шахм /хаско/ 60мг+1,4мг N60",Дотоод
Магнийн сульфат /50ус/ нунт 25гр N1,Дотоод
Магнийн сульфат тарилгын уусмал 25%-10мл N10 /Цомбо/,Дотоод
Магнимон шахм 470/5мг N50,Дотоод
"Мадонна шахм 0,75мг N2",Дотоод
Маймед Хэл дарагч / модон / N1,Дотоод
Малариа түргэвчилсэн тест (Hangzhou) N25,Дотоод
Мана 4 N15,Дотоод
Мана-4 тунлагдсан нунтаг 0.8гр N10 /Монг-Эм/,Дотоод
Маннитол /ivco/ д/шин 100мл N1,Дотоод
Маннитол /ivco/ д/шин 250мл N1,Дотоод
Маннитол /ivco/ д/шин 500мл N1,Дотоод
Маннитол д/шин 10%- 500мл N1,Дотоод
Маннитол т/шин 10%- 100мл N1,Дотоод
Маннитол т/шин 10%- 250мл N1,Дотоод
Мансууруулах сэтгэц нөлөөт эмийн бүртгэлийн дэвтэр N100,Дотоод
Марин ай АЛГ /Marine-eye ALG/ нүд/дус 15мл,Дотоод
Марль /ариун / 10*10 N5 /Хятад/,Дотоод
Марль /ариун / 7.5*7.5 N5 /Хятад/,Дотоод
Масимо LNCS DCI SpO2 сенсор 1863 N1,Дотоод
Масимо Red LNC-10 кабель 2056 N1,Дотоод
Маск KF-94 том/хүн  өнгөтэй /сайнаа / эмн/х N1,Дотоод
Мастик - ЛС шахм 10мг+5мг N100,Дотоод
Мастодинон дусал 50мл,Дотоод
Мастодинон шахм N60,Дотоод
"Матафреш нүд/дус хиймэл нулимс 0,1% 2мл N5",Дотоод
Махацеф-200 шахм 200мг N10,Дотоод
МДФ Чагнуур MDF 747XP том хүн N1,Дотоод
Мебо капс N50,Дотоод
Мебо сорвины тос 40гр,Дотоод
Мебо шархны наалт 100х100 N1,Дотоод
Мебо шархны наалт 40х60 N1,Дотоод
Мебо шархны наалт 60х120 N1,Дотоод
Мебо шархны тос 10гр N1,Дотоод
Мебо шархны тос 40гр,Дотоод
Медомокс 250 ДиТи дисперсийн шахмал 250мг №20 /Medopharm/,Дотоод
Мексидол т/уусм 50мг/мл 5мл N5,Дотоод
Мелатонин гамми  №10,Дотоод
Мелатонин шахм 5мг N120,Дотоод
Мемори плас шинг 10мл N20,Дотоод
Меносан шахм N60,Дотоод
Ментат сироп 100мл N1,Дотоод
Ментат шахм N50,Дотоод
Меропенем тар/н 1г №10,Дотоод
Метилдопа б/шахм 250мг N100,Дотоод
Метилдопа шахм 250мг N100,Дотоод
Метиллин хөх /50 ус/ фл 1% 20мл N1,Дотоод
Метилсульфонилметан шахмал N120 /Premium natural/,Дотоод
Метоклопрамид [Тэгш-Анар] т/уусм 10мг- 2мл N5,Дотоод
"Метотрексат б/шахм 2,5мг N100",Дотоод
Метрид тарилгын шингэн 0.5%-100ml N1 /Otsuka Pharmaceutical/,Дотоод
Метровагин лаа үт 500мг N10,Дотоод
Метромикон Нео үтрээ лаа 500мг+100мг №14 /Farmaprim SRL/,Дотоод
Метромикон форте үтрээний лаа 750мг+200мг №7 /Farmaprim SRL/,Дотоод
Метронидазол /cizen/ дусал 500мг/ 100мл N1,Дотоод
Метронидазол /ivco/ 100мл N1,Дотоод
Метронидазол /берно/ шахм 500мг N100,Дотоод
"Метронидазол /бээжин/ д/шин 0,5% 100мл N1",Дотоод
Метронидазол /мөнх.тун / шахм 250мг N10,Дотоод
Метронидазол /мөнх.тун/ шахм 500мг N10,Дотоод
Метронидазол /энси/ шахм 250мг N10,Дотоод
Метронидазол шахм 500мг N10,Дотоод
Мигреоут шахм 10мг №10,Дотоод
Мидзо ууж хэрэглэх уусмал 60мг/мл-15мл №4 /Special/,Дотоод
Микожинакс эм/лаа N12,Дотоод
Микорил 100 үтрээний шахмал 100мг №6,Дотоод
Микорил шахмал 500мг №1 /Remedica Ltd/,Дотоод
Миксафлу шахм N25,Дотоод
Милк тисл 1000мг N90,Дотоод
Милк тистл капс 1000мг N120,Дотоод
Милк тистл капс 175мг N60,Дотоод
Минигрип шахм 125мг N25,Дотоод
Миний Ни Витамин Д3 капс 280 мг*90 №1 /RP BIO Inc/,Дотоод
Мирамил кидс 100мл N1 /UAB Valentis/,Дотоод
Мирамил цацлага 30мл N1 /UAB Valentis/,Дотоод
Митолан 10мл N20,Дотоод
Модкол С зөөлөн капсул №10,Дотоод
Модкоф з/капс N10,Дотоод
МозинКэйр сироп 60мл N1 /Huazhong/,Дотоод
"Моксик шахм 7,5мг N100",Дотоод
Моксилеб-250 аманд задрах шахмал 250мг N100 /Leben/,Дотоод
Мон-Ахилл 450мг N60 /MON ACHILLE/,Дотоод
Монегра 100мг N4,Дотоод
Монмуми /Барагшуны өтгөн ханд / 100мл N1,Дотоод
монос салимон ханд 100мл N1,Дотоод
Монсара балм 5гр №1,Дотоод
Монтавит гель/интимент увлаж/ 20гр,Дотоод
Монтелукаст 10мг хальсан бүрхүүлтэй шахмал №28 /Deva/,Дотоод
Монтикоп б/шахм 10мг + 5мг N30,Дотоод
Монурал Ууж хэрэглэх уусмал бэлтгэх гранул 3г №1 /Zambon/,Дотоод
Монфлю мөхлөг 6г N10 /Уламжлалт анагаахын хүрээлэн/,Дотоод
Морфин тарилгын уусмал 1%-1мл N1 /IVCO/,Дотоод
Мөнгөлөг нөмрөг эмн/х N1,Дотоод
Мөрний хамгаалалт ОС-2042 105-115см /XL/ №1 /Flamingo/ /Ascent meditech/,Дотоод
Мөрний хамгаалалт ОС-2042 115-125см /2XL/ №1 /Flamingo/ /Ascent meditech/,Дотоод
Мөрний хамгаалалт ОС-2042 125-135см /3XL/ №1 /Flamingo/ /Ascent meditech/,Дотоод
Мөрний хамгаалалт ОС-2042 95-105см /L/ №1 /Flamingo/ /Ascent Meditech/,Дотоод
Мөчдийн оймс 12 2.7см х 20м N1,Дотоод
МультиВита/тамипүүл/ №10 N10,Дотоод
Мультиплас капс N30 /Elbi/,Дотоод
Мупсин тос/т 20гр,Дотоод
Муцера сироп 15мг/5мл 30*2мл,Дотоод
Муцера шахм 30мг N100,Дотоод
Мэс заслын хайлдаг утас WEGO-PGA 75см 1/2 5-0 N1,Дотоод
Мэс заслын хутганы ир size 11 N100,Дотоод
"Мэс/утас W736 Ethilon Polyamide /эсрэг ирмэгтэй гурвалжин зүү/ 2-0, N1 /Johnson & Johnson/",Дотоод
Мэс/утас W748 Ethilon black /гурвалжин зүү/ 1/0 N1,Дотоод
Наалт Cool 14см*10см №1 /Тэгш-анар/,Дотоод
Наалт Hot 14см*10см №1 /Тэгш-анар/,Дотоод
Наалт бартай 7см*10см №10 /Тэгш-Анар ХХК/,Дотоод
Наалт бартай N4,Дотоод
Наалт усны хамгаалалттай 10*15см №1 /Тэгш-анар ХХК/,Дотоод
Наалт усны хамгаалалттай 6*7см №1 /Тэгш-Анар ХХК/,Дотоод
Наалт хавчтай N25,Дотоод
Наалт хүн орхоодой 9.3см*13.2см N20 /Тэгш-Анар/,Дотоод
Наалт хүн орхоодой 90мм*130мм №25 /Тэгш-анар ХХК/,Дотоод
Нажатокс тос/т 40гр,Дотоод
"Назатив сп 0,5мг 140тун N1",Дотоод
"Назафлекс сп/х 0,5мг+1,4мг+0,2мг 18мл N1",Дотоод
Назофаригийл эйрвэй ID 8.5 N1,Дотоод
"Назофарингил эйрвэй ID:6,5мм N1",Дотоод
"Назофарингил эйрвэй ID:7,5мм N1",Дотоод
Назофарингил эйрвэй эмн/х улбар шар IN/407 7мм N1,Дотоод
Назоферон сп 100000 ОУН/мл 5мл N1,Дотоод
Нако №5 дусал 500мл N1,Дотоод
Накол плюс сироп 90мл N1 /Ildong/,Дотоод
Наотонг капс 260мг N24,Дотоод
НапроКейр 550мг N10 /каплет/,Дотоод
НатАспин Контрол Про 15.3гр N30 UAB Valentis,Дотоод
Натри салицилат /цомбо/ т/уусм 10% 10мл N10,Дотоод
"Натри Хлорид 0,9%-100мл",Дотоод
"Натри Хлорид 0,9%-250мл",Дотоод
Натри хлорид уусм 3% - 250мл,Дотоод
Натрийн бикарбонат /ivco/ д/шин 4% 100мл N1,Дотоод
"Натрийн хлорид /ivco / д/шин 0,9% 1000мл N1",Дотоод
"Натрийн хлорид /ivco/ д/шин 0,9% 100мл N1",Дотоод
"Натрийн хлорид /ivco/ д/шин 0,9% 250мл N1",Дотоод
"Натрийн хлорид /ivco/ д/шин 0,9% 500мл N1",Дотоод
"Натрийн хлорид /ivco/ уусм 0,9% 2мл N1",Дотоод
Натрийн хлорид /Shandong / д/шин 100мл N1,Дотоод
"Натрийн хлорид /энхийн шүүдэр/ д/шин 0,9% 100мл N1",Дотоод
"Натрийн хлорид /энхийн шүүдэр/ д/шин 0,9% 250мл N1",Дотоод
"Натрийн хлорид /энхийн шүүдэр/ д/шин 0,9% 500мл N1",Дотоод
Натрийн хлорид 0.9%-2мл №10 /Цомбо/,Дотоод
Натрийн хлорид т/уусм 0.9%-2мл №10 /Нахиа/,Дотоод
Натрийн хлорид тарилгын уусмал 0.9%-2мл /Нахиа/ №50,Дотоод
"Натур айд Hair, Skin and Nails капс N30",Дотоод
Натур айд Pregnancy витамин+минерал+фолийн хүчил N60,Дотоод
Натур айд Витамин Д3 1000ОУН N90,Дотоод
Натур айд Витамин Д3 дусал 400ОУН 50мл N1,Дотоод
Натур айд Витамин Е 1000мг N30,Дотоод
Натур айд Витамин С 500мг N50,Дотоод
Натур айд Глюкозамин МSM Хондротин 500мг+100мг N90,Дотоод
Натур айд Кальци+Магни+Витамин шахм Д3 /800мг+400мг+800ОУН/ N90,Дотоод
Натур айд Ко-Энзим Q10 30мг N30,Дотоод
Натур айд Мультивитамин дусал 50мл N1,Дотоод
Натур айд Фиш ойл 1000мг N90,Дотоод
Натур айд Фолийн хүчил 400мг N90,Дотоод
Натур айд шахм Мультивитамин+Минерал N90,Дотоод
Натур плас CFU 30 тэрбумтай нунтаг N30,Дотоод
"Нафазолин /монос/ сп 0,1% 10мл N1",Дотоод
"Нафазолин /монос/ х/дус 0,1% 10мл N1",Дотоод
"Нафазолин сп/х 0,1% 10мл N1",Дотоод
Начу уру баланс нүд/дус 15мл,Дотоод
Небулайзер маск том хүн /гуурстай/ N1,Дотоод
Небулайзер маск эмн/х size L №1 /Ningbo Shengyurui/,Дотоод
Небулайзер маск эмн/х size M N1,Дотоод
Небулайзер маск эмн/х size S N1,Дотоод
Небулайзер маск/утлагын хошуу N1,Дотоод
Небулайзер утлагийн маск /хүүхэд/ N1 /USA/,Дотоод
Нейпилепт т/уусм 250мг/мл-4 мл №5 /Сотекс/,Дотоод
"Нейроблок В12 75мг + 2,7мг + 10мг N5",Дотоод
"Нейродикловит капс 50мг+ 50мг +50 мг +0,25мг N30",Дотоод
Нейромалин капс 50мг N24,Дотоод
Нейрорубин тарилгын уусмал 2мл №10 /Цомбо фарм/,Дотоод
Нейрорубин-Нахиа т/уусм 2мл N5,Дотоод
Нейроцитин 10мг/мл-50мл №1 тарилгын уусмал,Дотоод
Неожинакс үтрээний лаа 250мг+100мг+100.000 ОУН №12,Дотоод
Неокидс ВитаЦинк заж/ш 90гр N30,Дотоод
Неокидс Калци+К2 зөөлөн чихэр 150гр N30,Дотоод
Неокидс Омега 3 DHA заж/ш N30,Дотоод
Неокидс Прополис плас сироп дархлаа дэмжих 150мл N1,Дотоод
Неокидс сироп өсөлт дэмжих 150мл N1,Дотоод
"Неокидс сироп тайвшруулах, нойрсуулах 150мл N1",Дотоод
Неокидс сироп хоолны дуршил сайжруулах 150мл N1,Дотоод
"Неокидс суэро сироп хордлого тайлах, шингэн нөхөх 50мл N5",Дотоод
Нео-Миксагрип шахмал 500мг+2мг+10мг N25 /PT. Dankos/,Дотоод
Нео-Пенотран форте эм/лаа 750мг+200мг N7,Дотоод
Неопол үт/кап N12,Дотоод
Нефрис капс N100,Дотоод
Нефромон /50ус/ сп/х 100мл N1,Дотоод
Нефромон /монос/100мл N1,Дотоод
Нивамицин 500 бүрхүүлтэй 500мг шахмал N10 /Medopharm/,Дотоод
Ниссел шахм 25мг N100,Дотоод
"Нитроглицерин [лекхим] шахм 0,5мг N40",Дотоод
"Нитроконтин шахм 2,6мг N25",Дотоод
Нифедипин Лекхим б/шахм 10мг N50,Дотоод
Нифедипин Лекхим б/шахм 20мг N50,Дотоод
Ницерголин 5мг N100,Дотоод
Ничибан Cathereeplus Pad ариун наалт 0203 №30 20mm*30mm,Дотоод
Ничибан Cathereeplus Pad ариун наалт 0405 N50 40mm*50mm,Дотоод
Ничибан Cathereeplus Pad ариун наалт 0405 N50 40mm*50mm ,Дотоод
Ничибан Cathereeplus PAD ариун наалт 0508 50мм*80мм N1,Дотоод
Ничибан Cathereeplus Pad ариун наалт 1010 рулон N1 100mm*100mm,Дотоод
Ничибан Cathereeplus Pad ариун наалт 1114 N25 110mm*140mm,Дотоод
Ничибан Cathereeplus.Pad 0610 ариун наалт  60мм*100мм N1,Дотоод
Ничибан Cathereeplus.Pad 0610 ариун наалт 60мм*100мм N1,Дотоод
Ничибан Cathereeplus.Pad 0812 шархны наалт  80мм*120мм N1,Дотоод
Ничибан Cathereeplus.Pad 0812 шархны наалт 80мм*120мм N1,Дотоод
Ничибан Cathereeplus.Pad ариун наалт 0921 90мм*210мм N1,Дотоод
Ничибан Catheripad Mild ариун наалт 0508 50мм*80мм N1,Дотоод
Ничибан Catheripad Mild ариун наалт 0610  6см*10см N1,Дотоод
Ничибан Catheripad Mild ариун наалт 0610 6см*10см N1,Дотоод
Ничибан Catheripad Mild ариун наалт 0812 N25 80mm*120mm,Дотоод
Ничибан Catheripad Mild ариун наалт 0915  90мм*150мм N1,Дотоод
Ничибан Catheripad Mild ариун наалт 0915 90мм*150мм N1,Дотоод
Ничибан Catheripad Pad ариун наалт 0915  90мм*150мм N1,Дотоод
Ничибан Chushavan наалт /20мм*20мм/ S N10,Дотоод
Ничибан Хуруу лент М N30,Дотоод
"Нобивент ин/ц 2,5мг 2,5мл N1",Дотоод
"Нобивент плас ин/ц 2,5мг+500мкг 2,5мл N1",Дотоод
Нова кит шахм N7 (6*7),Дотоод
Новамин д/шин 8.5% 250мл N1,Дотоод
Новелайз лаа 2гр №10 /Vegapharm/,Дотоод
Новокайн /ivco/ д/шин 1% 100мл N1,Дотоод
"Новокайн /ivco/ уусм 0,25% 2мл N1",Дотоод
Новокайн т/уусм 0.25%-2мл №10 /Цомбо/,Дотоод
Новорапид Флекспен тарилгын уусмал + тариур 100ОУН/мл-3мл №5 /Novo Nordisk/,Дотоод
Новосалик т/түрх 0.5мг+30мг N1 /Replek/,Дотоод
Нойрос шахм 50мг N10,Дотоод
Нойтон сальфетка Yoursun 120ш,Дотоод
Нойтон сальфетка Yoursun 80ш,Дотоод
"Ноксан т/уусм 40мг/0,4мл N2",Дотоод
Ноксапирин т/уусм+тариур 40мг/0.4мл N5 /United Biotech/,Дотоод
Нолколд шахм 500мг+2мг+5мг+20мг N10,Дотоод
Номидес капсул 75мг №10 /PHARMASYNTEZ LLC/,Дотоод
Норалин тарилгын уусмал 2мг/мл-2мл N2 /United Biotech/,Дотоод
Норов 7 N15,Дотоод
Но-Х-ша т/уусм 20мг/мл 2мл N5,Дотоод
Ноцид шахм 630мг N100,Дотоод
Нош-Бра 2% 2мл N10,Дотоод
Нугасны зүү 22G 90mm N1,Дотоод
Нуклео ЦМФ Форте N3,Дотоод
Нуклео ЦМФ Форте капс N30,Дотоод
Нурофен б/шахм 200мг N10,Дотоод
Нурофен б/шахм 200мг N20,Дотоод
Нурофен Клубничным сироп 100мг/5мл 100мл N1,Дотоод
"Нуруу,Мөрний хамгаалалт ОС-2034 70-80см /S/ №1 /Flamingo/ /Ascent meditech/",Дотоод
"Нуруу,Мөрний хамгаалалт ОС-2034 80-90см /M/ №1 /Flamingo/ /Ascent meditech/",Дотоод
"Нуруу,Мөрний хамгаалалт ОС-2363 100-110см /XL/ №1 /Flamingo/ /Ascent meditech/",Дотоод
"Нуруу,Мөрний хамгаалалт ОС-2363 80-90см /M/ №1 /Flamingo/ /Ascent meditech/",Дотоод
"Нуруу,Мөрний хамгаалалт ОС-2363 90-100см /L/ №1 /Flamingo/ /Ascent meditech/",Дотоод
Нурууны 4 уян тулгуурт бүс  JYK-B004 L N1 /Osky Medical/,Дотоод
Нурууны 4 уян тулгуурт бүс JYK-B004 L N1 /Osky Medical/,Дотоод
Нурууны 4 уян тулгуурт бүс JYK-B004 M N1 /Osky Medical/,Дотоод
Нурууны 4 уян тулгуурт бүс JYK-B005 L N1 /Osky Medical/,Дотоод
Нурууны 4 уян тулгуурт бүс JYK-B005 M N1 /Osky Medical/,Дотоод
Нурууны 4 уян тулгуурт бүс JYK-B005 XL N1 /Osky Medical/,Дотоод
Нурууны 4 уян тулгуурт бүс JYK-B006 XL N1 /Osky Medical/,Дотоод
Нурууны бүс JYK-B005 N1 /Osky Medical/,Дотоод
Нурууны бүс ОС-2033 120-130см /3XL/ №1 /Flamingo/ /Ascent meditech/,Дотоод
Нурууны бүс ОС-2033 90-100см /L/ №1 /Flamingo/ /Ascent meditech/,Дотоод
Нурууны бүс ОС-2050 100-110см /XL/ №1 /Flamingo/ /Ascent meditech/,Дотоод
Нурууны бүс ОС-2050 110-120см /XXL/ №1 /Flamingo/ /Ascent meditech/,Дотоод
Нурууны бүс ОС-2050 70-80см /S/ №1 /Flamingo/ /Ascent meditech/,Дотоод
Нурууны бүс ОС-2050 80-90см /M/ №1 /Flamingo/ /Ascent meditech/,Дотоод
Нурууны бүс ОС-2050 90-100см /L/ №1 /Flamingo/ /Ascent meditech/,Дотоод
Нүдний ариун наалт окулар 5.7см*8.2см N1 /Medrull/,Дотоод
Нүдний наалт 72*56мм №7 /youngchemical/,Дотоод
Нүдний хаалт нярай N1,Дотоод
Нью В рото нүд/дус 13мл,Дотоод
Нью В рото нүд/дус лисэй 13мл,Дотоод
Нью ронто нүд/дус күүл 12мл N1,Дотоод
Ньюмейкор капс 1000мг N60,Дотоод
Нэг удаа малгай Greetmed №1 /Ningbo Greetmed/,Дотоод
Нэг удаа малгай №1,Дотоод
Нэг удаагийн бээлий эмн/х /latex/ 50хос N100,Дотоод
Нэг удаагийн малгай /Төгс-Очир/ N1,Дотоод
Нэг удаагийн улавч N1,Дотоод
Нэг удаагийн улавч N2,Дотоод
Нэг удаагийн халад /Бүжинлхам/ N1,Дотоод
Нэг удаагийн халад /Төгс-Очир/ N1,Дотоод
Нэг удаагийн халад /Цэнхэр-Ньюремеди/ N1,Дотоод
Нэг удаагийн халадны иж бүрдэл /Мөнх/тун/ N1,Дотоод
Нэцурью мөхлөг 1.1гр N12,Дотоод
Одестон шахм 200мг N50,Дотоод
Оёдлын багц нэг удаагийн /MPC Suture pack/ N1,Дотоод
Ойлисин Витамин Д3 400 N1,Дотоод
Ойлисин Витамин Д3 4000 капсул №40,Дотоод
Оксикал Д3 сироп 250мг+125 ОУН 150мл,Дотоод
Оксикодерм спрей 3.10мг+9.30мг-32.25г N1 /Polfa/,Дотоод
Окскорил фл 100мл,Дотоод
Оксолин /алтай/ тос/т 10гр,Дотоод
Октамед Нэхээсгүй ариутгасан шархны наалт 9см x 15см эмн/х N1,Дотоод
"Октретекс т/уусм 0,1мг/мл 1мл N5",Дотоод
Оледро хот уусгаж хэрэглэх мөхлөг 500мг+2мг+10мг+100мг N12 /Drogsan/,Дотоод
Олигонол капсул N30 Amino up,Дотоод
Олон төрлийн дээж авах зүү 22G 1/2'' №100 /Sanli Medical/,Дотоод
Олон төрлийн дээж авах зүү 23G 1/2'' №100 /Sanli Medical/,Дотоод
Омапоне д/шин 362мл N1,Дотоод
Омапоне д/шин 952мл N1,Дотоод
Омега-3 + Q10 /Doppel herz/ капс N30,Дотоод
"Омега-3 Тройная/Эвалар/ 950 мг EPA&DHA 1,3гр N30 0073",Дотоод
Омепразол капс 20мг N30,Дотоод
Оми бродерхүүд Ментарм Q крем 1.5%+12%+2%+6% 65гр N1,Дотоод
"Омнитус сироп 0,8мг/мл 200мл N1",Дотоод
"Онгоне тарилгын уус 2мг/мл, 4мл №5 /M/s Hiral Labs Limited/",Дотоод
Ондансетрон б/шахм /лекхим/ 8мг N10,Дотоод
Ондансетрон тарилгын уусмал 2мг/мл-4мл N5 /Lekhim/,Дотоод
Опиклам капс 150мг N50,Дотоод
Опицеф сироп 250мг/5мл,Дотоод
Оплев т/уусмал 100мл №1,Дотоод
Оптибак every day капсул 5 тэрбум №30,Дотоод
"Оптибак Антибиотик капсул 4,5тэрбум №10",Дотоод
Оптибак Иммун капсул 5тэрбум №30,Дотоод
Оптибак Прегнанси Пробиоитикс капс №30,Дотоод
Оптибак Экстра капсул 20 тэрбум №30,Дотоод
"Оралит-200 4,129гр нунт N1",Дотоод
Орамеди тосон түрхлэг 1мг- 6г №1 /Dongkook/,Дотоод
Орамин-Ж капс N60,Дотоод
Орфил сироп 60мг/мл- 150мл №1,Дотоод
Орфил сироп 60мг/мл- 150мл №1 ,Дотоод
Орфил сироп 62мг/мл- 150мл N1,Дотоод
Орфирил лонг капсул 300мг N100 /Desitin/,Дотоод
Орфирил лонг нунтаг 500мг N100 /Desitin/,Дотоод
Осикарт плас уусдаг мөхлөг 1500mg+1200mg N30 /Ind-Swift Limited/,Дотоод
Остеокальци-5 капс 0.5гр N90,Дотоод
Отипакс нүд/чихний дусаалга 16г - 15мл N1 /Biocodex/,Дотоод
Отоскопны нэг удаагийн хошуу 4.25мм №850 /Welch Allyn/,Дотоод
"Отризол-DF 0,05%- 10мл N1",Дотоод
Отризол-DF хамрын цацлага 0.05%-10 мл №1,Дотоод
"Офло /БКРС/ нүдний мазь 0,3% 5гр N1",Дотоод
Офлоксацин /Quinovid/ чих/д 3мг 5мл N1,Дотоод
"Офлоксацин /сичуан/ д/шин 0,2гр 100мл",Дотоод
"Офлоксацин дусал 0,2г 100мл N1",Дотоод
Офломелид тосон түрхлэг 30гр N1 /Sintez/,Дотоод
Өвдгөвч flamingo L sz,Дотоод
Өвдөгний бэхэлгээ JYK-D028Зүүн N1 /Osky Medical/,Дотоод
Өвдөгний бэхэлгээ PD-408 size U N1,Дотоод
Өвдөгний градустай чиг JYK-D006 L N1 /Osky Medical/,Дотоод
Өвдөгний градустай чиг JYK-D006 M N1 /Osky Medical/,Дотоод
Өвдөгний нугастай бэхэлгээ JYK-D036 N1 /Osky Medical/,Дотоод
Өвдөгний нугастай бэхэлгээ JYK-D036 XL N1 /Osky Medical/,Дотоод
Өвдөгний хамгаалалт OC-2013 27.5-32.5см /S/ №1 /Ascent meditech/,Дотоод
Өвдөгний хамгаалалт OC-2013 32.5-37.5см /M/ №1 /Ascent meditech/,Дотоод
Өвдөгний хамгаалалт OC-2013 42.5-47.5см /XL/ №1 /Ascent meditech/,Дотоод
Өвдөгний хамгаалалт OC-2013 47.5-52.5см /2XL/ №1 /Ascent meditech/,Дотоод
Өвдөгний шулуун бэхэлгээ JYK-D005  S N1 /Osky Medical/,Дотоод
Өвдөгний шулуун бэхэлгээ JYK-D005 L N1 /Osky Medical/,Дотоод
Өвдөгний шулуун бэхэлгээ JYK-D005 M N1 /Osky Medical/,Дотоод
Өвдөгний шулуун бэхэлгээ JYK-D005 S N1 /Osky Medical/,Дотоод
Өвдөлт намдаах наалт/ментолтой/ 10х15 №6 /Henan Kangdi Medical Device Company/,Дотоод
Өвдөлт намдаах наалт/чинжүүтэй/ 10х15 №1 /Henan Kangdi Medical Device Company/,Дотоод
Өвчин намдаах памп N1,Дотоод
Өтгөний сав 25мл №1 /Хятад/,Дотоод
Өтгөний шинжилгээний сав /халбагатай/ 60мл №1,Дотоод
Өтөгний сав 40мл N1,Дотоод
Өтөгний уут 60мм N1 /Хятад/,Дотоод
Падма 28 капсул №60,Дотоод
Падолмин шахм 325мг+ 4мг N10,Дотоод
Пайлекс тос/т 30гр,Дотоод
Пайлекс шахм N100,Дотоод
Памперс наадаг L size /96-132см/ №10 /Vtend/ /Тэгш-анар ХХК/,Дотоод
Памперс наадаг M size /80-120см/ №10 /Vtend/ /Тэгш-анар ХХК/,Дотоод
Памперс насанд хүрэгчдийн L Size /Хятад/,Дотоод
Памперс насанд хүрэгчдийн М Size /Хятад/,Дотоод
Памперс өмсдөг L size /90-160см/ №10 /Vtend/ /Тэгш-Анар ХХК/,Дотоод
Памперс өмсдөг M size /80-140см/ №10 /Vtend/ /Тэгш-анар ХХК/,Дотоод
Панга PG-800B69 суурин электрон даралтны аппарат №1,Дотоод
Пандев 40 бүрхүүлтэй шахмал №28,Дотоод
Пандуал N100,Дотоод
Панкипсин тар/н 25мг N1,Дотоод
Панкипсин тос/т 10гр,Дотоод
Панкреатин 25 ОУН №60,Дотоод
Панлок тар/н 40мг N1,Дотоод
Панпирин Кю 20мл №5,Дотоод
Пантирес шахм 175мг+4200ОУН+5367ОУН+222ОУН N100,Дотоод
Пантоген д/уусм 250мл N1,Дотоод
Пантоген д/уусм 500мл N1,Дотоод
Пантопразол тар/н 40мг N1,Дотоод
Панфеникол нунт 5гр N1,Дотоод
Панцеф хөвм 100мг/5мл - 100мл N1,Дотоод
Панцеф шахм 400мг N7,Дотоод
Параним шахмал 500мг+100мг №6 /Noble Wellness/,Дотоод
Паратусин ПЕ сироп 60мл N1,Дотоод
Паратусин шахм 2мг+50мг+10мг+500мг+15мг N10,Дотоод
ПарафенКейр 500мг + 200мг N100 /Бүрхүүлгүй шахмал/,Дотоод
Парафинтай наалт ариун / Paraffin gauze / 20*80см N1,Дотоод
Парацетамол /50ус/ шахм 500мг N10,Дотоод
Парацетамол /ivco/ дусал 1%- 100мл N1,Дотоод
Парацетамол /монос/ шахм 500мг N10,Дотоод
Парацетамол лаа 250 мг N10,Дотоод
Парибэн шахм 20мг N28,Дотоод
Парсолет б/шахм 20мг N30 Replek,Дотоод
Партамол экстра бүрх шахмал 325 мг + 200 мг №40 /Stellapharm/,Дотоод
"Паурфлекс 15г, №7 /шахмал/",Дотоод
Педиа Витамин Д3 дусал 2000 ОУН 30мл N1,Дотоод
Педиа Д-вайт дусал 400 ОУН 50мл,Дотоод
Педиа Поли-вайт дусал 50мл,Дотоод
Педиа Поли-вайт+Төмөр дусал 50мл,Дотоод
Педиа Три-вайт А-С-Д дусал 1500 ОУН+35мг+400 ОУН 50мл,Дотоод
Педиа Цинк глюконат суспенз 10мг/5мл 118мл N1,Дотоод
Пекол уусмал бэлтгэх нунтаг 137.15гр N1 /Cachet/,Дотоод
Пеннел капсул 25мг+50мг N90 /Pharma King Co/,Дотоод
Пентоксифиллин т/уусм 20мг/мл 5мл N10,Дотоод
Пипетик N1 /Ньюремеди/,Дотоод
Пирален шахм 10мг N100,Дотоод
Пирантел хөвм 250мг/5мл 15мл,Дотоод
Пирацезин /минск/ капс 400мг+ 25мг N60,Дотоод
Пирацетам /цомбо/ т/уусм 10% 10мл N10,Дотоод
Пирацитон капс 200мг N60,Дотоод
Пирацитон капс 400мг N60,Дотоод
Пламоре шахмал 100мг №4 /Syncom Healthcare Ltd/,Дотоод
"Пластыр цаасан 1,25*9,1",Дотоод
"Пластыр цаасан 1,25см*5м",Дотоод
"Пластыр цаасан 2,5см*5м",Дотоод
Пластыр цаасан 5*500,Дотоод
Пластыр цаасан наалт 2.5см*9.14м N1,Дотоод
Пластыр цаасан наалт 2.5см*9.1м №1 /Hospital Homecare/,Дотоод
"Пластыр цаасан эмн/х [young] 5см*9,14м N1",Дотоод
"Пластыр цаасан эмн/х 1,25см* 5м N1",Дотоод
Плогрил шахм 75мг N28,Дотоод
Полданмиг шахм N4,Дотоод
Полиоксидоний лаа 12мг №10,Дотоод
Полиоксидоний лаа 6мг №10,Дотоод
Полиоксидоний тарилгын уус бэлтгэх лиофилизат 6 мг №5,Дотоод
Полиоксидоний тарилгын уусмал 6мг/мл №5,Дотоод
Полиоксидоний шахмал 12мг №10,Дотоод
Полкодерм ТС спрей 23.12мг+0.58мг-17г N1 /Polfa/,Дотоод
Потензин супериор №30 /шахмал/,Дотоод
Преднизолон 5 шахм 5мг N10,Дотоод
Преднизолон б/шахм 5мг N30,Дотоод
Преднизолон шахм 5мг №10*20 /Incepta/,Дотоод
Предникорт шахм 8мг N50,Дотоод
Прекс шахм 10мг N30,Дотоод
Прекс шахм 20мг N30,Дотоод
Препавеин капс 300мг N20,Дотоод
Препейн 60мг+1мг+5мг Зөөлөн Лаа №10 /HLB Pharmaceutical/,Дотоод
Препейн тос/т /Шамбарам/ 28гр N1,Дотоод
Пресин-35 удаан чөлөөлөгддөг бүрхүүлтэй шахмал 35мг №60 /Reyoung/,Дотоод
Прилам ДР шахм 10мг + 10мг N30,Дотоод
Примафунгин лаа үт 100мг N3,Дотоод
Пробиотик капс N30 /Elbi/,Дотоод
Пробиотик Энзим нунтаг N30,Дотоод
Проза шахм 250мг + 250мг + 10мг N30,Дотоод
Прозол тос/т 0.05% 20гр N1,Дотоод
"Проканазол д/шин 0,2% 100мл",Дотоод
Проканазол капс 150мг N1,Дотоод
Проканазол капс 50мг N4,Дотоод
Прокталурон лаа 5мг №10 /Spey/,Дотоод
Промаг шахм 200мг+150мг+50мг N30,Дотоод
Промез капс 20мг N30,Дотоод
"Про-Офло нүд/дус 0,3% + 0,01% 5мл",Дотоод
Простант лаа 5 №5 /Livzon/,Дотоод
Протектис Д витаминтай дусал 5мл N1,Дотоод
Протектис дусал 5мл N1,Дотоод
Профертил капсул N60,Дотоод
Профертил шахм 50мг N10,Дотоод
Профилас шахм 1мг N50,Дотоод
"Проципро нүд/дус 0,3%+0,01% 5мл N1",Дотоод
"Пульмикорт 0,25мг/мл- 2мл N20",Дотоод
"Пульмикорт 0,5мг/мл- 2мл N20",Дотоод
Пульсоксиметр /Yonker/,Дотоод
Пульсоксиметр HO1 Тун эрдэнэ фарма N1,Дотоод
Пульсоксиметр YX102,Дотоод
Пульсоксиметр пульс хэмжигч /Yonker/ №1 /Тэгш-анар ХХК/,Дотоод
Пульсоксометр ҮХ306,Дотоод
Пурим шахм N60,Дотоод
Ранитидин /лекхим/ б/шахм 150мг N20,Дотоод
Ревит үрэл N100,Дотоод
Регинал Хепа Форте капс №30 /Fortex/,Дотоод
Рекустейн капс 300мг N20,Дотоод
Рекуштен сироп 175мг/5мл 30*2мл,Дотоод
Ремист таб 100мг №30,Дотоод
Ремист таб шахмал 100мг N500 /Hawon/,Дотоод
Реналган т/уусм 5мл N5,Дотоод
"Реналган шахм 500мг+5мг+0,1мг N20",Дотоод
Ренопро Ванилла Флавоур нунтаг 400гр №1,Дотоод
Ренопро НР Ванилла Флавоур нунтаг 400гр №1,Дотоод
Ренопро НР Ванилла Флавоур нунтаг 400гр №1 ,Дотоод
Рибоксин /цомбо/ 2% 5мл N10,Дотоод
Рибоксин бүрхүүлтэй шахмал 200мг N50 /Borisovskiy/,Дотоод
Ризин шахм 10мг N100,Дотоод
Риналгит ууж хэрэглэх дусал 10мг/мл-20мл №1 /ABC Farmaceutici/,Дотоод
Риналка сироп 100мл N1,Дотоод
Рингер /ivco/ д/шин 250мл N1,Дотоод
Рингер /ivco/ д/шин 500мл N1,Дотоод
Рингер /энхийн шүүдэр / д/шин 250мл N1,Дотоод
Рингер /энхийн шүүдэр / д/шин 500мл,Дотоод
Рингер лактат /энхийн шүүдэр/ уусм 250мл,Дотоод
Рингер лактат 500мл хятад,Дотоод
Рингер лактат 500мл хятад ,Дотоод
Рингер лактат тарилгын шингэн 500мл N1 /Энхийн шүүдэр/,Дотоод
Рифампицин-БКРС капсул 150мг N10 /BKRS Pharma/,Дотоод
Роатан з/капс 10мг N30,Дотоод
Рокситромицин 150 шахм 150мг N50,Дотоод
Ронколейкин т/уусм 1мг 1мл N3,Дотоод
Рото Лицее Ай Ваш дусал 450мл N1 /Rohto/,Дотоод
Рото Лицее Ай Ваш дусал 80мл N1,Дотоод
Рпомез капсул 20мг №30,Дотоод
Румалай гель 30гр,Дотоод
Румалай Форте шахм N60,Дотоод
Сабрил шахм 500мг N100,Дотоод
Салбутино ингляцийн цацлага 100мкг/доз-200доз №1 /Тэгш-Анар/,Дотоод
Салбутино ингляцийн цацлага 100мкг/доз-200доз №1 /Тэгш-Анар/ ,Дотоод
Салиа соруулагч fr8 N1,Дотоод
Салиа соруулагч гуурс Fr12 N1,Дотоод
Салиа соруулагч гуурс/тагтай/ Fr14 №1 /Ньюремеди/,Дотоод
Салиа соруулагч гуурс/тагтай/ Fr16 №1 /Ньюремеди/,Дотоод
Салимон /монос/ 50мл N1,Дотоод
Салицилтай /мөнх.тун/ тос/т 2% 20гр,Дотоод
Сальброн шахм 4мг N100,Дотоод
Сальбутамол АВ аэр 100мкг/200доз 7гр N1,Дотоод
Санвит Д3 вид Кальциум 500мг шахмал N60,Дотоод
Санвит Д3 дусал 2000ОУН 20мл N1,Дотоод
Санвит Д3 хөвм 2000ОУН 50мл N1,Дотоод
СанВит-Д3 б/шахм 50000 ОУН N30,Дотоод
Санитол /Монхимо/ уусм 70%- 30мл N1,Дотоод
Санприма хөв/н 240гр 30*2мл,Дотоод
Сантафер форте бүрх шахмал 100мг+ 0.35мг №30 /Santa Farma/,Дотоод
Сапплмэнт-Д Ванилла Флавоур нунтаг 400гр №1,Дотоод
Сарс Ковид-2 антиген түргэвчилсэн тест кассет N25,Дотоод
Сато грийн цэлцэгнүүр /хүүхэд/ 15гр №30 /Muromachi Chemical/,Дотоод
Сахарын аппарат N1 /Yuwell/,Дотоод
Сахарын аппарат Sinocare,Дотоод
Сахарын тест №50 /Gluneo/,Дотоод
Сахарын тест Y330 N50 /Хятад/,Дотоод
Саяан гар ариутгагч 100мл Е витаминтай,Дотоод
Саяан гар ариутгагч 100мл энгийн,Дотоод
Саяан гар ариутгагч 500мл Е витаминтай,Дотоод
Саяан гар ариутгагч 500мл энгийн,Дотоод
Саяан гар ариутгагч 50мл Е витаминтай,Дотоод
Саяан гар ариутгагч 50мл энгийн,Дотоод
Септилин сироп 100мл N1,Дотоод
Септилин шахм N100,Дотоод
Сети шахм 100мг N30,Дотоод
Сети шахм 25мг N100,Дотоод
"Силвердэрм крем / мөнгө,тос / 1/100гр 450гр N1",Дотоод
Силвердэрм крем /мөнгө.тос/ 1г/100гр 25гр,Дотоод
Силверкант 250гр,Дотоод
Силверкант 30гр /S Kant/,Дотоод
Силверкант 500гр,Дотоод
Симзо Халуун хэмжигч эмн/х зайнаас HW-F7 N1,Дотоод
"Синафлан /алтай/ тос/т 0,025%- 10гр N1",Дотоод
Синафлан /боримед/ мазь 15гр N1,Дотоод
Синоб-акс шахм N10,Дотоод
Синтомицин /алтай/ линимент 10% 25гр,Дотоод
Синупрет дусал 100мл N1,Дотоод
Синупрет шахм N50,Дотоод
Синупрет экстракт шахм N20,Дотоод
Сир Инсулины тариур /Bu kwang/ эмн/х 1мл N1,Дотоод
"Сисмекс Принтерийн цаас 5,5см",Дотоод
Скочин пластырь наалт 1.25см*10см №1 homecare /Ньюремеди/,Дотоод
Скочин пластырь наалт 2.5см*10см №1 homecare /Ньюремеди/,Дотоод
Скочин пластырь наалт 1.25см*5см №1 /Тэгш-Анар ХХК/,Дотоод
Скочин пластырь наалт 2.5см*5см №1 /Тэгш-Анар ХХК/,Дотоод
Скочин пластырь наалт 5см*5см №1 /Тэгш-Анар ХХК/,Дотоод
Смартхит Витаминууд Д3 К2 30мл N1 /UAB Valentis/,Дотоод
Смартхит Куркумин 150мл N1 /UAB Valentis/,Дотоод
Снип шахм N20,Дотоод
"Снуп сп 0,1% 15мл",Дотоод
Снуп сп 0.05% 15мл,Дотоод
Сода /50ус/ нунт 20гр N1,Дотоод
Солидагорен дусал 20мл N1,Дотоод
Солидагорен дусал 20мл N1 ,Дотоод
Солувит Н тар/н N10,Дотоод
Сорбилакт тар/уус 200мл /Юрия-Фарма/,Дотоод
Сорбилакт тар/уус 400мл /Юрия-Фарма/,Дотоод
Софкоф капс N20,Дотоод
Спектимед тарилгын нунтаг+ уусгагч 2г №1 /Medlac/,Дотоод
Спемэн шахм N100,Дотоод
Спенкью мэс заслын наалт эмн/х 10см* 15см N1,Дотоод
Спенкью мэс заслын наалт эмн/х 10см* 22.5см N1,Дотоод
Спенкью мэс заслын наалт эмн/х 10см* 35см N1,Дотоод
Спенкью мэс заслын наалт эмн/х 6см* 7см N1,Дотоод
Спирометр автомат N1 /Хятад/,Дотоод
Спиронолактон шахмал 25мг N100 /Towa Pharmaceutical/,Дотоод
Спирт 96.6% уусмал 5л №1,Дотоод
Спирт денатурат спрей /50ус/ 70% 50мл,Дотоод
Спирттэй арчдас эмн/х N100 /Hомесаre/,Дотоод
Стоп колд шахм 500мг+30мг+2мг+50мг N60,Дотоод
Стрептоцидтой /мөнх.тун/ тос/т 10% 20гр N1,Дотоод
Стрептоцидтой тос 10%-25гр/ Тавин-ус/,Дотоод
Суга таяг хос №1 /New Remedy/,Дотоод
Суга таяг хос №1 /New Remedy/ ,Дотоод
Суга таяг хос OC-2111 /L/ №1 /New Remedy/,Дотоод
Суга таяг хос OC-2111 /L/ №1 /New Remedy/ ,Дотоод
Суга таяг хос OC-2111 /M/ №1 /New Remedy/,Дотоод
Судасны оймс OC-2012 47.5-52.5см /M/ №1 /Flamingo/ /Ascent meditech/,Дотоод
Судасны оймс OC-2012 52.5-57.5см /L/ №1 /Flamingo/ /Ascent meditech/,Дотоод
Судасны оймс OC-2012 57.5-65см /XL/ №1 /Flamingo/ /Ascent meditech/,Дотоод
Судасны оймс OC-2012 65-70см /2XL/ №1 /Flamingo/ /Ascent meditech/,Дотоод
Судасны оймс OC-2012 70-75см /3XL/ /Flamingo/ №1,Дотоод
Супер Альбумин капс 1500мг N200,Дотоод
СуперГард үзлэгийн бээлий L /50 хос/ N100,Дотоод
СуперГард үзлэгийн бээлий S /50 хос/ N100,Дотоод
СуперГард үзлэгийн бээлий М /50 хос/ N100,Дотоод
СуперОрто 04-013 Шууны чиг,Дотоод
СуперОрто 06-008 Гуя болон шилбэний чиг,Дотоод
СуперОрто 09-006 Хөлийн чиг зүүн,Дотоод
СуперОрто 09-007 Хөлийн чиг баруун,Дотоод
СуперОрто А1-002 Хүзүүний хүүхдийн зөөлөн чиг,Дотоод
СуперОрто А5-009 Жирэмсний бүс S /28-33''/ 1 бүстэй,Дотоод
СуперОрто В5-017 Гэдэсний уян даруулга S/M /22-33''/,Дотоод
Супмакс С нунт N60 1000мг №30 /Elbi/,Дотоод
Суппортамин 250мл дус/шингэн N1 /Genuone/,Дотоод
Сурфаниос премиум 1000мл N1 /Аниос/,Дотоод
Суултууртай сандал/том хүн-цагаан/ №1 /Хятад/,Дотоод
"Табекс б/шахм 1,5мг N100",Дотоод
Таван үр үрэл N120,Дотоод
Тавипек капсул 150мг N30 /Fabric/,Дотоод
Тагара /Sleep wellness/ капс 250мг N60,Дотоод
Тайленол Өдөр/Шөнө каплет 325мг+2мг+10мг+5мг №24 /Johnson&Johnson/,Дотоод
"Тамедин багстай уусм 0,5% 50мл",Дотоод
"Тамедин линимент гель 2,5% 30гр N1",Дотоод
Тамедин тос/т 10% 10гр N1,Дотоод
"Тамедин уусм 0,7% 100мл N1",Дотоод
"Тамедин уусм 0,7% 300мл N1",Дотоод
Тамедин уусм 10% 100мл N1,Дотоод
"Тамедин уусм 2,5% 300мл N1",Дотоод
"Тамедин уусм 7,5% 300мл N1",Дотоод
Тамедин уусм линимент 1% 30гр N1,Дотоод
Тамофен б/шахм 10мг N60,Дотоод
Тарваган шийр /түш/ шахм 10мг N10,Дотоод
Тарианы хөвөн /монад/,Дотоод
Тарианы хөвөн /мөнх.тун/ N1,Дотоод
Тарианы хөвөн/ариутгалын/ 70% спирттэй N20,Дотоод
Тарилгын наалт/30мм*72мм/ №1 /Young Chemical/,Дотоод
Тариур /Монэнзим-Мед/ эмн/х 10гр N1,Дотоод
Тариур /Монэнзим-Мед/ эмн/х 1гр N1,Дотоод
Тариур /Монэнзим-Мед/ эмн/х 20гр N1,Дотоод
Тариур /Монэнзим-Мед/ эмн/х 3гр N1,Дотоод
Тариур /Монэнзим-Мед/ эмн/х 5гр N1,Дотоод
Тариур [Тэгш-Анар] эмн/х 10гр №1,Дотоод
Тариур [Тэгш-Анар] эмн/х 3гр №1,Дотоод
Тариур [Тэгш-Анар] эмн/х 5мл №1,Дотоод
Тариур [Тэгш-Анар] эмн/х 60мл N1,Дотоод
Тариур 10гр N1 /Мон-Тариур/,Дотоод
Тариур 1гр N1,Дотоод
Тариур 1гр N1 /Мон-Тариур/,Дотоод
Тариур 20гр N1 /Мон-Тариур/,Дотоод
Тароментин б/шахм 1000мг N14,Дотоод
Тароментин ууж хэрэглэх хөвмөл бэлтгэх нунтаг 400 мг + 57 мг №1 /Tarchomin/,Дотоод
Тароментин шахм 625мг N14,Дотоод
Таяг OC-2089 №1 /New Remedy/,Дотоод
Таяг сунадаг WR-411 №1 /New Remedy/,Дотоод
Таяг сунадаг WR-411 №1 /New Remedy/ ,Дотоод
Таяг сунадаг хараагүй хүний  №1 /New Remedy/,Дотоод
Таяг сунадаг хараагүй хүний №1 /New Remedy/,Дотоод
Таяг тохойвчтой OC-2290 №1 /New Remedy/,Дотоод
Таяг хараагүй хүний 853,Дотоод
Тегретол 200 мг N100,Дотоод
Тегретол-СР шахмал 200 мг №50,Дотоод
Текадриол 600 шахмал N20,Дотоод
"Телвас Н шахм 40мг+ 12,5мг N30",Дотоод
"Телвас Н шахм 80мг+ 12,5мг N30",Дотоод
Телвас-40 шахм 40мг N30,Дотоод
Телвас-80 шахм 80мг N30,Дотоод
Темпалгин б/шахм 500мг + 20мг N20,Дотоод
"Температур, чийг хэмжигч /электрон/ №1",Дотоод
Тенсира б/шахм 150мг N30,Дотоод
Тенсира б/шахм 300мг N30,Дотоод
Тераваск10 шахм 10мг N30,Дотоод
Термометрийн нэг удаагийн хамгаалалтын хошуу №20 /Welch Allyn/,Дотоод
Тетадиф /10хүн тун/ 5 мл тарилгын уусмал N1,Дотоод
Тетрациклин нүд/түр 1% 3гр N1,Дотоод
Тивортин аспартат сироп 200мг/мл 100мл N1,Дотоод
Тивортин аспартат сироп 200мг/мл 200мл N1,Дотоод
Тийрс натураль нүд/дус 15мл,Дотоод
Тималин /самс/ тар/н 10мг N10,Дотоод
Тимонил ретард шахмал 200мг N200 /Desitin/,Дотоод
Тимонил ретард шахмал 400мг N100 /Desitin/,Дотоод
Тимонил сироп 100мг/5мл-250мл N1 /Desitin/,Дотоод
Тинидазол д/шин 100мл,Дотоод
Тнолэ 50мг капсул N30,Дотоод
"Тобрекс нүд/дус 0,3% 5мл N1",Дотоод
Токоферолын ацетат бүрхүүлтэй шахмал 50мг N100 /Towa/,Дотоод
Толгойны торон боолт эмн/х N1,Дотоод
"Толь /үзлэгийн нэг удаагийн, L/ M",Дотоод
Толь /үзлэгийн нэг удаагийн/ M,Дотоод
Толь /үзлэгийн нэг удаагийн/ S,Дотоод
Том хүний живх Come for Love L 10ш,Дотоод
Тометрол шахм 16мг N30,Дотоод
Тометрол шахм 4мг N30,Дотоод
Тонзилгон Н уусм 100мл N1,Дотоод
Тонзилмон спрей сп/х 30мл N1,Дотоод
Тонзилотрен А шахмал 250мг N40,Дотоод
Тонзилотрен А шахмал 250мг N40 ,Дотоод
Топамакс Спринкл капс 50мг N28,Дотоод
Топамакс Спринкл капс 50мг №60,Дотоод
Топамакс Спринкл капс 50мг №60 ,Дотоод
Топамакс шахм 25мг N28,Дотоод
Топамакс шахм 25мг №60 /Janssen/,Дотоод
Тор ази /жижиг/ N1,Дотоод
Тор ази /мини/ №1 25*15,Дотоод
Тосма Кетотифен шахм 1мг N60,Дотоод
Тосон сетка 20*80,Дотоод
Тофф Плюс капс N20,Дотоод
Төвөнхийн маск эмн/х I-gel Single Use Supralttic Airway-3 N1,Дотоод
Төөнүүр утаагүй N5 /Хятад/,Дотоод
Төөнүүр утаатай №10 /Ньюремеди/,Дотоод
Тралиммуна капс 80мг N60,Дотоод
Транексамын хүчил т/уусм 100мг/мл- 5мл N10,Дотоод
Транлок- 500 шахм 500мг N100,Дотоод
Транлок-500 т/уусм 5мл N5,Дотоод
Тресиба Флексточ т/уусм 100мл 3мл N5,Дотоод
Тригел хөвм 10мл N20,Дотоод
"Тридокс крем 0,5мг+10мг+1мг 15гр",Дотоод
Трилептал сироп 60мг/мл - 100мл N1,Дотоод
Трилептал хальсан бүрхүүлтэй шахм 300мг N100,Дотоод
Трилептал хальсан бүрхүүлтэй шахм 600мг N100,Дотоод
Трилептал хальсан бүрхүүлтэй шахм шахм 150мг N100,Дотоод
Тримексазол /монос/ шахм 500мг N10,Дотоод
Тримексазол шахм 480мг N10,Дотоод
Трогил б/шахм 500мг N50,Дотоод
Троксерутин капс 300мг N50,Дотоод
Троксерутин тос/т 2% 40гр N1,Дотоод
Туссимонт зөгийн балтай сироп 100мл;180гр №1,Дотоод
Түлэнхийн боолт 100мм*100мм №1  /BurnShield/,Дотоод
Түлэнхийн боолт 100мм*100мм №1  /BurnShield/ ,Дотоод
Түлэнхийн боолт 200мм*200мм №1 /BurnShield/,Дотоод
Түлэнхийн боолт 600мм*400мм №1 /BurnShield/,Дотоод
Түлэнхийн наалт Burn care 20см *20см N1 /Roosin/,Дотоод
Түлэнхийн наалт Burn care 8см *8см N1 /Roosin/,Дотоод
Түлэнхийн тосон сетка 20*80 №1,Дотоод
Түнхний бэхэлгээ H001 S N1 /Osky Medical/,Дотоод
Тэнтэкс Роял капс N10,Дотоод
Тэхийн шээг ургамал 10гр N1 /Одь тан/,Дотоод
Уколик б/шахм 300мг N30,Дотоод
Улавч /1 удаагийн/,Дотоод
Улавч нэг удаагийн N2 №50 /China/,Дотоод
Уламжлалтын зүү 30*40 N10 /Солонгос/,Дотоод
Уламжлалтын зүү 30*40 №20,Дотоод
Ултик-Кит шахм 30мг+500мг+250мг N7,Дотоод
УЛТРА ОМЕГА-3 Зэрлэг яргай загас гель N90 /Premium/,Дотоод
Ундевит үрэл N50,Дотоод
Унна тосон түрхэц 100гр N1 /Өлзий дэн/,Дотоод
Унна тосон түрхэц 50гр N1 /Өлзий дэн/,Дотоод
Уранитин шинг 1500мг- 10мл N30,Дотоод
Ургамал Хатаасан Цагаан мөөг 10гр N1,Дотоод
Ургамал Хатаасан Юмдүүжин 10гр N1,Дотоод
Урдестон шахм 100мг N10 /Аялфарм/,Дотоод
Урдестон шахм 100мг N10 /Това/,Дотоод
Урокэйр нунт 3гр N1,Дотоод
Уронефрон шахмал 188мг N60 /Farmak/,Дотоод
Уроцин шахмал 5мг №30 /Ildong Pharmaceutical/,Дотоод
Урса шахм 200мг N100,Дотоод
Урсобил 500мг N100,Дотоод
Урсобил капсул 250мг №100 /ABC Farmaceutici/,Дотоод
Урсокапс капс 250мг N50,Дотоод
Урсомон /монос/ капс 250мг N50,Дотоод
Урсомон /монос/ капс 50мг N50,Дотоод
Урсосан капс 250мг N50,Дотоод
Урсофальк капс 250мг N100,Дотоод
Усосан шахмал 200мг N100 /Korea United Pharm/,Дотоод
Устгах Новопен 4 инсулины үзэг N5 /Nova Nordisk/,Дотоод
Устөрөгчийн хэт ислийн уусмал /50 ус / 3%- 40мл N1,Дотоод
Устөрөгчийн хэт исэл 3% 1л №1 /Монхимо/,Дотоод
Утрогестан 100мг N30,Дотоод
"Уян бинт 10см*4,5м N1 /Дэлгэрэх Цоморлиг/",Дотоод
"Уян бинт 15см*4,5м N1 /Дэлгэрэх Цоморлиг/",Дотоод
"Уян бинт 7.5см*4,5м N1 /Дэлгэрэх Цоморлиг/",Дотоод
"Уян боолт /Лийр/ 5см*4,5см N1 /Хятад/",Дотоод
Уян боолт 10см*4.5м /Homecare/,Дотоод
Уян боолт 15см*4.5м /Homecare/,Дотоод
Уян боолт 7.5см*4.5м /Homecare/,Дотоод
"Уян боолт 15*4,5/нягт/",Дотоод
"Уян боолт Guardee 5см*4,5м N1",Дотоод
"Уян боолт дунд /зузаан/ эмн/х 10см*4,5м N1",Дотоод
"Уян боолт дунд /зузаан/ эмн/х 10см*4,5м №1",Дотоод
"Уян боолт дунд 10см*4,5м N1",Дотоод
"Уян боолт жижиг 7,5см*4,5м",Дотоод
"Уян боолт жижиг /зузаан/ эмн/х 7,5см*4,5м N1",Дотоод
"Уян боолт жижиг /зузаан/ эмн/х 7,5см*4,5м №1",Дотоод
"Уян боолт зузаан /Лийр/ 10см*4,5см №1",Дотоод
"Уян боолт зузаан /Лийр/ 15см*4,5см №1",Дотоод
"Уян боолт зузаан /Лийр/ 7,5см*4,5см №1",Дотоод
"Уян боолт зузаан /Тэгш-Анар/ 7,5см*4,5см №1",Дотоод
"Уян боолт зузаан 10см*4,5см N1 /Тэгш-Анар/",Дотоод
"Уян боолт зузаан 15см*4,5см N1 /Тэгш-Анар/",Дотоод
"Уян боолт сийрэг 10см*4,5см N1 /Лийр/",Дотоод
"Уян боолт сийрэг 10см*4,5см №1 /Ньюремеди/",Дотоод
"Уян боолт сийрэг 10см*4,5см №1 /Ньюремеди/ ",Дотоод
"Уян боолт сийрэг 7,5см*4,5см №1 /Ньюремеди/",Дотоод
"Уян боолт сийрэг 10см*4,5см №1 /Тэгш-Анар/",Дотоод
"Уян боолт сийрэг 15см*4,5см N1 /Лийр/",Дотоод
"Уян боолт сийрэг 7.5см*4,5см N1 /Лийр/",Дотоод
"Уян боолт том /зузаан/ эмн/х 15см*4,5м N1 -",Дотоод
"Уян боолт том /зузаан/ эмн/х 15см*4,5м №1 +",Дотоод
"Уян боолт том 15см*4,5м №1 /Аюур тун/",Дотоод
Уян зүү /BU KWANG/ 22G №1,Дотоод
Уян зүү /BU KWANG/ 24G №1,Дотоод
Уян зүү 18Ж N1,Дотоод
Уян зүү 20Ж N1,Дотоод
Уян зүү 22 Ж N1,Дотоод
Уян зүү 24 Ж N1,Дотоод
Уян зүү 24G 0.7*19мм №1 /Тэгш-Анар/,Дотоод
Уян зүү 24G N1 /Тэгш-Анар/,Дотоод
Уян зүүний наалт 6.5*8см Farmapore N1,Дотоод
Уян зүүний таг N1 /Хятад/,Дотоод
Уян чиг PD-328 №1,Дотоод
Үзлэгийн бээлий нэг удаа Latex M /50 хос/ №100 /Ньюремеди/,Дотоод
Үзлэгийн нэг удаагийн  дэвсгэр 80см * 200см N1,Дотоод
Үзлэгийн толь size M /Homecare/,Дотоод
Үрэл аньсвит /50ус/гр N50,Дотоод
Үрэл витамин С /монос / 50мг N50,Дотоод
Үрэл витамин С /мөнх.тун/ N50,Дотоод
Үрэл витамин С /тавин-ус/ №1,Дотоод
Үрэл чацаргана /50ус/ N50,Дотоод
Фагестаф Шинг 20мл N4,Дотоод
Фагести Шинг 20мл N4,Дотоод
Фагио шинг 20мл N4,Дотоод
Файкома хальсан бүрхүүлтэй шахм 4.2мг N28,Дотоод
Фамоцид 20 бүрхүүлтэй шахмал 20мг N30 /PT.Sanbe Farma/,Дотоод
Фарингосепт лимон хүлх/ш 10мг N20,Дотоод
Фарингосепт хүлх/ш 10мг N20,Дотоод
Фастро капсул N20 /PT.Pertiwi Agung/,Дотоод
Фексофенадин гидрохлорид “ТОВА” шахм 60мг N100,Дотоод
Фенитойн 250мг/5мл тарилгын уусмал N5,Дотоод
Фенитоин Мюнгин шахм 100мг N1000,Дотоод
Фенофибрат-ОТТО б/шахм 160мг N30,Дотоод
Ферамин Кү шахмал 330мг №120 /Dongkook/,Дотоод
Феросом форте дусаалга 30мл N1,Дотоод
Феросом Форте капсул 30мг +70мг N20 /United Pharma/,Дотоод
Феросом форте нунтаг нунт N20,Дотоод
Фесцетам капс 400+ 25мг N60,Дотоод
Фиксеф 400мг хальсан бүрхүүлтэй шахмал №10 /Deva/,Дотоод
Фитком сироп 200мл N1,Дотоод
"Фитогипноз /Нойрсолт дэмжих/ шахм 0,52гр N20 4431",Дотоод
"Фитолакс/Эвалар/ гэдэс цэвэрлэх шахм 0,5гр N40 5834",Дотоод
Фиш ойл з/капс 1000мг N120,Дотоод
Фиш ойл з/капс 1000мг N60,Дотоод
Фиш ойл з/капс 1200мг N90,Дотоод
Флагатроп т/уусм 0.6мг/мл 1мл N10,Дотоод
Флагтубет т/уусм 50мг/мл 2мл N10,Дотоод
Флаксид ойл 1000мг N120,Дотоод
Флаксид ойл 1000мг N60,Дотоод
Флузол 150мг N2,Дотоод
Флузол 50мг N7,Дотоод
Флузол шахм 100мг N10,Дотоод
Флуимуцил шахм 600мг N10,Дотоод
Флуканазол тарилгын уусмал 100мл N1 /Демо/,Дотоод
Флуконазол СТЕЛЛА капсул 150мг №1 /Stellapharm/,Дотоод
Флуоцинонид крем  2.5мг - 10г №1 /Tianjin/,Дотоод
Флуоцинонид крем 2.5мг - 10г №1 /Tianjin/,Дотоод
Флюдитек сироп 50мг/мл 125мл,Дотоод
Флюконазол д/шин 100мл,Дотоод
Флюлесс 200мг N20,Дотоод
Флюлесс нунт 600мг N20,Дотоод
Флюлесс нунтаг 100мг-3г N20 /Монос/,Дотоод
Фолийн хүчил / Ремедика / 5мг N100,Дотоод
Фолийн хүчил 9 сар бүрхүүлтэй шахмал 400мкг N30 /АО Валента/,Дотоод
Фолийн хүчил 9 сар бүрхүүлтэй шахмал 400мкг N90 /АО Валента/,Дотоод
Фолийн хүчил шахм 800мкг N180,Дотоод
Фолио форте шахмал 800мкг №120 /SteriPharm Export/,Дотоод
Формула СНА фитомелатонин8149 N30,Дотоод
Форсига б/шахм 10мг N28,Дотоод
Фосил 800 шахмал 800мг №60 /Emcure/,Дотоод
Фостер аэр 100+ 6мкг N1,Дотоод
Фотагел сус 20мл N20,Дотоод
Фреш Ай нүдний дусал 10мл N1 /BKRS/,Дотоод
Фройка Suncare Emulsion 0959 50мл,Дотоод
Фройка батгатай арьсны нарны тос 0942 SPF 50 40мл,Дотоод
Фройка каламайн лосьон 0223 125мл,Дотоод
Фройка Скаргель 40мл,Дотоод
Фройка сорвины эсрэг силикон гель /0229/ 20мл,Дотоод
Фройка Сорвины эсрэг силикон гель SP50+ /0243/ 15мл,Дотоод
Фройка сэвхний тос 0113 30мл,Дотоод
Фройка түлэнхийн тосон сетик 20*80 /5815/,Дотоод
Фройко сэвхтэй арьсны нарны тос 0850 SPF50 30мл,Дотоод
Фузид хөвм 30*2мл,Дотоод
Фунгибан капс 150мг N1,Дотоод
Фунгинов капс 150мг N1,Дотоод
Фунгинов капс 50мг N7,Дотоод
"Фунспор 150мг, №1 /капсул/",Дотоод
Фурадонин 50мг N20,Дотоод
Фуроксетил б/шахм 250мг N100,Дотоод
Фуросемид /ivco/ тар/у/н 1% 2мл N1,Дотоод
Фуросемид шахмал 40мг N100 /Towa Pharmaceutical/,Дотоод
Хавчтай наалт,Дотоод
Хадалабо 3D маск N30,Дотоод
Хадалабо Хөгшрөлтийн эсрэг сүүн шингэн /8516/,Дотоод
Хадалабо Хөгшрөлтийн эсрэг тоник /8493/,Дотоод
Хадалабо чийгшүүлэх хөөсөн нүүр угаагч 160мл №1,Дотоод
Халуун хүйтэн жин HC-1014 /Ascent meditech limited/ N1,Дотоод
Халууны шил /Дижитал/ N1,Дотоод
Халууны шил [Тэгш-Анар] эмн/х N1,Дотоод
Халууны шил зайнаас хэмжигч эмн/х /медхэйлт/ N1,Дотоод
Халууны шил уян [Тэгш-Анар] эмн/х N1,Дотоод
Халууны шил уян T-Quick [Тэгш-Анар] эмн/х N1,Дотоод
Хамар угаагч баллон 200мл /T-CLEAN/ №1 /Тэгш-Анар ХХК/,Дотоод
Хамар угаагч давс 2.2гр №30 /T-CLEAN/ /Тэгш-Анар ХХК/,Дотоод
Хамрийн хөндий угаагч сав 300мл №1 /UD pharma/,Дотоод
Хамрын чихээс утасгүй 45мм*20мм*15мм N1,Дотоод
Хамрын чихээс утастай 45мм*20мм*15мм N1,Дотоод
Хамрын чихээс утастай 80мм*20мм*15мм N1,Дотоод
Ханиад томууны багц /хүүхэд/,Дотоод
Ханиад томууны багц /хүүхэд/ ,Дотоод
Харт манн шингэн д/шин 500мл N1,Дотоод
Хасковер тос/т 50мг 5гр,Дотоод
Хатигны наалт 1г №3,Дотоод
Хатрик шахм 5мг N30,Дотоод
Хеверт Витамин Д3 шахм 1000 ОУН N50,Дотоод
Хеверт Витамин Д3 шахм 4000ОУН N60,Дотоод
Хелпарон бүрх шахмал 25мг №100,Дотоод
Хепато капс 12.5мг + 50мг N30,Дотоод
Хербакоф сироп 15мл N24 /PT Ferron /,Дотоод
Хивет 0.18% нүд/дус 5мл N1,Дотоод
"Хиймэл амьсгалын маск 1 замтай хавхлагатай, хатуу хайрцагтай N1",Дотоод
Хиймэл арьс 10*10см /Neoderm/ №1 /Everaid/,Дотоод
Хиймэл арьс 20*20см /Neoderm/ №1 /Everaid/,Дотоод
Хиймэл нулимс /Well fresh нүд/дус tears/ 0.5% 10мл N1,Дотоод
Химплази N60,Дотоод
Хламидын түргэвчилсэн тест (Hangzhou) N20,Дотоод
Хлорамфеникол /монос/ капс 500мг N10,Дотоод
Хлорамфеникол /мөнх.тун/ шахм 500мг N10,Дотоод
Хлорамфеникол /энси/ капс 500мг N10,Дотоод
Хлоргексидин глюконат 4% 500мл гарын шингэн саван N1,Дотоод
Хлоргексидины глюконат 2%- 500мл №1 /Retouch/,Дотоод
Хлорфенамин шахм 4мг N20,Дотоод
Ходоодны зонд PVC 8FR N1 /Хятад/,Дотоод
Ходоодны силикон зонд Fr10 №1 /Homecare/,Дотоод
Ходоодны силикон зонд Fr14 №1 /Homecare/,Дотоод
Ходоодны силикон зонд Fr8 №1 /Homecare/,Дотоод
Холголтын дэр /Yuwell/,Дотоод
Хонсе шахм 500мг N100,Дотоод
"Хоросол /50ус/ 11,2гр N1",Дотоод
"Хоросол 200 /50 ус/ 4,1гр N1",Дотоод
Хоросол нунт 200мг N1,Дотоод
Хөвөн эмн/х 50гр /Ньюремеди/ №1,Дотоод
Хөлийн эрхий хурууны хамгаалалт OC-2497 №1 /Ascent meditech/,Дотоод
Хөх өргөгч 5см*5м /ParAid/ №1,Дотоод
Хөх өргөгч 5см*5м /ParAid/ №1 ,Дотоод
Хөхний саалтуур 100мл /ньюремеди/ №1 /Simeiyunying/,Дотоод
Хуруу лент /Nanjing Joyful/ N50,Дотоод
Хуруу лент 72мм*19мм N100,Дотоод
Хуруу лент 72мм*22мм Non-woven N100 /Нахиа/,Дотоод
Хуруу лент 72мм*22мм PU waterproof №100 /Нахиа/,Дотоод
Хуруу лент N100 /medicare/,Дотоод
Хуруу лент №100,Дотоод
"Хуруу лент Sheer Emergency 7,2см*19см N50",Дотоод
Хуруу лент хүүхэд N24  /Дэлгэрэх Цоморлиг/,Дотоод
Хуруу лент хүүхэд N24 /Дэлгэрэх Цоморлиг/,Дотоод
Хурууны чиг /L/ №1 /Flamingo/ /Ascent meditech/,Дотоод
Хурууны чиг /M/ №1 /Flamingo/ /Ascent meditech/,Дотоод
Хурууны чиг /S/ №1 /Flamingo/ /Ascent meditech/,Дотоод
Хурууны чиг L N1,Дотоод
Хурууны чиг M N1,Дотоод
Хурууны чиг S N1,Дотоод
Хурууны чиг XL N1,Дотоод
Хурууны чиг PD-322 (L) №1,Дотоод
Хурууны чиг PD-322 (M) №1,Дотоод
Хурууны чиг PD-322 (S) №1,Дотоод
Хутганы ир-10 /homecare/ №100,Дотоод
Хутганы ир-15 /homecare/ №100,Дотоод
"Хуян,мөрний өвчин намдаах наалт 13х9 №12 /Henan Kangdi Medical Device Company/",Дотоод
Хүзүүний бэхэлгээ     OC-2009 / XL / №1,Дотоод
Хүзүүний бэхэлгээ Large /Ascent meditech limited/,Дотоод
Хүүхдийн нус сорогч 0+ /Benny/,Дотоод
Хүчилтөрөгчийн аппаратны усны сав N1,Дотоод
Хүчилтөрөгчийн гуурсны холбогч эмн/х N1,Дотоод
Хүчилтөрөгчийн коктейл /аягатай/,Дотоод
Хүчилтөрөгчийн маск баллонтой цэнхэр,Дагалдах
Хүчилтөрөгчийн масктай гуурстай / L / №1,Дотоод
Хүчилтөрөгчийн масктай гуурстай / S / №1,Дотоод
Хүчилтөрөгчийн хамрын  гуурс L  N1 /Homecare /,Дотоод
Хүчилтөрөгчийн хамрын гуурс L №1 /Homecare/,Дотоод
Хүчилтөрөгчийн хамрын гуурс / S /№1,Дотоод
Хүчилтөрөгчийн хамрын салаа гуурс / L /  susmed №1,Дотоод
Хүчилтөрөгчийн хамрын салаа эмн/х гуурс [нярай хүүхэд] N1,Дотоод
Хүчилтөрөгчийн хамрын салаа эмн/х гуурс [хүүхэд] N1,Дотоод
Хүчилтөрөгчийн цилиндрийн эмн/х хошуу 779-0100-02 N1,Дотоод
Хэвлийн бүс JYK-E006 L N1 /Osky Medical/,Дотоод
Хэвлийн бүс JYK-E006 XL N1 /Osky Medical/,Дотоод
Хэл дарагч /Ya She Pian/ N100,Дотоод
Хэл дарагч N1,Дотоод
Хэл дарагч мод N1 /Homecare/,Дотоод
Цаасан пластыр 1.25см*10м №1 /Ньюремеди/,Дотоод
Цаасан пластыр 2.5см*9.1см №12 /Tom and Jerry/,Дотоод
Цайр 25мг N120,Дотоод
Цайрын исэл /монэнз/ тос/т 10% 20гр N1,Дотоод
Цайрын шахм 10мг N100,Дотоод
Цедоксил капс N100,Дотоод
Цедоксил капсул 500мг №30 /Hawon Pharmaceutical/,Дотоод
Цереброфорт Голд сироп 100мл,Дотоод
Цесарин тос 30гр №1 /Тэгш-Анар ХХК/,Дотоод
Цетриноб шахм 10мг N10,Дотоод
Цефавит Д3 шахмал 1000ОУН №60,Дотоод
Цефазолин /энси/ тар/н 1гр,Дотоод
Цефазолин натри тар/у/н 1гр N1,Дотоод
ЦефаКейр ууж хэр хөв бэлтг нунт 125мг/5мл-100мл №1 /Huazhong Pharmaceutical/,Дотоод
Цефаклор капс 250мг N10,Дотоод
Цефалексин капс 250мг N100,Дотоод
Цефат 250мг N10,Дотоод
Цефат 500мг N10,Дотоод
Цефат хөв/н 125мг/мл 30*2мл N1,Дотоод
ЦефиксКейр ууж хэр хөвм бэлтг нунт 100мг/5мл-100мл №1 /Huazhong Pharmaceutical/,Дотоод
ЦефоКейр 1гр/2мл N1 /тарилгын уусмал бэлтгэх нунтаг/,Дотоод
Цефотаксим / Крас / тар/н 1гр N1,Дотоод
Цефотаксим /шижиа/ тар/н 1гр N1,Дотоод
Цефтриаксон /шижиа/ тар/н 1гр N1,Дотоод
Цефтриаксон 1гр N1,Дотоод
Цефтриаксон тар/н /крас/ 1гр N1,Дотоод
Цинезолид т/шин 2мг/мл - 300мл N1,Дотоод
Цинк В6 С шахм N90,Дотоод
Циннаризин /монос/ шахм 25мг N50,Дотоод
Ципрон /монос/ шахм 500мг N10,Дотоод
"Ципро-Пнеу 0,3%-5мл N1",Дотоод
Ципрофлоксацин 500мг N10,Дотоод
"Цисто нунтаг 3г №3 /Nexpharm Korea Co.,Ltd/",Дотоод
Цистон шахм N60,Дотоод
Цитрамон П / мөнх/тун / шахм 500мг N10,Дотоод
Цитрамон П /50ус/ шахм 500мг N10,Дотоод
Цитрамон П /даль/ шахм N6,Дотоод
Цитрамон П /монос/ шахм 500мг N10,Дотоод
ЦитроМакс шахм 375мг+250мг+65мг N6,Дотоод
Цооролтын дараах фоам наалт 10х10см N1 /Roosin Medical/,Дотоод
Цооролтын зөөлөвч /Back A/ N1 /Хятад/,Дотоод
Цооролтын зөөлөвч /round B/ N1 /Хятад/,Дотоод
Цооролтын зөөлөвч /round/ N1 /Хятад/,Дотоод
Цооролтын зөөлөвч /square B/ N1 /Хятад/,Дотоод
Цооролтын өмнөх х/арьс 10х10см N1 /Roosin Medical/,Дотоод
Црикотиротомийн багц N1 /VBM/,Дотоод
Цус тогтоогч самбай 1902GB 10cm*20cm №1 /Johnson/,Дотоод
Цусны систем №1 /homecare/,Дотоод
Цэвэр Гар ариутгагч гель 500мл N1,Дотоод
Цэлцэгнүүр 280гр №28 /Shiseido/,Дотоод
Цэлцэгнүүр Коллаген 56000mg N28 /Shiseido/,Дотоод
Цэлцэгнүүр-maca vitality for men 280гр №28 /Shiseido/,Дотоод
Цэлцэгнүүр-Нойрны габа 280гр №28 /Shiseido/,Дотоод
Цэлцэгнүүр-Нүдний лютеин 280гр №28 /Shiseido/,Дотоод
Цэлцэгнүүр-Төмөр/Фолийн хүчил 280гр №28 /Shiseido/,Дотоод
Цэлцэгнүүр-Турмерик/Цагаан гаа 280гр №28 /Shiseido/,Дотоод
Цэлцэгнүүр-Хоргүйжүүлэгч 280гр №28 /Shiseido/,Дотоод
Цэлцэгнүүр-Хүнсний эслэг 280гр №28 /Shiseido/,Дотоод
Цээжний битүүмжлэл агааржуулалттай /Chest seal vented/ N1,Дотоод
Чагнуур (Yuwell) эмн/х N1,Дотоод
Чагнуур 2 замтай N1 /Yuwell/,Дотоод
Чамп Ибуфен Сироп 2мг/100мл-5мл №10,Дотоод
Чамп Коф Сироп 62.5мг/100мл+250мг/100мл+50мг/100мл-5мл №10,Дотоод
Чамп Нөүз Сироп 0.02г/100мл+0.3г/100мл-5мл №10,Дотоод
Чамп Сироп 3.2/100мл-5мл №10,Дотоод
Читамон плюс сироп 100мл N1,Дотоод
Читамон шахм 300мг N10,Дотоод
Чих цэвэрлэгч N100,Дотоод
Чих цэвэрлэгч WB №100,Дотоод
Чих цэвэрлэгч хөвөн №200 /Нахиа/,Дотоод
Чих цэвэрлэгч хятад /жижиг багц/ N100,Дотоод
Чихэр өвсний сироп /50ус/ сироп 100мл N1,Дотоод
Шагайн бэхэлгээ үдээстэй JYK-D014 N1 /Osky Medical/,Дотоод
Шагайн хамгаалалт ОС-2014 15-20см /S/ №1 /Flamingo/ /Ascent meditech/,Дотоод
Шагайн хамгаалалт ОС-2014 20-25см /M/ №1 /Flamingo/ /Ascent meditech/,Дотоод
Шагайн хамгаалалт ОС-2014 25-30см /L/ №1 /Flamingo/ /Ascent meditech/,Дотоод
Шагайн хамгаалалт ОС-2456 18-30см №1 /Flamingo/ /Ascent meditech/,Дотоод
Шагайн хатуу чиг JYK-D013 N1 /Osky Medical/,Дотоод
Шар доктор цэвэр тос 100% 100мл,Дотоод
Шар доктор цэвэр тос 100% 50мл,Дотоод
Шарх боох материалын багц Basic MPC Dressing Set /Dansu China/ N1,Дотоод
Шилэн бумба 3дм N1 /Хятад/,Дотоод
Шилэн бумба 4дм N1 /Хятад/,Дотоод
Шилэн бумба 5дм N1 /Хятад/,Дотоод
шим шим-6 нунт N15,Дотоод
Шингэн нүүрс нунт насан хүрэгчдийн N10,Дотоод
Шингэн нүүрс нунт хүүхдийнх N10,Дотоод
Шингэн хүчилтөрөгч шинг 30мл N1,Дотоод
"Шүд цайруулах,цэвэрлэх алчуур /Dr.White/ №7",Дотоод
Шүдний утас Dental Floss эмн/х 20м N1,Дотоод
Шүдний утас Dental plus эмн/х 20м N1,Дотоод
Шүдний утас Солонгос эмн/х 50м N1,Дотоод
Шээсний катетер 2 замт 14 FR 30мл N1 /Хятад/,Дотоод
Шээсний катетер 2 замт 16 FR 30мл N1 /Хятад/,Дотоод
Шээсний катетер 2 замт эмн/х 18FR 30мл N1,Дотоод
Шээсний катетер латекс 2 замт эмн/х 14 FR 30мл N1,Дотоод
Шээсний катетер латекс 2 замт эмн/х 16 FR 30мл N1,Дотоод
Шээсний катетер латекс 2 замт эмн/х 18 FR 30мл N1,Дотоод
Шээсний катетер эмн/х 12Fr 30мл N1,Дотоод
Шээсний катетер эмн/х 14Fr 30мл,Дотоод
Шээсний катетер эмн/х 16Fr 30мл N1,Дотоод
Шээсний катетр 2 замт эмн/х 10Fr 3 - 5мл N1,Дотоод
Шээсний катетр 2 замт эмн/х 20Fr 30мл N1,Дотоод
Шээсний сав 40мл N1 Хятад,Дотоод
Шээсний сав 60мл N1,Дотоод
Шээсний сав эмэгтэй N1 /Хятад/,Дотоод
Шээсний сав эрэгтэй N1 /Хятад/,Дотоод
Шээсний тест UroColor 10 /Abbot/ N100,Дотоод
Шээсний уут 2 литр /Homecare/,Дотоод
Шээсний уут кранттай 2л /Anji SPENQ Industrial/,Дотоод
Шээсний уут эмн/х 1л,Дотоод
Шээсний уут эмн/х 2л,Дотоод
Шээсний шинжилгээний сав 60мл N1,Дотоод
Шээсний шинжилгээний сав эмн/х 120мл N1,Дотоод
Эвалор чай био при 9955 3гр,Дотоод
"Эвалор чай лактомама 7432 1,5гр",Дотоод
Эвэкер капс N30,Дотоод
Эвэр үүний наалт [Тэгш-Анар] эмн/х N6,Дотоод
Эвэ-эйд Ариун наалт 6см*7см,Дотоод
Эвэ-эйд Ариун наалт 9см*10см,Дотоод
Эвэ-эйд Ариун наалт 9см*15см,Дотоод
Эвэ-эйд Ариун наалт 9см*20см,Дотоод
Эвэ-эйд Ариун наалт 9см*25см,Дотоод
Эвэ-эйд Ариун наалт 9см*30см,Дотоод
Эвэ-эйд Ариун наалт 9см*7см,Дотоод
Эвэ-эйд уян зүүний наалт 6см*7см N1,Дотоод
Эгэмний бэхэлгээ JYK-C040 N1 /Osky Medical/,Дотоод
ЭДВ набор /7Fr 200mm/ №1 /New Remedy/,Дотоод
Эзамон капс 400мг+25мг N60,Дотоод
Эйрфенак таб 100мг №100 /Daewon Pharm/,Дотоод
Экинол үе мөчний түрхлэг 30гр,Дотоод
Экоклав сироп 250мг + 62.5мг/5мл 100мл N1,Дотоод
Экоклав хөвмөл бэлтгэх нунтаг 100мл N1 /AVVA-RUS JSC/,Дотоод
Эксегран шахм 100мг N30,Дотоод
Эксиглу 10мг шахмал №30,Дотоод
Эксиглу 5мг шахмал №30,Дотоод
Экстрамаг нунтаг 250мг N30 /Orzaks/,Дотоод
Эктсра стрэнт Омега 3 зөөлөн капсул 700мг №100 /Jamieson/,Дотоод
Элегра шахмал 100мг N4 /Coral/,Дотоод
Электрод N50,Дотоод
Элпизин шахмал 60мг №30,Дотоод
Элэг хамгаалах бэлдмэл 200мл №1,Дотоод
Эмерон шахм 100мг N20 /Replek/,Дотоод
Эмийн сав /цагаан+тасалгаатай/ дунд №1 /Хятад/,Дотоод
Эмийн сав /цагаан+тасалгаатай/ том №1 /Хятад/,Дотоод
Эмийн сав жижиг,Дотоод
Эмийн сав тасалгаатай жижиг №1 /Хятад/,Дотоод
Эмийн сав тасалгаатай том №1 /Хятад/,Дотоод
Эмийн сав том,Дотоод
Эмийн сангийн улаан цүнх /Жижиг/ №1,Дотоод
Эмийн сангийн улаан цүнх /Том/ №1 /Хятад/,Дотоод
Эмийн сангийн улаан цүнх N1,Дотоод
Эмийн хайрцаг /цүнхний/ N1,Дотоод
Эмийн хайрцаг BX-F01 /дунд/ №1 Ньюремеди,Дотоод
Эмийн хайрцаг BX-F01 /жижиг/ №1 Ньюремеди,Дотоод
Эмийн хайрцаг/Их төгөл/,Дотоод
Эмнэлэгийн хог хаягдлын сав эмн/х 50 литр N1,Дотоод
Энтерол капс 250мг N10,Дотоод
Энтерол нунт 250мг N10,Дотоод
Энтростоп шахм 650мг + 50мг N20,Дотоод
Энфантил /Витамин Д3 400IU/ дусал 12.5 ml/450 drops N1,Дотоод
Энфантил сироп сироп 200мл N1,Дотоод
Эпексол шахмал 30мг №100 /PT. Sanbe Farma/,Дотоод
Эпинефрин 1мг/мл тарилгын уусмал 1мл №10 /Dai Han Pharm/,Дотоод
Эпокин 4000ОУН N1,Дотоод
Эринит [татхим] шахм 10мг N50,Дотоод
Эритромицин /Эрмицин/ шахм 500мг N10,Дотоод
Эритромицин шахм /протек / 500мг N10,Дотоод
Эритромицин шахм 500мг N10,Дотоод
Эритромицин-БКРС шахм 500мг N10,Дотоод
Эрлиан Бумба соронзтой N6,Дотоод
Эрлиан Нэг удаагийн халат N1,Дотоод
Эрлиан Өтгөний нэг удаагийн уут N1,Дотоод
Эрлиан Таягны хөлний зөөлөвч N1,Дотоод
Эрмицин/эритромицин/ шахм 250мг N10,Дотоод
Эсобен бүрхүүлтэй шахмал 20мг N30 /Leben/,Дотоод
Эссливер форте капс 300мг N30,Дотоод
"Эстринорм лаа үт 0,5мг N15",Дотоод
Этамзилат т/уусм 250мг- 2мл N10,Дотоод
Этекс Цитиколин бүрхүүлтэй шахмал 500мг №20 /Theragen Etex/,Дотоод
"Эуфиллин /цомбо/ т/уусм 2,4% 10мл N10",Дотоод
Эхо гель 250мл N1 /Homecare/,Дотоод
Ювит  бэби Д3 /Польш/ 10мл N1,Дотоод
Ювит бэби Д3 /Польш/ 10мл N1,Дотоод
Юнггаксан күүл мөхлөг 700мг N18 /Boryung/,Дотоод
Юнггаксан нунтаг 25гр №1 /Boryung/,Дотоод
Юнидокс Солютаб уус/шх 100мг N10,Дотоод
Юнитель нэгж 1000,Дотоод
Юнитель нэгж 1500,Дотоод
Юнитель нэгж 2000,Дотоод
Юнитель нэгж 3000,Дотоод
Ясурамин 200мг + 400мг 10мл N1,Дотоод
 Babybio хайрцагтай алим бөөрөлзгөнө нухаш 90гр 4ш 6+сар/0160/,Дагалдах
 Babybio хайрцагтай алим жүрж гадил нухаш 90гр 4ш 6+сар/0177/,Дагалдах
 Babybio хайрцагтай алим лийр чангаанз нухаш 90гр 4ш 6сар/0115/,Дагалдах
 Babybio хайрцагтай алим нэрс гүзээлзгэнэ нухаш 90гр 4ш 6+сар/0146/,Дагалдах
 Babybio хайрцагтай алим чангаанз гадил нухаш 90гр 4ш 6+сар /0122/,Дагалдах
Babybio жимсний цуглуулга 6+ 130гр,Дагалдах
Babybio хайрцагтай алим бөөрөлзгөнө нухаш 90гр 4ш 6+сар/0160/,Дагалдах
Babybio хайрцагтай алим жүрж гадил нухаш 90гр 4ш 6+сар/0177/,Дагалдах
Babybio хайрцагтай алим лийр чангаанз нухаш 90гр 4ш 6сар/0115/,Дагалдах
Babybio хайрцагтай алим нэрс гүзээлзгэнэ нухаш 90гр 4ш 6+сар/0146/,Дагалдах
Babybio хайрцагтай алим чангаанз гадил нухаш 90гр 4ш 6+сар /0122/,Дагалдах
 Санитас гар ариутгагч гель 250мл /3186/,Дагалдах
 Санитас гар ариутгагч гель ногоон 60мл /3278/ ,Дагалдах
 Санитас гар ариутгагч гель шар 60мл /5185/,Дагалдах
 Санитас гар ариутгагч гель энгийн 60мл /9180/,Дагалдах
 Санитас гар ариутгагч гель юникорн 60мл /3599/,Дагалдах
 Сэхээн амьдруулах CPR маск хавхлагатай N1,Дагалдах
0 калортай цэлцэгнүүрт ундаа N1,Дагалдах
12витаминт цэлцэгнүүр ундаа N1,Дагалдах
100 plus ACTIVE /хийжүүлээгүй/ 500мл,Дагалдах
100 plus Lemon Lim /хийжүүлсэн/ 300мл,Дагалдах
100 плас орижинал /хийжүүлсэн/ 300мл,Дагалдах
100 plus original /хийжүүлсэн/ 500мл,Дагалдах
100 plus ZERO/хийжүүлсэн/ 500мл,Дагалдах
100Plus Lemon Lime хийжүүлсэн 500мл,Дагалдах
Adreneline rush 250мл,Дагалдах
Aiken гарын шингэн саван 250мл,Дагалдах
Aiken шүршүүрийн шингэн саван 350гр сэргээх үйлчилгээтэй,Дагалдах
Algo хөхний саалтуур хуванцар 180мл №1,Дагалдах
Amos biobor жүржтэй пробиотиктой иштэй чихэр /3549/,Дагалдах
Amos biobor Тоортой пробиотиктой иштэй чихэр /3525/,Дагалдах
Amos biobor Усан үзэмтэй пробиотиктэй иштэй чихэр /3532/,Дагалдах
AMOS иогуртны амттай пробиотик 45гр /6960/,Дагалдах
AMOS тоорын амттай пробиотик 45гр /6977/,Дагалдах
Amura эмэгтэйчүүдийн нойтон сальфетка №10ш,Дагалдах
Angel moms халаад үслэг,Дагалдах
Angel moms халаад хөх даавуун,Дагалдах
Angel moms халаадтай сарпан,Дагалдах
Angel moms хөхүүл левчик хатуулгатай,Дагалдах
Angel moms хөхүүл майк,Дагалдах
Angel moms хөхүүл подвалк,Дагалдах
Angel moms хөхүүл цамц даавуун ханцуйтай,Дагалдах
"Angel moms хөхүүл цамц уналттай, ханцуйтай",Дагалдах
Aquafresh active fresh 125мл 7041,Дагалдах
"Aquafresh All in one Whitening шүд/оо -Шүд цайруулж, 24 цаг хамгаалах Шүдний оо 100мл 8652",Дагалдах
"Aquafresh All in one Whitening шүд/оо -Шүд цайруулж, 24 цаг хамгаалах Шүдний оо 100мл 8652 ",Дагалдах
Aquafresh Intense Clean Deep Action Эрчимтэй цэвэрлэх микрокристалтай Шүдний оо 75мл 0087,Дагалдах
Aquafresh Kids My Big Teeth 6+ шүд/оо 6+ насны Хүүхдийн шүдний оо 50мл,Дагалдах
Aquafresh kids сойз /phase 2/ 3-5 нас,Дагалдах
"Aquafresh kids сойз 0,3-2 нас /phase 1/",Дагалдах
Aquafresh my big 6+ шүдний сойз,Дагалдах
Aquafresh my little 3-5 сойз,Дагалдах
"Aquafresh Мягко-мятная шүд/оо Гурвалсан хамгаалалт, зөөлөн гаатай Шүдний оо 125мл",Дагалдах
"Aquafresh Мягко-мятная шүд/оо Гурвалсан хамгаалалт, зөөлөн гаатай Шүдний оо 50мл",Дагалдах
"Aquafresh Освежающе-мятная шүд/оо Гурвалсан хамгаалалт, цэнгэг амьсгал Шүдний оо 125мл",Дагалдах
Aquafresh стандарт шүдний сойз,Дагалдах
Aquafresh сэнгэнэсэн гааны амттай ам зайлагч 500мл /0439/,Дагалдах
Armour том хүний живх L10ш наадаг хар,Дагалдах
Armour том хүний живх L10ш өмсдөг саарал,Дагалдах
Armour том хүний живх L10ш өмсдөг шар,Дагалдах
Armour том хүний живх M 10ш саарал өмсдөг,Дагалдах
Armour том хүний живх M10ш наадаг хар,Дагалдах
Armour том хүний живх M10ш өмсдөг шар,Дагалдах
Armour том хүний живх XL10ш наадаг,Дагалдах
Armour том хүний живх XL10ш өмсдөг саарал,Дагалдах
Armour том хүний живх XL10ш өмсдөг шар,Дагалдах
ATO салфетка premium 72pc /8969/,Дагалдах
Aurag рашаан 500мл /1963/,Дагалдах
Avene cicalfate emulsion нөхөн төлжүүлэх чийгшүүлэх тос 40мл,Дагалдах
Avene Cicalfate арьсыг нөхөн сэргээх тос /4667/ 40мл,Дагалдах
"Avene Cicalfate арьсыг нөхөн сэргээх тос, 15мл /4698/",Дагалдах
Avene cicalfate Эмзэгшсэн уруулын тос 10мл \1263\,Дагалдах
"Avene Cleanance AHA серум, 30 мл /0469/",Дагалдах
Avene Cleanance comedomed батганы эсрэг тос / 2854/ 30мл,Дагалдах
Avene cleanance xeracalm нөхөн төлжүүлэх тосон/цэвэр 100мл \6844\,Дагалдах
"Avene Cleanance детокс маск, 50 мл /0445/",Дагалдах
Avene cleanance зовхины тос 15мл,Дагалдах
Avene Cleanance мицеллар лосьон 400мл /7811/,Дагалдах
Avene cleanance мицеллэр лосьон 100мл,Дагалдах
Avene Cleanance тослог арьсны нарны Тос /2655 /SPF50 50мл,Дагалдах
Avene Cleanance тослог тэнцвэржүүлэх эмульс 7828 40мл,Дагалдах
Avene cleanance угаагч гель 100мл,Дагалдах
Avene Cleanance угаагч гель 7736 200мл,Дагалдах
Avene Cleanance угаагч гель 7774 400мл,Дагалдах
"Avene Cleanance чийгшүүлэх тос, 40мл /0891/",Дагалдах
Avene Cleanance шавар маск 7159 50мл,Дагалдах
Avene Cleanance энгийн арьсны нарны Тос /2634 /SPF50 50мл,Дагалдах
"Avene Cold гарын чийгшүүлэх тос, 50мл /9952/",Дагалдах
"Avene Dermabsolu өдрийн тос, 40мл /0515/",Дагалдах
Avene essentail уруулын тэжээл 4г,Дагалдах
Avene Essential 3-т 1 будаг арилгагч /2952/ 200мл,Дагалдах
Avene Essential Гуужуулагч гель /0877 / 75мл,Дагалдах
Avene Essential Мицеллар лосьон /2456/ 100мл,Дагалдах
Avene Essential Мицеллар лосьон /7357/ 200мл,Дагалдах
"Avene Essential Цэвэрлэгч хөөс, 150мл /2371/",Дагалдах
"Avene Hyaluron Activ B3 Серум, 30мл /3101/",Дагалдах
"Avene Hydrance serum boost, 30мл /8954/",Дагалдах
"Avene Hydrance чийгшүүлэгч тонер, 200мл /9730/",Дагалдах
Avene hydrance чийгшүүлэгч эссенци 100мл \9143\,Дагалдах
Avene hydrance чийгшүүлэгч эссенци 200мл,Дагалдах
"Avene Hydrance чийгшүүлэх гель, 50мл /4130/",Дагалдах
Avene hydrance чийгшүүлэх тос UV SPF30 40мл,Дагалдах
"Avene Tolerance эмзэг арьсны чийгшүүлэгч тос, 40мл /8336/",Дагалдах
Avene hydrance чийгшүүлэх шөнийн гель 50мл,Дагалдах
Avene hydrance чийгшүүлэх эмульс SPF30 40мл,Дагалдах
"Avene Tolerance эмзэг арьсны цэвэрлэгч, 200мл /2280/",Дагалдах
"Avene Vitamin activ C серум, 30 мл /3477/",Дагалдах
Avene Xeracalm липид нөхөн төлжүүлэх тос /5553/ 200мл,Дагалдах
Avene Нарны тос лайт лосион 100мл,Дагалдах
"Avene Нарны Тос, Үнэргүй, Флүд SPF 50+/ 2702/ 50мл",Дагалдах
"Avene Нарны тос, хүүхдийн цацлага SPF50, 200мл",Дагалдах
Avene Халуун Рашаан 3124 150мл,Дагалдах
Avene Халуун Рашаан 3131 300мл,Дагалдах
Avene Халуун Рашаан 8305 50мл,Дагалдах
"Avene хүүхдийн нарны тос50+, 100мл",Дагалдах
B&B Baby угж болон аяга таваг угаагч 600мл /2486/,Дагалдах
B&B Baby хүүхдийн чих болон хамар цэвэрлэгч 200ш,Дагалдах
B&B аяга болон жимс угаагч 1л,Дагалдах
B&B саван 200гр,Дагалдах
Эдийн саван B&B Soap 200гр ургамал,Дагалдах
B&B толбо арилгагч 500гр,Дагалдах
B&B угж болон аяга таваг угаагч 500мл,Дагалдах
B&B хувцас зайлагч Softener Bottle 1500мл,Дагалдах
B&B хувцас зайлагч Softener Bottle 2100мл,Дагалдах
B&B хүүхдийн сойз 3-5нас,Дагалдах
B&B хүүхдийн сойз 6-24сар,Дагалдах
B&B хүүхдийн сойз 5+ нас,Дагалдах
B&B шингэн вок Laundry Bottle 1500мл,Дагалдах
B&B шингэн вок Laundry Bottle 2100мл,Дагалдах
Baby bio алим лийр коконат 90гр 6+,Дагалдах
Baby bio гадилтай овъёосны тараг  90гр 6+,Дагалдах
Baby bio гадилтай овъёосны тараг 90гр 6+,Дагалдах
"Babybio бөөрөлзгөнө, гадил, үнээний тараг 90гр 6+ сар /0871/",Дагалдах
Baby bio үр тариа жүрж 220гр 6+,Дагалдах
Babybio 3н төрлийн жимстэй  каш 6+сар 220гр,Дагалдах
Babybio 3н төрлийн жимстэй каш 6+сар 220гр,Дагалдах
Babybio Ваниллатай Будааны каш 6+сар 220гр,Дагалдах
BabyBio какаотай каш 8+ 220гр,Дагалдах
Babybio хөх тариатай  каш  8+сар 220гр,Дагалдах
Babybio хөх тариатай каш 8+сар 220гр,Дагалдах
Baby Lab нойтон салфетка 100 ш,Дагалдах
Baby Lab нойтон салфетка 40 ш,Дагалдах
Baby Lab хүүхдийн живх L 20 ш/Өмсдөг/,Дагалдах
Baby Lab хүүхдийн живх L 36 ш /Наадаг/,Дагалдах
Baby Lab хүүхдийн живх L 54 ш/Өмсдөг/,Дагалдах
Baby lab хүүхдийн живх L 70ш /наадаг/,Дагалдах
Baby Lab хүүхдийн живх M 40 ш /Наадаг/,Дагалдах
Baby lab хүүхдийн живх M 74ш/наадаг/,Дагалдах
Baby Lab хүүхдийн живх NB 52 ш /хүйн хамгаал наадаг/,Дагалдах
Baby Lab хүүхдийн живх NB 5ш /өмсдөг/,Дагалдах
Baby Lab хүүхдийн живх S 48 ш /Наадаг/,Дагалдах
Baby lab хүүхдийн живх S 90ш/наадаг/,Дагалдах
Baby Lab хүүхдийн живх XL 18 ш /Өмсдөг/,Дагалдах
Baby Lab хүүхдийн живх XL 32 ш /Наадаг/,Дагалдах
Baby Lab хүүхдийн живх XL 48 ш /Өмсдөг/,Дагалдах
Baby lab хүүхдийн живх XL 60ш/наадаг/,Дагалдах
Baby Lab хүүхдийн живх XXL 16 ш /Өмсдөг/,Дагалдах
Baby Lab хүүхдийн живх XXL 42 ш /Өмсдөг/,Дагалдах
Babybio Caprea 1 хүүхдийн сүү 0-6 сар 400гр,Дагалдах
babybio caprea харшилтай хүүхдэд ямааны сүү 800гр,Дагалдах
babybio caprea ямааны сүү №2 6-12 сар 800гр,Дагалдах
babybio caprea ямааны сүү №3 10 сараас 3 нас  800гр,Дагалдах
babybio caprea ямааны сүү №3 10 сараас 3 нас 800гр,Дагалдах
"Babybio Immunity алим, гадил, киви, интоортой нухаш 100гр 6+сар",Дагалдах
"Babybio Immunity алим, лийр, будаа, интоортой нухаш 100гр 6+сар",Дагалдах
Babybio Optima 1 хүүхдийн сүү пребиотиктой 0-6 сар 400гр,Дагалдах
Babybio Optima 2 хүүхдийн сүү пребиотиктой 6-12 сар 400гр,Дагалдах
Babybio Optima 3 хүүхдийн сүү пребиотиктой 10 сар - 3 нас 800гр,Дагалдах
Babybio алим бөөрөлзгөнөтэй нухаш 6+ сар нухаш 90гр N1,Дагалдах
Babybio алим бөөрөлзгөнөтэй нухаш 90гр 6+сар,Дагалдах
Babybio алим инжир жимсний нухаш 90гр 6+сар /0185 /,Дагалдах
"Babybio алим нэрс,гүзээлзгэнэтэй нухаш 90гр 6+ сар",Дагалдах
Babybio алим хар чавгатай нухаш 90гр 6+сар,Дагалдах
"Babybio алим, гүзээлзгэнэ, ванилтай нухаш 90гр 6+сар",Дагалдах
"Babybio алим, лиир, тоор жимсний нухаш 90гр 6+ сар",Дагалдах
"Babybio алим, чангаанз, гадилтай нухаш 90гр 6+сар",Дагалдах
Babybio Жүрж Гадил Алимтай нухаш 90гр 6+сар,Дагалдах
"Babybio Киви, манго, коконутын сүүтэй нухаш 6+сар 90гр N1",Дагалдах
"Babybio лийр, банана, шар будаатай 90гр 6+сар",Дагалдах
Babybio алим гүзээлзгэнэтэй коконатын тараг 130гр 6+сар,Дагалдах
Babybio гадил нэрстэй овьёосны тараг 130гр 6+ сар,Дагалдах
Babybio ямааны сүүтэй чангаанз гадилтай тараг 130гр 6+сар/0898/,Дагалдах
Babybio алим гүзээлзгэнэтэй нухаш 4+ 130гр,Дагалдах
Babybio вандуйтай нухаш 6+ 130гр,Дагалдах
Babybio эрдэнэ-шишийн нухаш 6+ 130гр,Дагалдах
Babybio ванилтай жигнэмэг  8+ сар 120гр,Дагалдах
Babybio ванилтай жигнэмэг 8+ сар 120гр,Дагалдах
Babybio жигнэмэг 8+сар 120гр N1,Дагалдах
"Babybio Оптима №1 пребиотиктой 800гр хүүхдийн сүү, 0-6 сар",Дагалдах
Babybio Оптима №2 FOS GOS 800гр Хүүхдий сүү,Дагалдах
Babybio Примеа №1 DHA 800гр Хүүхдий сүү,Дагалдах
Babybio Примеа №2 DHA 800гр Хүүхдий сүү,Дагалдах
Babybio Примеа №3 DHA 800гр Хүүхдий сүү,Дагалдах
"Babybio тахианы мах, будааны зутан 200гр 6+сар /0027/",Дагалдах
Babybio хүнсний ногооны зутан 200гр 8+сар /0553/,Дагалдах
Baron Sweet Obssesion Амттаны цуглуулга 250гр N1,Дагалдах
BB Kitty Lotion issue №40 /QUANZHOU SUN CARE/,Дагалдах
BB Kitty Lotion issue №40 /QUANZHOU SUN CARE/,Дагалдах
BB Kitty Lotion tissue №40 бэлэг,Дагалдах
BB Kitty цүнхний нойтон салфетка /1600/,Дагалдах
BC ALOE VERA FACE MASK 1ш,Дагалдах
BC BEST FRIEND SNAIL GREEN TEA FACE MASК 1ш \0976\,Дагалдах
BC BUBBLE FACE MASK 1ш \1034\,Дагалдах
BC CHARCOAL FACE MASK 1ш \1072\,Дагалдах
BC GREEN BLEND TEA TREE+CUCUMBER FACE MASK 1ш,Дагалдах
BC YOGURT FACE MASK 1ш \1553\,Дагалдах
BC Beauty cica care cream сика /найрлагатай тос 15 мл/ \1380\,Дагалдах
BC Beauty shine hair mask /үсний маск 1ш/ \0907\,Дагалдах
BC CHARCOAL PEEL OFF MASK 20мл \1229\,Дагалдах
Beauty foot peel mask /хөлийн гуужуулах маск 1ш/,Дагалдах
Beauty soft hand mask /гарны маск 1ш/,Дагалдах
Beauty UV PROTECTOR SUN CREAM SPF 50 / PA 15мл \1168\,Дагалдах
Bebe cook double-color амтат төмст/ж  6сар,Дагалдах
Bebe cook double-color бууцай/ж 6сар+,Дагалдах
Bebe cook double-color хулуу/ж 6сар,Дагалдах
Bebe cook амтат төмстэй нухаш 80гр 6сар+,Дагалдах
Bebe cook амтат хулуутай нухаш 80гр 6сар+,Дагалдах
Bebe cook анхны будааны зутан 120гр 6сар+,Дагалдах
Bebe cook бор будаа алимтай /ж 7сар+,Дагалдах
Bebe cook бор будаа усан үзэмтэй/ж 7сар+,Дагалдах
Bebe cook бор будаа хулуутай/ж 7сар+,Дагалдах
Bebe cook будааны зутан 120гр 6сар+,Дагалдах
Bebe cook гүзээлзгэнэтэй будааны/ж 12сар+,Дагалдах
Bebe cook хайлдаг бананатай/ж 12сар+,Дагалдах
Bebe cook хайлдаг гүзээлзгэнэтэй/ж 12сар+,Дагалдах
Bebe cook мандаринтай цэлцгэнүүр 100гр 12сар,Дагалдах
Bebe cook ногоотой шүүс 100гр 7сар,Дагалдах
Bebe cook органик ногоотой/ж 7сар+,Дагалдах
Bebe cook органик үр тарианы /ж  7сар+,Дагалдах
Bella cotton 140,Дагалдах
Bella for teens Sensitive по 20 шт,Дагалдах
Bella Panty Ideale Large A20 20ш,Дагалдах
Белла ө/тут panty energy N20 \1643\,Дагалдах
Белла ө/тут панти сенситив elegance,Дагалдах
Белла ө/тут панти софт N20,Дагалдах
Белла ө/тут панти фреш N20,Дагалдах
Белла ө/тут панти энержи N20 \1445\,Дагалдах
Белла ө/тутам ароме N20 \1421\,Дагалдах
Белла ө/тутам сенситив N20,Дагалдах
Bella for teens Ultra Energy по 10 шт,Дагалдах
Bella ideale Nigth 7ш,Дагалдах
Bella ideale Regular 10ш,Дагалдах
Bella Panty Ideale Large A40 12ш,Дагалдах
Bella Panty Ideale Normal A28 16ш,Дагалдах
Bella Panty Ideale Normal A54 16ш,Дагалдах
Bella panty soft A50+10,Дагалдах
Best-bb гэрэлтэй чих ухагч,Дагалдах
Best-bb гэрэлтэй чих ухагч ягаан №1,Дагалдах
Best-bb хумсны хутга үрүүртэй цэнхэр 0+ сар,Дагалдах
Best-bb хумсны хутга цэнхэр 0+ сар,Дагалдах
Best-bb хумсны хутга ягаан 0+ сар,Дагалдах
Beute God aqua rose гарын тос 50мл /9410/,Дагалдах
Beute God Bio-collagen шингээгч маск /9472/,Дагалдах
Beute God Bioten үс уналтын эсрэг ангижруулагч 200мл /9496/,Дагалдах
Beute God Bioten үс уналтын эсрэг ангижруулагч 600мл /9434/,Дагалдах
Beute God Bioten үс уналтын эсрэг багц 600мл /9540/,Дагалдах
Beute God Bioten үс уналтын эсрэг багц 600мл /9540/ ,Дагалдах
Beute God Bioten үс уналтын эсрэг маск /9458/,Дагалдах
Beute God Bioten үс уналтын эсрэг маск 200мл /9502/,Дагалдах
Beute God Bioten үс уналтын эсрэг серум /9441/,Дагалдах
Beute God Bioten үс уналтын эсрэг шампунь 200мл /9489/,Дагалдах
Beute God Bioten үс уналтын эсрэг шампунь 200мл /9489/ ,Дагалдах
Beute God Bioten үс уналтын эсрэг шампунь 600мл /9427/,Дагалдах
Beute God PDRN бүүстэр мист 150мл /9557/,Дагалдах
Beute God гидрогельтэй гүн чийгшүүлэх нүүрний маск /9236/,Дагалдах
Beute God Коллегантай унтлагын маск 20ш /9038/,Дагалдах
Beute God чийгшүүлэгчтэй SPF50+ нарны тос 50мл /9045/,Дагалдах
Beute God чийгшүүлэх мист 150мл,Дагалдах
Beute God чийгшүүлэх мист 150мл ,Дагалдах
Beute God чийгшүүлэх мист 50мл,Дагалдах
Beute God чийгшүүлэх мист 50мл ,Дагалдах
Bibi хүүхдийн нойтон салфетка 100 ш,Дагалдах
Bibi хүүхдийн нойтон салфетка 40 ш,Дагалдах
Biobor витамин с жүрж жимстэй /2496/,Дагалдах
Biobor лютэйн нэрс жимстэй цэлцэгнүүр /2434/,Дагалдах
Biobor төмөр интоор жимстэй /0584/,Дагалдах
Biomed Toothbrush black set -цогц багц шүдний сойз N3 /8413/,Дагалдах
Biomed Toothbrush black set-цогц багц шүдний сойз N3 /5573/,Дагалдах
Biomed Toothbrush black-цогц шүдний сойз /0479/,Дагалдах
Biomed Toothbrush mineral hard -цогц шүдний сойз /1919/,Дагалдах
Biomed Toothbrush silver -цогц шүдний сойз /0509/,Дагалдах
Biomed Toothbrush pink salt - шүдний сойз N2 /7157/,Дагалдах
Biotin 500мкг  №45 /0222/,Дагалдах
Biotin 500мкг №45 /0222/,Дагалдах
black energy classic 250гр,Дагалдах
black energy sex 250мл,Дагалдах
black energy zero suger 250мл,Дагалдах
black mango 250мл,Дагалдах
black wild strawberry 250мл,Дагалдах
Blitex нүүр цэвэрлэх пад №55,Дагалдах
Blue cat нүүрний хөвөн №1000,Дагалдах
Blue cat нүүрний хөвөн №222,Дагалдах
Blue cat нүүрний хөвөн №25+150ш,Дагалдах
Blue cat чихний хөвөн №200,Дагалдах
Body bag 215cm x 90cm N1,Дагалдах
Body lotoin rose oud amour /5828/,Дагалдах
Borjomi can 330ml /1810/,Дагалдах
Borjomi Can Lemonade Citrus 330ml /3081/,Дагалдах
Borjomi Can Lemonade Mandarine 330ml /3043/,Дагалдах
Borjomi Can Lemonade Pear 330ml /3067/,Дагалдах
Borjomi Can Lemonade Tarragone 330ml /3104/,Дагалдах
Borjomi glass citrus 330ml /3081/,Дагалдах
Borjomi pet bottle 500ml /1353/,Дагалдах
Borjomi pet bottle 750ml /1414/,Дагалдах
Brushbaby 0-2 нас шүдний оо 50мл,Дагалдах
Brushbaby 0-3 нас applemint шүдний оо 50мл \0587\,Дагалдах
Brushbaby 3-6 нас tutti Fruiti шүдний оо 50мл \0143\,Дагалдах
Brushbaby bobie зөөлөн үстэй шүдний сойз 0-3 нас,Дагалдах
Brushbaby шүдний сойз 6+ нас,Дагалдах
Brushbaby Bobie шүдний хос сойз зөөлөн үстэй 0-3нас,Дагалдах
Brushbaby Bobie шүдний хос сойз зөөлөн үстэй 3-6нас,Дагалдах
Brushbaby автомат сойз 3+ нас KidzSonic ягаан /3113/,Дагалдах
Brushbaby анхны сүүн шүдний сойз иж бүрдэл 0-18 сар,Дагалдах
Brushbaby анхны сүүн шүдний хос сойз 0-18 сар,Дагалдах
Brushbaby гүзээлзгэнэтэй шүдний оо юникорн 3+нас /2918/,Дагалдах
Brushbaby спирминт шүдний оо диназавр 3+,Дагалдах
Brushbaby Шүдний оо нэрстэй 3+,Дагалдах
Brushbaby шүд ам цэвэрлэгч салфетка 28ш 0+ сар,Дагалдах
Brushbaby шүдний хос сойз зөөлөн үстэй 3-6нас,Дагалдах
Bubbly алимны амттай хийжүүлсэн ус 450мл /2872/,Дагалдах
Bubbly тоорын амттай хийжүүлсэн ус 450мл /2889/,Дагалдах
Bubbly усан үзмийн амттай хийжүүлсэн ус 450мл /2896/,Дагалдах
Bubchen Aqua Touch FT нойтон салфетка №3 /дис/,Дагалдах
Bubchen Aqua Touch FT нойтон салфетка №3+,Дагалдах
Bubchen Baby bad биеийн шингэн саван 200мл +,Дагалдах
Bubchen Baby bad биеийн шингэн саван 200мл дис,Дагалдах
Bubchen Baby bad биеийн шингэн саван 400мл +,Дагалдах
Bubchen Baby bad биеийн шингэн саван 400мл дис,Дагалдах
Bubchen Baby Bad тос 50мл /эмзэг арьс/ дис,Дагалдах
Bubchen Baby Bad тос 50мл /эмзэг арьс/+,Дагалдах
Bubchen Baby Crème 150мл +,Дагалдах
Bubchen Baby Crème 150мл дис,Дагалдах
Bubchen Bad хүүхдийн шампунь 400мл +,Дагалдах
Bubchen Bad хүүхдийн шампунь 400мл дис,Дагалдах
Bubchen Kinder хүүхдийн шампунь 200мл дис,Дагалдах
Bubchen Kinder хүүхдийн шампунь 200мл+,Дагалдах
Bubchen Kinder хүүхдийн шампунь 400мл дис,Дагалдах
Bubchen Kinder хүүхдийн шампунь 400мл+,Дагалдах
Bubchen Milk 200 ml дис,Дагалдах
Bubchen Milk 200 ml+,Дагалдах
Bubchen Spezial Crème 75мл-Эмзэг мэдрэмтгий арьсанд зориулсан дис,Дагалдах
Bubchen Spezial Crème 75мл-Эмзэг мэдрэмтгий арьсанд зориулсан+,Дагалдах
Bubchen Биеийн шингэн саван 400мл дис,Дагалдах
Bubchen Биеийн шингэн саван 400мл+,Дагалдах
Bubchen хүүхдийн тос 20мл дис,Дагалдах
Bubchen хүүхдийн тос 20мл+,Дагалдах
Bubchen хүүхдийн шампунь 200мл дис,Дагалдах
Bubchen хүүхдийн шампунь 200мл+,Дагалдах
Bubchen шампунь биеийн шингэн саван 230мл /амтлаг бөөрөлзгөнө/ +,Дагалдах
Bubchen шампунь биеийн шингэн саван 230мл /амтлаг бөөрөлзгөнө/ дис,Дагалдах
Bubchen шампунь биеийн шингэн саван 230мл /бар/ дис,Дагалдах
Bubchen шампунь биеийн шингэн саван 230мл /бар/+,Дагалдах
Bubchen шампунь биеийн шингэн саван 230мл /гал сөнөөгч/ +,Дагалдах
Bubchen шампунь биеийн шингэн саван 230мл /гал сөнөөгч/ дис,Дагалдах
Bubchen шампунь биеийн шингэн саван 230мл /гүнж Розалий/ +,Дагалдах
Bubchen шампунь биеийн шингэн саван 230мл /гүнж Розалий/ дис,Дагалдах
Bubchen шампунь биеийн шингэн саван 230мл /далайн гүнж/ +,Дагалдах
Bubchen шампунь биеийн шингэн саван 230мл /далайн гүнж/ дис,Дагалдах
Bubchen шампунь биеийн шингэн саван 230мл /залуу тамирчин/ +,Дагалдах
Bubchen шампунь биеийн шингэн саван 230мл /залуу тамирчин/ Дис,Дагалдах
Bubchen шампунь биеийн шингэн саван 230мл /эмзэг арьс/ +,Дагалдах
Bubchen шампунь биеийн шингэн саван 230мл /эмзэг арьс/ дис,Дагалдах
Buff энержи power classic 500мл,Дагалдах
Buff энержи тоор 500мл,Дагалдах
Buff энержи үзээлзгэнэ 500мл,Дагалдах
Buzz away шумуулны цацлага 50мл /7093/,Дагалдах
Carefree Cotton Feel Aloe /зуун настын хандтай өдөр тутмын хэрэглэл N20,Дагалдах
Carrie jonior  H&B 280гр,Дагалдах
Carrie jonior CJ үс болон Б/Ш саван 280гр RASPBERRY,Дагалдах
Carrie jonior CJ үс болон Б/Ш саван GRAPEBERRY 280гр,Дагалдах
Carrie jonior H&B 280гр,Дагалдах
Carrie jonior үс болон биеийн шингэн саван 280гр черри,Дагалдах
Carrie jonior бананы хөөс BATH-G/GRAPEBERRY 700гр,Дагалдах
Carrie jonior үс болон биеийн шингэн саван алим тарагтай  700мл,Дагалдах
Carrie jonior үс болон биеийн шингэн саван алим тарагтай 700мл,Дагалдах
Carrie jonior үс болон биеийн шингэн саван гүзээлгэнэ 700мл /5064/,Дагалдах
Carrie jonior үс болон биеийн шингэн саван черри 700мл /5040/,Дагалдах
Cetaphil  цайруулах чийгшүүлэх шөнийн тос 50гр /1518/,Дагалдах
Cetaphil цайруулах чийгшүүлэх шөнийн тос 50гр /1518/,Дагалдах
Cetaphil baby хүүхдийн лосьон 3316 400гр,Дагалдах
"Cetaphil baby хүүхдийн шампунь, биеийн саван  /3293/ 230мл",Дагалдах
"Cetaphil baby хүүхдийн шампунь, биеийн саван /3293/ 230мл",Дагалдах
Cetaphil DAM  /1693/ 30мг,Дагалдах
Cetaphil DAM /1693/ 30мг,Дагалдах
Cetaphil moisturizing- эмзэг хуурай арьс цэвэрлэгч 60мл,Дагалдах
Cetaphil SPF50 нарны тос 50 мл /3192/,Дагалдах
Cetaphil Гүн чийгшүүлэх нөхөн сэргээх шөнийн тос 50мл /5011/,Дагалдах
Cetaphil Гүн чийгшүүлэх өдрийн тос 50мл /5004/,Дагалдах
Cetaphil Гүн чийгшүүлэх серум 30мл /4656/,Дагалдах
Cetaphil зөөлөн цэвэрлэгч /1648/ 125мл,Дагалдах
Cetaphil зөөлөн цэвэрлэгч /2997/ 250мл,Дагалдах
Cetaphil Өдөр тутмын гуужуулагчтай зөөлөн угаагч 178мл /4030/,Дагалдах
"Cetaphil тослог, холимог арьсны угаагч 60мл",Дагалдах
Cetaphil цайруулах чийг нүүрний зөөлөн цэвэрлэгч100гр /1556/,Дагалдах
Cetaphil цайруулах чийг өдрийн тос SFP15 50гр /1549/,Дагалдах
Cetaphil цайруулах чийгшүүлэх тонер 150мл /1525/,Дагалдах
Cetaphil чийгшүүлэх лосион  /3000/ 100мл,Дагалдах
Cetaphil чийгшүүлэх лосион /3000/ 100мл,Дагалдах
Cetaphil чийгшүүлэх лосион /3406/ 500мл,Дагалдах
Cetaphil чийгшүүлэх тос /1716/ 80гр,Дагалдах
Cetaphil чийгшүүлэх тос /4083/ 250мг,Дагалдах
Cetaphil чийгшүүлэх тос 80гр,Дагалдах
"Cetaphil чийгшүүлэх тос эмзэг хуурай, харшилтай арьс /5196/ 450мг",Дагалдах
"Cetaphil эмзэг, хуурай, харшилтай арьсны чийгшүүлэх лосьон 60мл",Дагалдах
Clear 0-2 насны шүдний сойз /3193/,Дагалдах
Clear dental шүд сойз 3-6 нас шинэ /3179/,Дагалдах
Clear dental шүд сойз6-12 нас шинэ /3186/,Дагалдах
CLEAR Dentfine хэл цэвэрлэгч /4046/,Дагалдах
Clear Smart in завсар цэвэрлэгч M-L  30ш /1448/,Дагалдах
Clear Smart in завсар цэвэрлэгч M-L 30ш /1448/,Дагалдах
Clear Smart in завсар цэвэрлэгч SS-M 30ш /1196/,Дагалдах
Cleverin cтик цэнэглэгч N6,Дагалдах
Cleverin стик /хүүхдийн цэнхэр/,Дагалдах
Cleverin стик N3,Дагалдах
Coffin 70cm x 190cm N1,Дагалдах
Collagen beauty formula капсул №90 /Natures Aid/,Дагалдах
"Condition шинг /тархи, ходоодны ундаа/ 100мл N1",Дагалдах
"Condition шинг /тархи, ходоодны ундаа/ 100мл N10",Дагалдах
Corega  Буйл хамгаалах хиймэл шүд бэхлэх түрхлэг 40гр\ 4375\,Дагалдах
Corega Буйл хамгаалах хиймэл шүд бэхлэх түрхлэг 40гр\ 4375\,Дагалдах
Corega Гааны амттай хиймэл шүд бэхлэх түрхлэг 70гр \6857\,Дагалдах
Corega гаатай 40гр,Дагалдах
"Corega защита /хиймэл шүд бэхлэх түрхлэг,буйл хамгаална 40гр /8035/",Дагалдах
Corega освежаюший вкус 40гр\ 1685\,Дагалдах
Corega Освежающий вкус шүд/паста Сэнгэнэсэн амт хиймэл шүд бэхлэх түрхлэ 40гр,Дагалдах
Corega Энгийн хиймэл шүд бэхлэх түрхлэг 40гр \1661\,Дагалдах
Corega түрхлэг энгийн 20гр,Дагалдах
Corega Хиймэл шүдний уус/шх /Corega tabs bioformula/ N30,Дагалдах
Create Шүдний утас хар өнгөтэй вакстай минт үнэртэй 50м /0663/,Дагалдах
Crème 21 Baby tender touch bath & shampoo  250мл,Дагалдах
Crème 21 Baby tender touch bath & shampoo 250мл,Дагалдах
Crème 21 Baby tender touch bath & shampoo 500мл,Дагалдах
Crème 21 Baby tender touch cream 150мл,Дагалдах
Crème 21 Baby tender touch diaper care cream 150мл,Дагалдах
Crème 21 Baby tender touch lotion 250мл,Дагалдах
Crème 21 Baby tender touch lotion 500мл,Дагалдах
Crème Mains fruits noirs /cacao/ /1352/,Дагалдах
Cucu нойтон салфетка N20 /7225/,Дагалдах
Cucu хүүхдийн нойтон салфетка N20 /7164/,Дагалдах
Cucu нойтон салфетка N60 /7232/,Дагалдах
Cucu хүүхдийн нойтон салфетка N60 /7157/,Дагалдах
Cucu угаадаг салфетка N60 /7140/,Дагалдах
Cumlaude lab 3+ насны охидын угаагч гель 250мл /7605/,Дагалдах
Cumlaude lab MD тосон түрхлэг Mucus lube 30мл 7407,Дагалдах
"Cumlaude lab MD Үтрээ чийгшүүлэх гель, соруултай 30мл 1204",Дагалдах
Cumlaude lab чийгшүүлэх тос 3+ нас 30мл,Дагалдах
Cumlaude lab MD Үрэвслийн эсрэг лаа 10ш 4309,Дагалдах
"Cumlaude lab MD Үтрээ чийгшүүлэх гель, тусдаа савалгаатай 6000",Дагалдах
Cumlaude lab MD Үтрээний ашигтай бактер 10ш 4408,Дагалдах
Cumlaude lab wash өдөр тутмын угаагч гель 500ml /2205/,Дагалдах
Cumlaude lab WASH Цэвэршилтийн насныханд угаагч гель 200ml /7400/,Дагалдах
Cumlaude lab Өдөр тутмын угаагч гель 200мл 7202,Дагалдах
Cumlaude lab угаагч гель өдөр тутмын 200мл,Дагалдах
Cumlaude lab халдвараас хамгаалах угаагч гель 200мл 7509,Дагалдах
Cumlaude lab Халдвараас хамгаалах угаагч хөөс 165мл 8408,Дагалдах
Cumlaude lab хөөсөн угаагч пребиотиктой 150мл,Дагалдах
Cumlaude lab Чийгшүүлэгч тосон угаагч 200мл 1005,Дагалдах
Cumlaude lab чийгшүүлэх спрэй 75мл,Дагалдах
Cumlaude lab Чийгшүүлэх тос 30мл 1104,Дагалдах
"Cumlaude lab Чийгшүүлэх тос, арьсны харлалт цайруулах 30мл 6600",Дагалдах
"Cumlaude lab Чийгшүүлэх тос, халдвараас хамгаалах 30мл 4600",Дагалдах
"Cumlaude lab Чийгшүүлэх тос, хярзангийн урагдал, хагалгааны дараа 30мл 9204",Дагалдах
"Danalac каш сүү, 5 төрлийн жимс 250гр /2280/",Дагалдах
"Danalac каш сүү, будаа 250гр /2266/",Дагалдах
"Danalac каш сүү, буудай 250гр /2310/",Дагалдах
"Danalac каш сүү, буудай&зөгийн бал 250гр /2273/",Дагалдах
"Danalac каш сүү, Олон үр 250гр /2303/",Дагалдах
Danalac сүүн тэжээл formula №1 400гр,Дагалдах
Danalac сүүн тэжээл formula №2 400гр,Дагалдах
Danalac ямааны сүүн тэжээл №1 400гр,Дагалдах
Danalac ямааны сүүн тэжээл №2 400гр,Дагалдах
DENITFINE ITOPICKS　101PCS /0618/,Дагалдах
EcoGuard  ялаа шумуул үргээгч бугуйвч +13 /4715/,Дагалдах
EcoGuard ялаа шумуул үргээгч бугуйвч +13 /4715/,Дагалдах
DENITFINE шүдний утас 55ш /0700/,Дагалдах
EcoGuard  ялаа шумуул үргээгч бугуйвч +2 /4722/,Дагалдах
EcoGuard ялаа шумуул үргээгч бугуйвч +2 /4722/,Дагалдах
"DENT FINE хүүхдийн сойз 1,5-6нас /2981/",Дагалдах
DENTFINE хүүхдийн шүд цэвэрлэгч /1172/,Дагалдах
DezentOX-A 50ml Gel /минт/ 7114 N28,Дагалдах
DezentOX-A 50ml Gel /ногоон цай/7121 N28,Дагалдах
DezentOX-A 50ml Gel /тоор/ 7107 N28,Дагалдах
DezentOX-A 50ml Gel /үнэргүй/ 6056 N28,Дагалдах
DHC Ginkgo Biloba Extract Brain α N90,Дагалдах
DHC Protein Diet MCT Plus N15,Дагалдах
Doppelherz Kinder Omega 3 капс №45,Дагалдах
Dr. Brown's 270 ml Соруултай аяга хүндрүүлэгчтэй ягаан (6m+),Дагалдах
Dr. сордог толгойтой угж бариултай ногоон 250мл,Дагалдах
Dr.Brown's Сордог толгойтой угж цэнхэр 250мл,Дагалдах
Dr.Brown's Сордог толгойтой угж ягаан 250мл,Дагалдах
Dr.ato нойтон салфетка нүд болон нүүр 20ш,Дагалдах
Dr.ato нойтон сальфетка 20ш,Дагалдах
Dr.Browns  гэрэлтдэг соосог 0-6сар - Цэнхэр,Дагалдах
Dr.Browns  гэрэлтдэг соосог 0-6сар - Ягаан,Дагалдах
Dr.Brown's гэрэлтдэг соосог \8997\ ягаан 0-6 сар 2ш,Дагалдах
Dr.Brown's гэрэлтдэг соосог \9000\  цэнхэр 0-6 сар 2ш,Дагалдах
Dr.Browns гэрэлтдэг соосог 0-6сар - Цэнхэр,Дагалдах
Dr.Brown's Соосог гэрэлтдэг цэнхэр 0-6 (advantage) сар N2,Дагалдах
Dr.Brown's Соосог гэрэлтдэг ягаан 0-6 (advantage) сар N2,Дагалдах
Dr.Brown's  угж цэвэрлэх салфитка №40,Дагалдах
Dr.browns  хуурай сав цэнхэр N1,Дагалдах
Dr.browns хуурай сав цэнхэр N1,Дагалдах
Dr.Brown's 200 ml Цэнхэр 360 аяга \3809\,Дагалдах
Dr.Brown's Y зүсэлттэй гаралт их силкон хөхөлт /9+ сар/ N2,Дагалдах
Dr.Brown's Угжны силкон хөхөлт /0+ дээш сар / N2,Дагалдах
Dr.Brown's Угжны силкон хөхөлт /дутуу нярайд зориулагдсан/ N2,Дагалдах
Dr.Brown's аяга ногоон 300мл \4608\,Дагалдах
Dr.Brown's Аяга снэйк улаан N1,Дагалдах
Dr.Brown's Аяга Снэйк шар N1,Дагалдах
Dr.Brown's бариултай аяга ягаан 180мл /6m+/ /3382/,Дагалдах
Dr.Brown's жимс иддэгч ногоон,Дагалдах
Dr.Brown's жимс иддэгч ягаан,Дагалдах
Dr.Brown's зөөлөн нярайн халбага 4+ сар 2ш,Дагалдах
Dr.Brown's Нярайн оо сойзны сэт комбо цэнхэр N1,Дагалдах
Dr.Brown's оptions нарийн шилэн 120мл,Дагалдах
Dr.Brown's оptions нарийн шилэн 250мл,Дагалдах
Dr.browns Пластик угж хий гаргагчтай 120мл,Дагалдах
Dr.Brown's Соосог тогтоогч даавуун N1,Дагалдах
Dr.Brown's тоглоом заантай хаздаг N1,Дагалдах
Dr.Brown's тоглоом наймаалж хаздаг N1,Дагалдах
Dr.Brown's тоглоом үнэг хаздаг N1,Дагалдах
Dr.browns хуурай сүүний сав ягаан 300 ml,Дагалдах
Dr.browns хүүхэд асрах самны сэт N1,Дагалдах
Dr.browns хэлний өнгөр арилгагч,Дагалдах
Dr.browns шүдний сойз анааштай 0-3 нас N1,Дагалдах
Earth Placenta эхэс желли манго 1 сар /1210/,Дагалдах
Earth Коллаген желли 1 сар /1418/,Дагалдах
Earth Placenta эхэс желли манго 7 хоног /1111/,Дагалдах
Earth Коллаген желли 7 хоног /1319/,Дагалдах
Elekiban хуян наалт 130 N12,Дагалдах
Elekiban хуян наалт 200 N12,Дагалдах
Elekiban хуян наалт 80 N12,Дагалдах
Elekiban хуян эмэгтэй наалт N12,Дагалдах
Elis ариун цэврийн хэрэглэл 23см N23,Дагалдах
Elis ариун цэврийн хэрэглэл 25см,Дагалдах
Elis ариун цэврийн хэрэглэл 29см,Дагалдах
Elis сүүн шигэнтэй ац/х 27см N16 /9918/,Дагалдах
Elis сүүн шингэнтэй ац/х 23см N20 /9901/,Дагалдах
Elis сүүн шингэнтэй ац/х 36см N9 /9932/,Дагалдах
Elis шинэчлэгдсэн compact guard night 36см 12ш,Дагалдах
Ench roll-on Deo-alluring 50ml,Дагалдах
Ench roll-on Deo-encticing 50ml,Дагалдах
Ench roll-on Deo-romantic 50ml,Дагалдах
Enchanteur биеийн тос 250мл сарнай замбага,Дагалдах
Enchanteur биеийн тос 250мл сарнай мэлрэг,Дагалдах
Enchanteur биеийн тос 250мл сарнай нил цэцэг,Дагалдах
Enchanteur биеийн тос 250мл турк сарнай цэцэг,Дагалдах
Enchanteur биеийн тос 500мл сарнай камила,Дагалдах
Enchanteur биеийн тос 500мл сарнай мэлрэг,Дагалдах
Enchanteur биеийн тос 500мл сарнай нил цэцэг,Дагалдах
Enchanteur биеийн шингэн саван 250мл сарнай замбага цэцэг,Дагалдах
Enchanteur биеийн шингэн саван 250мл сарнай камила,Дагалдах
Enchanteur биеийн шингэн саван 250мл сарнай мэлрэг,Дагалдах
Enchanteur биеийн шингэн саван 250мл сарнай нил цэцэг,Дагалдах
Enchanteur биеийн шингэн саван 550мл сарнай замбага цэцэг,Дагалдах
Enchanteur биеийн шингэн саван 550мл сарнай камила,Дагалдах
Enchanteur биеийн шингэн саван 550мл сарнай мэлрэг,Дагалдах
Enchanteur биеийн шингэн саван 550мл сарнай нил цэцэг,Дагалдах
Erko сахаргүй хөөсөн чихэр 70гр,Дагалдах
Evo micellar cleansing water vitamine c 250ml,Дагалдах
Evo micellar water vitamine 500ml,Дагалдах
Evoluderm биеийн тос 500мл чийгшүүлэх,Дагалдах
Evoluderm илүүдэл үс гужуулагч 150мл бүх тө арьс,Дагалдах
Evoluderm мицелл ус 250мл нөхөн сэргээх,Дагалдах
Evoluderm мицелл ус 250мл холимог тослог,Дагалдах
Evoluderm мицелл ус 250мл эмзэг хуурай,Дагалдах
Evoluderm мицелл ус 500мл нөхөн сэргээх,Дагалдах
Evoluderm мицелл ус 500мл холимог тослог,Дагалдах
Evoluderm мицелл ус 500мл эмзэг хуурай,Дагалдах
Evoluderm нярайн биеийн тос /8248/,Дагалдах
Evoluderm сүүн шингэн 250мл бүх төрлийн арьс,Дагалдах
Evoluderm сүүн шингэн 250мл эмзэг арьсанд,Дагалдах
Evoluderm сүүн шингэн 500мл бүх төрлийн арьс,Дагалдах
Evoluderm эмзэг арьсны тоник /0652/,Дагалдах
Evoluderm эмзэг арьсны угаагч тоник /0577/,Дагалдах
Freezer гүзээлгэнэтэй хуудсан гаа-сахаргүй 24ш,Дагалдах
Freezer нимбэгтэй хуудсан гаа сахаргүй 19.2гр 24ш,Дагалдах
Freezer тарвастай хуудсан гаа-сахаргүй 24ш,Дагалдах
Fruit-tella jellies high fruit чихэр /8471/,Дагалдах
Fruit-tella Jellies амьтдын микс 150гр /1570/,Дагалдах
Fruit-tella Jellies баавгай 150гр /1563/,Дагалдах
Fruit-tella Jellies күүл микс 150гр /2584/,Дагалдах
Fruit-tella Jellies амьтдын микс 70гр /3759/,Дагалдах
Fruit-tella Jellies баавгай 70гр /3711/,Дагалдах
Fruit-tella Jellies күүл микс 70гр /2577/,Дагалдах
Fruit-tella могойтой 70гр /3728/,Дагалдах
Geneskin Lift Baume-Үрчлээний эсрэг шөнийн тэжээлийн тос /0065/ 50мл,Дагалдах
Geomar бикини болон суганы илүүдэл үс авагч хуудсан вакс 20ш,Дагалдах
Geomar нүүрний илүүдэл үс авагч хуудсан вакс 20ш,Дагалдах
"Geomar хөл, гарын илүүдэл үс авагч хуудсан вакс 20ш",Дагалдах
Gerber 6+ milk blu bna 180 gr,Дагалдах
Gerber 6+ milk cer app rspb 180g,Дагалдах
Gerber 6+ milk Mcer bluRspb,Дагалдах
Gerber 6+ Std Mcer pm app 180g,Дагалдах
Гербер каш 6+алим ба гадилтай овьёосны 180гр,Дагалдах
ГЕРБЕР сүүтэй каш овьёостой 6 сараас дээш /5126/,Дагалдах
"Gerber 6M Apple Mango, 7x90g /9367/",Дагалдах
"Гербер алим банана, нэрс 90гр",Дагалдах
"Гербер алим, банана, лийр 90гр",Дагалдах
Гербер нухаш 4жимс 2245 90гр,Дагалдах
Гербер нухаш манго 2645 90гр,Дагалдах
GERBER Org Chip Carrot Orng N2 5x35g /9717/,Дагалдах
GERBER Org Puff Banana N2 5x35g /9670/,Дагалдах
GERBER Org Puff BnaRspb N2 5x35g /9694/,Дагалдах
GERBER Organic Chip TomCrtOnion 5x35g /9731/,Дагалдах
Gillette Blue3 Comfort /нэг удаагийн татуурга/ №4,Дагалдах
Gillette Blue3 Comfort /нэг удаагийн татуурга/ №4 ,Дагалдах
Gillette Fusion Sensitive Gel 75ml,Дагалдах
Gillette Original Foam 200ml,Дагалдах
Gillette Shaving foam Lemon Lime 200ml,Дагалдах
Gillette Original Gel 200ml,Дагалдах
Gillette Sensor3+ Black Razor №4,Дагалдах
Gillette Sensor3+ Comfort Razor №4,Дагалдах
Gocheck2 өндөг цоологч зүү 50ш /0567/,Дагалдах
Gocheck2 сахар хэмжигч аппарат /2049/,Дагалдах
Gocheck2 сахарын тестер 50ш /2056/,Дагалдах
Golden хоолойн хүлхмэл №12,Дагалдах
GOO.N Baby Wipe (55 x 3),Дагалдах
GOON PLUS Наадаг L размер N48,Дагалдах
GOON PLUS Наадаг L размер N54,Дагалдах
Goon plus наадаг NB 76ш,Дагалдах
GOON PLUS наадаг NB размер N36,Дагалдах
GOON PLUS наадаг S размер N50,Дагалдах
Goon plus наадаг S70,Дагалдах
GOON PLUS Наадаг XL размер 38ш,Дагалдах
GOON PLUS Наадаг XL размер N42,Дагалдах
GOON PLUS наадаг М размер N64,Дагалдах
GOON PLUS Өмсдөг L размер N44,Дагалдах
GOON PLUS Өмсдөг XL размер N38,Дагалдах
GOON PLUS Өмсдөг XXL размер N28,Дагалдах
Goon plus өмсдөг м-58ш,Дагалдах
"GOON PLUS Өмсдөг, M-52 /3228/",Дагалдах
"Goon сальфетка ийна хуурай, хайрцагтай 150ш (5x10)",Дагалдах
Goon хуурай сальфетка 150ш уутай,Дагалдах
"Gorji рашаан 0,5л",Дагалдах
"Gorji рашаан шилтэй 0,5л",Дагалдах
Gullon  mini twins жигнэмэг 100гр,Дагалдах
Gullon mini twins жигнэмэг 100гр,Дагалдах
Gullon cuor di cereal үр тариатай классик уламжлалт жигнэмэг 280гр,Дагалдах
Gullon dibus мини какао 250гр,Дагалдах
Gullon digestive classic ислэгээр баялаг жигнэмэг классик 250гр,Дагалдах
Gullon Duo жигнэмэг хавчуургатай T4823 165гр,Дагалдах
Gullon hookies dragons хүүхдийн жигнэмэг 330гр,Дагалдах
Gullon Hookies жигнэмэг глютенгүй  T6435 230гр,Дагалдах
Gullon Hookies жигнэмэг глютенгүй T6435 230гр,Дагалдах
Gullon hookies жигнэмэг мини сереал /5953/,Дагалдах
Gullon hookies жигнэмэг мини шаркис /5786/,Дагалдах
Gullon жигнэмэг мини кракер киноа чиа үртэй /5946/,Дагалдах
Gullon Twins жигнэмэг сахаргүй T4701 210гр,Дагалдах
Gullon амьтадтай хүүхдэд зориулсан жигнэмэг /Т4561/ 600гр,Дагалдах
Gullon глутенгүй cookies жигнэмэг  200гр,Дагалдах
Gullon глутенгүй cookies жигнэмэг 200гр,Дагалдах
Gullon жигнэмэг глютенгүй кракер 200гр /5017/,Дагалдах
Gullon жигнэмэг сахаргүй 125гр,Дагалдах
Gullon иогурт кремтэй жигнэмэг 220гр,Дагалдах
Gullon ислэг digestive био органик жигэмнэг 170гр,Дагалдах
Gullon ислэгээр баялаг сахаргүй жигнэмэг /T3973/ 170гр,Дагалдах
"Gullon ислэгээр баялаг digestive овъёос, шоколадтай жигнэмэг /Т5403/ 260гр",Дагалдах
Gullon ислэгээр баялаг digestive шоколадтай жигнэмэг /Т3659/ 300гр,Дагалдах
Gullon ислэгээр баялаг мьюсли 230гр,Дагалдах
Gullon мини микс холимог жигнэмэг /Т1319/ 350гр,Дагалдах
Gullon момент тэгш өнцөгт хэлбэртэй хар шоколадтай жигнэмэг,Дагалдах
Gullon сахаргүй хар шоколадтай digestive жигнэмэг 270гр,Дагалдах
Gullon овъёос жимстэй жигэмнэг 270гр,Дагалдах
Gullon сахаргүй digestive ислэгээр баялаг жигнэмэг 245гр,Дагалдах
Gullon сахаргүй ваффли /T6013/ 180гр,Дагалдах
Gullon чокобом жигнэмэг глютенгүй /5915/,Дагалдах
Gullon чокобом жигнэмэг мини шоко чип /5922/,Дагалдах
Gullon шаркууд глутенгүй жигнэмэг /Т4495/ 250гр,Дагалдах
Gullon шоко чип глутенгүй нэмэлт сахаргүй жигнэмэг /7883/ 130гр,Дагалдах
Gumi ам зайлагч хүүхдийн жимстэй 250мл/0390/,Дагалдах
Gumi шүдний оо 2-6 нас гүзээлзгэнэ 70гр /0413/,Дагалдах
Gumi шүдний оо 2-6 нас усан үзэм 70гр /0420/,Дагалдах
Gumi шүдний оо7-12 нас минт 70гр /0437/,Дагалдах
Gumi шүдний сойз  3-6 нас /0482/,Дагалдах
Gumi шүдний сойз  7-12  нас /0475/,Дагалдах
Gumi шүдний сойз 3-6 нас /0482/,Дагалдах
Gumi шүдний сойз 7-12 нас /0475/,Дагалдах
Hakugen hers bathlabo банны давс 96ш,Дагалдах
Hakugen IIYUU сүүн банны давс 96ш,Дагалдах
Hakugen hers night банн давславандар 12ш,Дагалдах
Hakugen hers чийгшүүл банн давс 4 үнэр 12ш /2943/,Дагалдах
Hakugen hers чийгшүүл банн давс цитрус 12ш,Дагалдах
HAKUGEN ICENON Халуун буулгах толгойн жин /0673/,Дагалдах
HAKUGEN Icenon халуун бууруулагч наалт 10ш /5074/,Дагалдах
HAKUGEN KAITEKI маск жижиг 5ш /0290/,Дагалдах
HAKUGEN KAITEKI маск хүүхэд 5ш /0320/,Дагалдах
HAKUGEN KAITEKI маск цантахгүй 5ш /0375/,Дагалдах
HAKUGEN Нүдний шил амны хаалт 5ш /0351/,Дагалдах
hello cotton хуурай сальфетика 150гр,Дагалдах
Hello kitty Нойтон сальфетика №10,Дагалдах
Hello kitty Нойтон сальфетика №100,Дагалдах
Hello kitty Нойтон сальфетика №30,Дагалдах
Hello kitty Нойтон сальфетика №70,Дагалдах
Hello kitty хуурай сальфетика,Дагалдах
Hello салфетка хөвөн даавуун N30,Дагалдах
Hello салфетка хөвөн даавуун N80,Дагалдах
hello хуурай шахмал алчуур 10ш,Дагалдах
"Huggies Maxdry хүүхдийн живх 3-4,5kg NB",Дагалдах
Хаггис maxdry NB 3-4.5кг N68,Дагалдах
Хаггис maxdry NB 3-4.5кг N68,Дагалдах
Hype энергийн ундаа buzz 250мл,Дагалдах
Hype энергийн ундаа mfp 250мл,Дагалдах
Ideal for Men Better Tone өнгөгүй уруулын бальзам/2309/,Дагалдах
Ideal for Men Fresh All In One 150мл + 50мл сет/0591/,Дагалдах
Ideal for Men Perfect All In One Intensive Moisture 150мл + 30мл сет/348/,Дагалдах
Ideal for Men Perfect Cleansing All In One foam/7924/,Дагалдах
Ideal for Men Power Cooling After Shave Care сет/1307/,Дагалдах
Ideal for Men Power Cooling After Shave Water Lotion 150мл/9416/,Дагалдах
Ideal for Men Sun All In One 140мл/201/,Дагалдах
Ideal for Men Хамрын үс авагч/8673/,Дагалдах
IDEAL Эрэгтэйчүүдийн хамрын үс авагч /1313/,Дагалдах
II үеийн шинэ коллаген proteo glycan & collagen /2050/,Дагалдах
ima эм бутлагч /босоо/ /гранд төгс ха/,Дагалдах
ima эм бутлагч /дөрвөлжин/ /гранд төгс ха/,Дагалдах
ima эм хуваагч /гранд төгс ха/,Дагалдах
ima эмийн сав өнгийн /гранд төгс ха/,Дагалдах
ima эмийн сав цагаан /гранд төгс ха/,Дагалдах
Impact mint kakao гүзээлзгэнэ амттай №70,Дагалдах
Impact mint kakao зөгийн бал гуатай №70,Дагалдах
Impact mint kakao сэнгэнсэн №70,Дагалдах
Impact mints  жүржтэй гаа 70 ш,Дагалдах
Impact mints lychee гаа ханборгоцойтой 70ш,Дагалдах
Impact mints жүржтэй гаа 70 ш,Дагалдах
Impact mints манго жимстэй гаа 70ш,Дагалдах
Impact mints тоор жимстэй гаа 70ш,Дагалдах
Impact mints тоортой гаа 70ш,Дагалдах
Impact mints фанк рок  гаа 70ш,Дагалдах
Impact mints фанк рок гаа 70ш,Дагалдах
Impact mints хад жимстэй гаа 70ш,Дагалдах
Impact mints  пепперминттэй гаа хавтгай 50ш,Дагалдах
Impact mints пепперминттэй гаа хавтгай 50ш,Дагалдах
Impact mints смпирминттэй гаа хавтгай 50ш,Дагалдах
Inno Oriental Raisin Water 500мл дис /1210/,Дагалдах
Iroha Rin цэнэглэдэг вибратор урт эм +21 /9963/,Дагалдах
Iroha VIBO цэнхэр  бөгжтэй вибратор +21 /3886/,Дагалдах
Iroha VIBO цэнхэр бөгжтэй вибратор +21 /3886/,Дагалдах
Iroha вибратор мушгиа ногоон эм +21 /6009/,Дагалдах
Iroha вибратор ногоон бондгор эм +21 /8410/,Дагалдах
Iroha вибротор хэрэгсэл цэвэрлэгч +21 /3279/,Дагалдах
Iroha Эмэгтэй intimate салфетка /8133/,Дагалдах
Iroha Эмэгтэй үтрээ угаагч fresh +21 /5668/,Дагалдах
Iroha Эмэгтэй үтрээ угаагч moist +21 /5651/,Дагалдах
Iroha Эмэгтэй үтрээ угаагч хөөс +21 /0830/,Дагалдах
Iroha Эмэгтэй үтрээ цэвэрлэгч мист +21 /4702/,Дагалдах
Iroha Эмэгтэй үтрээ чийг лосьон +21 /3262/,Дагалдах
Iroha Эмэгтэй үтрээ чийгшүүлэгч +21 /6461/,Дагалдах
Iroha Эмэгтэйчүүд үтрээ гель smooth +21 /0341/,Дагалдах
Iroha Эмэгтэйчүүд үтрээ чийг гель +21 /7563/,Дагалдах
Isis Aquaruboril- Эмзэг улайлттай арьсны мициллер ус /0454/ 400мл,Дагалдах
Isis Aquaruboril- Эмзэг улайлттай арьсны мициллер ус /7751/ 250мл,Дагалдах
Isis Aquaruboril-Эмзэг улайлттай арьсны мициллер ус  /9588/ 100мл,Дагалдах
Isis Aquaruboril-Эмзэг улайлттай арьсны мициллер ус /9588/ 100мл,Дагалдах
Isis Geneskin lift creme-Үрчлээний эсрэг арьс чангалах өдрийн тос /0072/,Дагалдах
Isis Geneskin lift serum - Арьс чангаруулах серум 0089 28мл,Дагалдах
"Isis GLYCO A FOAMER - Гуужуулагчтай, арьс цайруулах хөөсөн угаагч /0560/ 100мл",Дагалдах
Isis GLYCO A MEDIUM Peeling-гуужуулагчтай шөнийн тос  /0867/,Дагалдах
Isis GLYCO A MEDIUM Peeling-гуужуулагчтай шөнийн тос /0867/,Дагалдах
Isis GLYCO A POST Peeling -Тайвшруулах нөхөн сэргээх тос /0539/ 40мл,Дагалдах
Isis metrorubil AZ  - Ягаан батганы тос/0225/ 30мл,Дагалдах
Isis metrorubil AZ - Ягаан батганы тос/0225/ 30мл,Дагалдах
Isis neotone Eyes - Гурвалсан/үйл зовхины тос 0393 15мл,Дагалдах
Isis Neotone Gel- цайруулах гуужуулагчтай цэвэрлэгч/0010 150мл,Дагалдах
Isis Neotone Gel-цайруулах гуужуулагчтай цэвэрлэгч гель /0003/ 40мл,Дагалдах
"Isis neotone Radiance SPF50 - сэвхи , нөсөө өдрийн тос/ 3675/ 30мл",Дагалдах
"Isis neotone Serum- Cэвхи , нөсөө толбо арилгах шөнийн серум/0362 30мл",Дагалдах
Isis RICH MOUSTURIZING RADIANCE CREAM /4327 40мл,Дагалдах
"Isis Ruboril Expert- Эмзэг хуурай , улайлтын эсрэг тос/0013/ 40мл",Дагалдах
Isis Ruboril Lotion- Эмзэг улайлттай арьсны цэвэрлэгч сүүн шингэн /9666 250мл,Дагалдах
"Isis Ruboril Эмзэг хуурай , улайлтын арьсны цэвэрлэгч гель /1482/ 100мл",Дагалдах
"Isis Secalia BALM - язралт,  нөхөн сэргээх тос /1645/ 200мл",Дагалдах
"Isis Secalia BALM - язралт, нөхөн сэргээх тос /1645/ 200мл",Дагалдах
"Isis Secalia Balm- Чийгшүүлэх ,тэжээлийн нөхөн сэргээх тос/0461 400мл",Дагалдах
Isis secalia DS- Эмзэг хуурай арьсны тэжээлийн тос/1652/ 40мл,Дагалдах
Isis Secalia shower cream- Хуурай арьсны биеийн тосон угаагч/0423/ 200мл,Дагалдах
Isis Secalia shower cream- Хуурай арьсны биеийн тосон угаагч/9277/ 400мл,Дагалдах
"Isis Secalia ULTRA - Эмзэг хуурай арьс,эрчимтэй чийгшүүлэгч тос /9277/ 200мл",Дагалдах
Isispharma Эмзэг хуурай арьсны эрчимтэй чийгшүүлэгч тос 200ml /1093/,Дагалдах
Isis Secalia Ultra- Эмзэг хуурай арьсны 24н цагийн чийгшүүлэх тос /0478 400мл,Дагалдах
Isispharma secalia эмзэг хуурай арьсны эрчимтэй чийгшүүлэгч тос 400мл,Дагалдах
Isis Sensylia Aqua - Эмзэг хуурай арьсны мицелляр ус /0133/ 250мл,Дагалдах
Isis Sensylia Aqua - Эмзэг хуурай арьсны мицелляр ус 0447 400мл,Дагалдах
Isis Sensylia Gel- Эмзэг хуурай арьсын нүүрний цэвэрлэгч гель/ 0140 250мл,Дагалдах
Isis Sensylia хуурай арьсны гүн чийгшүүлэх серум 1505 30мл,Дагалдах
Isis Teenderm Alpa Pure- Үрэвсэлтэй батгатай арьсны гелин түрхлэг /5492/ 30мл,Дагалдах
Isis Teenderm aqua - Арьсны тослог тэнцвэржүүлэх мицелляр ус /0324/ 400мл,Дагалдах
Isis Teenderm Aqua- Холимог арьсны цэвэрлэгч мицелляр ус/9700 100мл,Дагалдах
Isis Teenderm Aqua-Тослог холимог арьсны мицелляр тоник /1112/ 250мл,Дагалдах
Isis Teenderm Gel - Холимог арьсны гуужуулагчтай цэвэрлэгч гель/2510 40мл,Дагалдах
Isis Teenderm Gel sensitiv- Эмзэг холимог арьсны гель цэв/5097 100мл,Дагалдах
Isis Teenderm Gel sensitive- Эмзэг холимог арьсны гель цэв/7704 250мл,Дагалдах
Isis Teenderm Hydra -Холимог арьсны гүн чийгшүүлэгч тос/7872 40мл,Дагалдах
Isis Teenderm- Холимог арьсны гуужуулагчтай цэвэрлэгч гель /1423/ 150мл,Дагалдах
Isis Topicrem Батганы эсрэг идэвхитэй арчилгаа /2798 40мл,Дагалдах
Isis Topicrem Батгатай арьсны чийгшүүлэх тос /2781 40мл,Дагалдах
"Isis Topicrem гүн хуурайшилт, эвэршилтийг эмчлэх тос/3290 200мл",Дагалдах
Isis Urelia 10 - Хэт хуурайшилттай арьсны зөөлрүүлэгч биеийн тос1621 150мл,Дагалдах
Isis Urelia 50 - Зузаарч хайржсан арьсны гуужуулагчтай тос/1799 40мл,Дагалдах
Isis Urelia GEL- Хуйх болон биеийн чийгшүүлэгчтэй угаагч /1850 200мл,Дагалдах
Isis Uveblock Kids SPF50+  Эмзэг бүх төрлийн хүүхдийн нарны тос/0300 200мл,Дагалдах
Isis Uveblock Kids SPF50+ Эмзэг бүх төрлийн хүүхдийн нарны тос/0300 200мл,Дагалдах
Isis Uveblock SPF50+ SPRAY - Бүх төрлийн эмзэг арьсны шүршдэг нарны тос/0294 200мл,Дагалдах
Isis Uveblock SPF50+ Fluide- хуурай арьсны нарны тос/0508 40мл,Дагалдах
Isis Uveblock SPF50+ Hydra lotion - Бүх төрлийн эмзэг арьсны чийгшүүлэх нарны тос/9931 100мл,Дагалдах
Isispharma neotone aqua - Сэвхи нөсөөжилттэй арьсны цайруулах тоник / 0041 250мл,Дагалдах
Isispharma neotone body цайруулах тос 100мл /0386/,Дагалдах
Isispharma Ruboril цэвэрлэгч гель эмзэг улайлттай арьсны 40мл /1475/,Дагалдах
isispharma scar spf 50+ сорвины тос 40мл,Дагалдах
Isispharma secalia ATO shower cream эрчимтэй чийгшүүлэх бие угаагч 200мл,Дагалдах
Isispharma secalia ATO shower cream эрчимтэй чийгшүүлэх бие угаагч 400мл,Дагалдах
Isispharma secalia Эрчимтэй чийгшүүлэх биеийн лосион 200мл /1116/,Дагалдах
Isispharma secalia эрчимтэй чийгшүүлэх биеийн лосион 400мл /1123/,Дагалдах
Isispharma secalia эрчимтэй чийгшүүлэх нүүрний тос 40мл /1109/,Дагалдах
Isispharma socalia ATO 40ml /1161/,Дагалдах
Isispharma socalia ATO 40ml /1161/ ,Дагалдах
isispharma Teenderm батганы түрхлэг 30мл,Дагалдах
Isispharma Teenderm Холимог арьсны чийгшүүлэгч тос 100мл /1369/,Дагалдах
Isispharma Uverblock нарны хамгаалалтын серум 28ml /1574/,Дагалдах
isispharma Арьсны өнгө сэргээх мицелляр ус 400мл,Дагалдах
IsisTeenderm K con- Асуудалтай арьсны оройн түрхлэг/8100 30мл,Дагалдах
Jacks brush шүд цэвэрлэгч10ps /6032/,Дагалдах
JACKS шүд цэвэрлэгч 10ш /6025/,Дагалдах
JACKS Шүд цэвэрлэгч10ш /6049/,Дагалдах
Jacks Шүдний завсар сойз 60ш SSS-M /2056/,Дагалдах
JACKS Шүдний сойз /8326/,Дагалдах
JAJU Interdental brush-шүдний завсар цэвэрлэх 14ш SSS,Дагалдах
JAJU Interdental brush-шүдний завсар цэвэрлэх 14ш SSS ,Дагалдах
JAJU Interdental brush-Шүдний завсар цэвэрлэх 4ш SS,Дагалдах
Japlo 01394 Nane хүндрүүлэгчтэй угж 160мл N1,Дагалдах
Japlo 00243 хөхөлтүүр Deluxe силикон S/0-3сар/ N2,Дагалдах
Japlo 01378 силикон хөхөлтүүр S N2,Дагалдах
Japlo 01379 Nane силикон хөхөлтүүр М N2,Дагалдах
Чийгшүүлэгч JD esayAnal 80мл 1012,Дагалдах
Japlo 01347 Сав /сүүний нунтаг хадгалагч / N1,Дагалдах
"JD BIOglide neutral 150мл, тосолгооны шингэн",Дагалдах
Japlo 01372 Nane PPSU Угж 280мл N1,Дагалдах
Japlo 02050 Хөхний сүү шингээгч N24,Дагалдах
"JD Joyballs Set, үтрээ чангалах дасгалын бөмбөлөг",Дагалдах
Japlo 02494 Тавга хоолны /2төрлийн том жижиг тасалгаатай/ N1,Дагалдах
"JD Ironman Performance Spray, 30 ml, эрчүүдэд, ташаал уртасгагч цацлага",Дагалдах
"JD AQUAglide liquid 125мл, тосолгооны шингэн гель",Дагалдах
"JD AQUAglide sensitive 125мл, тосолгооны шингэн",Дагалдах
"JD BIOglide neutral 40мл, тосолгооны шингэн",Дагалдах
"JD Frenchkiss 75мл, өдөөгч амтлаг гель, эмэгтэй",Дагалдах
"JD man's BEST 40мл, ташаал уртасгагч гель, эр",Дагалдах
"JD SLICK'N'SLIDE 100мл, тосолгооны шингэн",Дагалдах
JD Soft-Tampons №3 mini,Дагалдах
JD Soft-Tampons №3 normal,Дагалдах
JOYFUL TIME ESSENCE MASK  ROYAL JELLY 1ш,Дагалдах
JP gals Аожири лактоз бактертай 24ш /2051/,Дагалдах
JP Gals Аожирү жимстэй /1979/,Дагалдах
JPG Аожирү ногооны нунтаг 24ш /0118/,Дагалдах
JPG Аожирү ногооны нунтаг 50ш /0149/,Дагалдах
JPG Аожирү ногооны шүүс нунтаг 300г /2693/,Дагалдах
JPNM ашигтай бактеритай аожирү найруулж уудаг №24,Дагалдах
JPNM Глюкозамин пойнт нео,Дагалдах
JPNM Гүзээлзгэнэтэй цэлцгэнүүр №10,Дагалдах
JPNM Найруулж уудаг ногооны шүүс /хулсны хүүрстэй /,Дагалдах
"JPNM Найруулж уудаг ногооны шүүс/ манго, гадил /",Дагалдах
JPNM Ногооны цэлцгэнүүр,Дагалдах
JPNM Сүүн хүчлийн бактеритай цэлцгэнүүр,Дагалдах
JPNM Үе мөчний наалт 7ш,Дагалдах
KC Ma me ангижруулагч гэмтэл үс ягаан /2128/,Дагалдах
KC Ma me ангижруулагчтай шампунь цэнхэр /2050/,Дагалдах
KC Ma me биеийн саван 490мл /0335/,Дагалдах
KC Ma me биеийн сүү /0512/,Дагалдах
KC Ma me шампунь гэмтэл үс ягаан /2111/,Дагалдах
KC Ма me шампунь /2012/,Дагалдах
KC Ma me шампунь мини 80мл /2074/,Дагалдах
KC Nerune алтан загас чихэр /6881/,Дагалдах
KC Nerune эрдэнэс чулуу гель чихэр /7222/,Дагалдах
KC Nerune солонгон бохь чихэр /7178/,Дагалдах
KC Nerune цэлцэгнүүрэн бөмбөг /6751/,Дагалдах
KC NVE бие саван алое шинэ /9525/,Дагалдах
KC NVE бие саван тоор шинэ /9518/,Дагалдах
KC NVE бие саван шавартай шинэ /9532/,Дагалдах
KC NVE будаг арилгагч тоор шин /7911/,Дагалдах
KC NVE будаг арилгагч цай шинэ /7928/,Дагалдах
KC Popin cookin сүши /7284/,Дагалдах
KC Ичиками smooth ангижруулагч 450г /3826/,Дагалдах
KC Ичиками гэмтэл ангижруулагч 450г /3864/,Дагалдах
KC Ичиками чийгшүүлэгч ангижруулагч 450г /3840/,Дагалдах
KC Ичиками smooth шампунь 450мл /3819/,Дагалдах
KC Ичиками гэмтэл шампунь 450мл /3857/,Дагалдах
KC Ичиками чийгшүүлэгч шампунь 450мл /3833/,Дагалдах
KC Ичиками мини сэт чийгшүүлэгч /1570/,Дагалдах
KC Ма me ангижруулагч /2029/,Дагалдах
Kecвар наалт хагалгааны  /1125/ LL,Дагалдах
Kecвар наалт хагалгааны  /1942/ L,Дагалдах
Kecвар наалт хагалгааны /1125/ LL,Дагалдах
Kecвар наалт хагалгааны /1942/ L,Дагалдах
Kedley Босоо тавиур-А N1,Дагалдах
Kedley Бугуйн хамгаалалт неопрен U 4 N1,Дагалдах
Kedley Бугуйн хамгаалалт уян S/M N1,Дагалдах
Kedley Гарны хамгаалалт уян S 2 N1,Дагалдах
Kedley Гарын хамгаалалт уян L 2 N1,Дагалдах
Kedley Гарын хамгаалалт уян M 2 N1,Дагалдах
Kedley Гарын сойлт тохируулагчтай 2 N1,Дагалдах
Kedley Гуяны хамгаалалт уян M/L 2 N1,Дагалдах
Kedley Гуяны хамгаалалт уян S/M 2 N1,Дагалдах
Kedley Өвдөгний нүдний хамгаалалт U 4 N1,Дагалдах
Kedley Тохойн хамгаалалт U 4 N1,Дагалдах
Kedley Тохойн хамгаалалт неопрен U 4 N1,Дагалдах
Kedley Тохойн хамгаалалт тохируулагчтай 5 N1,Дагалдах
Kedley Тохойн хамгаалалт уян M/L 2 N1,Дагалдах
Kedley Тохойн хамгаалалт уян S/M 2 N1,Дагалдах
Kedley Хүзүүний бэхэлгээ M/L 3 N1,Дагалдах
Kedley Хүзүүний бэхэлгээ S/M 3 N1,Дагалдах
Kedley Шагай хамгаалалт уян L 2 N1,Дагалдах
Kedley Эрхий хурууны хамгаалалт бэхэлгээ хатуулгатай U 5 N1,Дагалдах
Kids sonic электрон сойз цэнхэр,Дагалдах
Kids sonic электрон сойз ягаан,Дагалдах
KO Softymo цайруулагч угаагч 60гр /3483/,Дагалдах
Kotex good feel max slim - Өдрийн хэрэглэл 32ш 29см,Дагалдах
Kotex Goodfeel good cotton 15cm N40,Дагалдах
Kotex White  Өдрийн 14ш 26см / 3171/,Дагалдах
Kotex White Өдрийн 14ш 26см / 3171/,Дагалдах
Kotex White Naturefore Overnight - Шөнийн  28ш 33см,Дагалдах
Kotex White Naturefore Overnight - Шөнийн 28ш 33см,Дагалдах
"Kotex White Naturefore Slim - Өдөр, Шөнийн 14ш 29см /3188\",Дагалдах
"Kotex White Naturefore Slim - Өдөр, Шөнийн 28ш 29см",Дагалдах
Kotex White Naturefore Slim - Өдрийн хэрэглэл 32ш 26см,Дагалдах
Kotex White Naturefore Super Long night - Шөнийн 8ш 42см,Дагалдах
Kotex White Purecotton Overnight - Шөнийн 12ш 33см,Дагалдах
"Kotex White Purecotton Slim - Өдөр, Шөнийн 14ш 29см /7550\",Дагалдах
Kotex White Purecotton Slim - Өдрийн  26см №16,Дагалдах
Kotex White Purecotton Slim - Өдрийн 26см №16,Дагалдах
Kotex White Purecotton Super Long night - Шөнийн  8ш 42см,Дагалдах
Kotex White Purecotton Super Long night - Шөнийн 8ш 42см,Дагалдах
Kotex White Super Absorb Night - Шөнийн 14ш 33см,Дагалдах
Kotex White Super Absorb Ultra L - Өдрийн  16ш 28см,Дагалдах
Kotex White Super Absorb Ultra L - Өдрийн 16ш 28см,Дагалдах
Kubus GO! Apple 100% juice 300ml,Дагалдах
Kubus GO! Carrot-banana-apple 300ml,Дагалдах
Kubus GO! Carrot-peach-apple 300ml,Дагалдах
Kubus GO! Multivitamin 300ml,Дагалдах
Kubus Mousse Apple 1L,Дагалдах
Kubus Mousse Banana 1L,Дагалдах
Kubus Mousse Strawberry 1L,Дагалдах
Kubus Mousse Watermelon 100% 1L,Дагалдах
Lactomore үтрээ чийгшүүлэх гель 10ш,Дагалдах
Lansinoh гар сүү саагч,Дагалдах
Lansinoh Сүү хадгалах уут N50,Дагалдах
Lansinoh сүү хадгалах уут №25,Дагалдах
Lansinoh Угаадаг хөхний сүү шингээгч цагаан,Дагалдах
Lansinoh хөх хамгаалах тос 10мл,Дагалдах
Lansinoh хөх хамгаалах тос 40мл,Дагалдах
Lansinoh Хөхний памперс N24,Дагалдах
Lansinoh Хөхний памперс N60,Дагалдах
Lansinoh Хөхний толгой хамгаалагч 24мм,Дагалдах
Lansinoh хөхөлт F \9754\,Дагалдах
Lansinoh хөхөлт M,Дагалдах
Lansinoh хөхөлт S \9693\,Дагалдах
Lansinoh Хуванцар угж 160мл,Дагалдах
Lansinoh Хуванцар угжны сэт 240мл 160мл,Дагалдах
Lansinoh Шилэн угж 160мл,Дагалдах
Lansinoh Шилэн угж 240мл,Дагалдах
L-carnitine 200mg шинг 20*11мл N20,Дагалдах
Limo Limo хүүхдийн нарны тос SPF32 PA+++ /6005/,Дагалдах
Lip deep renevale уруул өнгөлөгч N1,Дагалдах
Lip intensive cherry уруул өнгөлөгч N1,Дагалдах
Lip medex уруул өнгөлөгч N1,Дагалдах
Lip relief уруул өнгөлөгч N1,Дагалдах
Lip sensitive уруул өнгөлөгч N1,Дагалдах
Lip vibrance уруул өнгөлөгч N1,Дагалдах
Lipton green ice tea 0.5л,Дагалдах
Lipton lemon ice tea 0.5l,Дагалдах
Lipton peach ice tea 0.5l,Дагалдах
Liver Activation Source элэг хоргүйжүүлэх 630мкг №180 /2234/,Дагалдах
Lotte нойр сэргээх бохь N12/4577/,Дагалдах
Lutein 50mg нүдний витамин /2326/,Дагалдах
Maca цусны эргэлт сайжруулах 500мг №1 /2560/,Дагалдах
Mary&May Blackberry Комплэкс-гуужуулагч 30гр,Дагалдах
"Mary&May Лимон,Ниацимидтай-гуужуулагч 30гр",Дагалдах
Mary&May Сарнайн хандтай-гуужуулагч 30гр,Дагалдах
Mary&May Цайны модны хандтай гуужуулагч 30гр,Дагалдах
Mary&May Blackberry-Арьс чангалах тос 70гр,Дагалдах
Mary&May Блакбэрри-Серум 30мл,Дагалдах
Mary&May Витамин -В5-тай тонер 120мл,Дагалдах
Mary&May Витамин -С-тэй Lotion 120мл,Дагалдах
Mary&May Коллагентай-Lotion 120мл,Дагалдах
Mary&May Зовхины тос 30мл,Дагалдах
Mary&May Коллаген -Серум 30мл,Дагалдах
Mary&May Комплэкс-серум 30мл,Дагалдах
Mary&May Ниацимидтай-Серум 30мл,Дагалдах
Mary&May Цайны модны хандтай -Серум 300мл,Дагалдах
Mary&May Коллагентай-Мист Серум 100мл,Дагалдах
Mary&May Өө дарагчтай-нарны тос 50мл,Дагалдах
Mary&May Чийгшүүлэгчтэй-нарны тос 50мл,Дагалдах
Mary&May Тайвшируулах-Тонер 200мл,Дагалдах
Mary&May Цагаан коллагентай хөөс 150мл,Дагалдах
Mary&May Цайны модны хандтай хөөс 150мл,Дагалдах
Mary&May Эмзэг арьсны гелэн тос 70гр,Дагалдах
"Max allegina бие шингэн саван харшил, загтнаа 450мл /2911/",Дагалдах
"Max allergina бие хөөс саван харшил, загтнаа 450мл /2898/",Дагалдах
Maylyna хамрын гавар 2гр,Дагалдах
"Melilot&Hatamugi хаван бууруулах, хоргүйжүүлэх 200мг №60 /2067/",Дагалдах
Mentos gum bottle /0326/,Дагалдах
Mentos бохь gum bottle /5924/,Дагалдах
Mentos бохь gum bottle /7788/,Дагалдах
Mentos gum bottle /0864/,Дагалдах
Mentos gum bottle /7744/,Дагалдах
Mentos бохь gum bottle /7751/,Дагалдах
Mentos бохь gum bottle 54гр /4709/,Дагалдах
Mentos бохь gum bottle гүзээлгэнэ 54гр /8068/,Дагалдах
Mentos гаатай бохь gum bottle 54гр /8051/,Дагалдах
Mentos бохь gum roll watermelon /7737/,Дагалдах
Mentos чихэр gum roll cherry /0888/,Дагалдах
Mentos чихэр gum roll fresh mint /4614/,Дагалдах
Mentos чихэр gum roll grape /7720/,Дагалдах
Mentos чихэр gum roll spearmint 5гр /4638/,Дагалдах
Mentos чихэр gum roll strawberry /4645/,Дагалдах
Mentos чихэр gum roll tutti frutt /4621/,Дагалдах
Mentos бохь арктик /3554/,Дагалдах
Mentos бохь жүрж /0706/,Дагалдах
Mentos бохь интоор /1109/,Дагалдах
Mentos бохь пепперминт /0744/,Дагалдах
Mentos бохь спирминт /1086/,Дагалдах
Mild нарны тос  лавандер 80мл /7723/,Дагалдах
Mild нарны тос  ногоон 80мл /7730/,Дагалдах
Mild нарны тос лавандер 80мл /7723/,Дагалдах
Mild нарны тос ногоон 80мл /7730/,Дагалдах
Mild нарны тос өнгөгүй саатай 80мл /7754/,Дагалдах
Mild нарны тос фламинго ягаан 80мл /7747/,Дагалдах
Mild нарны тос шар 80мл /8164/,Дагалдах
Mild усны хамгаалалтай нарны тос 80мл /7273/,Дагалдах
Mild усны хамгаалалтай нарны тос 120мл /7259/,Дагалдах
Mommy арчилгааны далайн усан үзэм хөөсөн цэвэрлэгч /2819/,Дагалдах
Mommycare Orthotamin витамин С нөсөө толбо арилгах ампул 15мл /5599/,Дагалдах
Mommycare Ногоон Коллаген нэмэгдүүлэх гель 100мл /6152/,Дагалдах
MommyKiss Наадаг M 26ш,Дагалдах
MommyKiss Наадаг NB 32ш,Дагалдах
MommyKiss Наадаг S 29ш,Дагалдах
MommyKiss Өмсдөг L 19ш,Дагалдах
MommyKiss Өмсдөг XL 17ш,Дагалдах
MommyKiss Өмсдөг XXL 15ш,Дагалдах
Moony blueberry,Дагалдах
Moony strawberry,Дагалдах
Moony yuna /энгийн/,Дагалдах
Munchkin 12 сараас хуурай хоол-118ml +шингэн аяга-266ml,Дагалдах
"Munchkin 3 өнгийн,наалддаг хоолны аяга 6+сар",Дагалдах
Munchkin 360 аяганы таг 4ш,Дагалдах
Munchkin 360 градус бариултай аяга 6+сар 207мл,Дагалдах
Munchkin 360 градус бариултай аяга 6+сар 207мл цагаан /4582/,Дагалдах
"Munchkin 360 градус, асгарддагүй аяга 12+сар 296мл",Дагалдах
Munchkin 360 зурагтай бариултай аяга 6 сар 180мл,Дагалдах
Munchkin yсны тоглоом загас шүүрэгч 9+,Дагалдах
Munchkin үсэг тоотой усны тоглоом,Дагалдах
"Munchkin аяга 4, таг 4, халбага 2 иж бүрдэл, 4+ сар",Дагалдах
Munchkin аяга соруултай таглаатай +12 сар 296мл,Дагалдах
Munchkin аяга угаагч багц сойз,Дагалдах
"Munchkin бариултай,хаздаг аяга 6+сар 207мл",Дагалдах
Munchkin гэрэлтдэг 360 аяга 18+ сар 266 мл,Дагалдах
Munchkin доороосоо бариултай угжин аяга 4сар 118ml /1291/,Дагалдах
Munchkin жимсний силикон +4сар,Дагалдах
Munchkin загасчлагч усны тоглоом,Дагалдах
Munchkin зөөлөвчтэй 360 аяга 18+ 414ml,Дагалдах
Munchkin наалдаг тасалгаатай таваг,Дагалдах
Munchkin соруултай бариулгүй аяга 12+сар 296ml,Дагалдах
Munchkin тасалгаатай хос таваг 6+ сартай,Дагалдах
"Munchkin угж, аяга хатаагч",Дагалдах
Munchkin угжин аяга асгардаггүй коала 9+ сар 236мл,Дагалдах
Munchkin усны бомб 22ш,Дагалдах
Munchkin усны бомб запас 40ш,Дагалдах
Munchkin усны тоглоом олон өнгөтэй 6+сар /0801/,Дагалдах
Munchkin уутан даавуун соска 6+ Соска,Дагалдах
Munchkin халбага сэрээ хутга ком +18сар,Дагалдах
"Munchkin халбага, сэрээний ком",Дагалдах
Munchkin халуун мэдэрдэг халбага  3+ сар 4ш,Дагалдах
Munchkin халуун мэдэрдэг халбага 3+ сар 4ш,Дагалдах
"Munchkin халуун, хүйтэн мэдэрдэг халбага",Дагалдах
"Munchkin Хоолны хос аяга, 6+ сартай",Дагалдах
Munchkin хуурай хоолны аяга 12+сар /0212/,Дагалдах
Munchkin хүндрүүлэгчтэй аяганы запаас 1ш,Дагалдах
Munchkin хүндрүүлэгчтэй соруултай бариулгүй аяга +12 сар,Дагалдах
"Munchkin хүндрүүлэгчтэй,соруултай аяга  6+сар 200мл",Дагалдах
"Munchkin хүндрүүлэгчтэй,соруултай аяга 6+сар 200мл",Дагалдах
Munchkin хүүхдийн суултуур /9831/,Дагалдах
Muzy juice Apple 450мл дис /2890/,Дагалдах
Muzy juice Lime fresh 450мл дис /2975/,Дагалдах
Muzy juice Mango Orange 450мл дис /2937/,Дагалдах
Muzy juice Pear 450мл дис /2906/,Дагалдах
Muzy juice Pomegranate 450мл дис /2913/,Дагалдах
Muzy tea Black Tea Forest barries 450мл дис /3163/,Дагалдах
Muzy tea Black Tea Peach 450мл дис /3149/,Дагалдах
Muzy tea Green Tea 450мл дис /3101/,Дагалдах
Muzy tea Green Tea Raspberry 450мл дис /3095/,Дагалдах
Nan supreme №1 800g,Дагалдах
Nan supreme №2 800g,Дагалдах
Natura 100% лууван хүрэн манжин шүүс 100мл,Дагалдах
Natura 100% лууван шүүс 100мл,Дагалдах
Natura 100% хүрэн манжин банана шүүс 100мл,Дагалдах
"Natura лууван, гадил, алим, хүрэн манжин, жүрж шүүс /1949/",Дагалдах
"Natura лууван, хүрэн манжин, нэрс, аньс, интоор шүүс /1918/",Дагалдах
"Natura лууван, чацаргана, манго, жүрж шүүс /1932/",Дагалдах
Natura луувангийн шүүс 100% /1925/,Дагалдах
Natural Silk 18см өдөр тутам 20ш /6548/,Дагалдах
Natural Silk 24см ариун цэврийн хэрэглэл 8ш /6555/,Дагалдах
Natural Silk 29см ариун цэврийн хэрэглэл 7ш /6562/,Дагалдах
Natural Silk 35см ариун цэврийн хэрэглэл 6ш /6579/,Дагалдах
Natural Silk 42см ариун цэврийн хэрэглэл 5ш /6586/,Дагалдах
NESTLE AppleBnaRsp Puree Pouch 8x90g /1812/,Дагалдах
Nestle puree 6M Apple Banana 90гр,Дагалдах
Nestle shagayka  app.bna.pear 12+ 190gr,Дагалдах
Nestle shagayka  app.stw.peh 12+ 190gr,Дагалдах
Nestle shagayka  app/rspb.stw.12+ 190gr,Дагалдах
Nestle shagayka app.bna.pear 12+ 190gr,Дагалдах
Nestle shagayka app.stw.peh 12+ 190gr,Дагалдах
Nestle shagayka app/rspb.stw.12+ 190gr,Дагалдах
Nestle shagayka  milk.apblu.rsp 6+ 200gr,Дагалдах
Nestle shagayka  milk.app.bna.pear 6+ 200gr,Дагалдах
Nestle shagayka  milk.cer.bna.stw 8+ 200gr,Дагалдах
Nestle shagayka  milk.out.pear 6+ 200gr,Дагалдах
Nestle shagayka  milk.pear.peach 6+ 200gr,Дагалдах
Nestle shagayka  milk.stw. app 8+ 200gr,Дагалдах
Nestle shagayka milk.apblu.rsp 6+ 200gr,Дагалдах
Nestle shagayka milk.app.bna.pear 6+ 200gr,Дагалдах
Nestle shagayka milk.cer.bna.stw 8+ 200gr,Дагалдах
Nestle shagayka milk.out.pear 6+ 200gr,Дагалдах
Nestle shagayka milk.pear.peach 6+ 200gr,Дагалдах
Nestle shagayka milk.stw. app 8+ 200gr,Дагалдах
Neutrogena гар/тос хурдан шингэх /fast absorbing hand cream/ 75мл N1,Дагалдах
Nivea Body Shower Vitality Fresh 250ml,Дагалдах
Nivea deo Roll-On Silver Protect Male 50ml,Дагалдах
Nivea deo Spray Black & White Male 150ml,Дагалдах
Nivea deo Spray Black & White Pure Female 150ml,Дагалдах
Nivea Hand Cream Complex /Vitamin E  75ml,Дагалдах
Nivea Hand Cream Complex /Vitamin E 75ml,Дагалдах
Nivea Hand Cream Moisturizing /Aloe Vera 75ml,Дагалдах
Nivea Hand Cream Moisturizing Olives 75ml,Дагалдах
Nivea Hand Cream Protective /Beeswax  75ml,Дагалдах
Nivea Hand Cream Protective /Beeswax 75ml,Дагалдах
Nivea Intimo Lotion 250ml,Дагалдах
Nivea Lip Gloss Aqua Care 5ml,Дагалдах
Nivea Lip Gloss Cherry 5ml /6039/,Дагалдах
Nivea Lip Gloss Cherry 5ml /6053/,Дагалдах
Nivea Lip Gloss Essential 5ml,Дагалдах
Nivea Lip Gloss Repair 5ml,Дагалдах
Nivea lipgloss Vanilla 4.8гр,Дагалдах
Nivea Men  Shav Gel  Ultra 200ml,Дагалдах
Nivea Men Fresh kick Shaving gel 200ml,Дагалдах
Nivea Men Shav Gel Ultra 200ml,Дагалдах
Nivea Men Shav.Gel Aloe 200ml,Дагалдах
Nivea Men Shav.Gel Sensitive 200ml,Дагалдах
Nivea Men Shav.Gel Sensitive Cooling  200ml,Дагалдах
Nivea Men Shav.Gel Sensitive Cooling 200ml,Дагалдах
Nivea Men Aft_Shv_Blm Ultra 100ml,Дагалдах
Nivea Men Balsam Sensitive 100ml,Дагалдах
Nivea Men Balsam Silver Protect  100ml,Дагалдах
Nivea Men Lotion Cooling Sensitive  100ml,Дагалдах
Nivea Men Lotion Silver Protect  100ml,Дагалдах
Nivea Men Lotion Silver Protect 100ml,Дагалдах
Nivea дезодорант шаариктай сэрүүцүүлэгч эрэгтэй /0776/,Дагалдах
Nivea дезодорант шүршигч бактерийн эсрэг /2628/,Дагалдах
Nivea дезодорант шүршигч жүржийн үнэртэй /8998/,Дагалдах
Nivea дезодорант шүршигч интоорын үнэртэй /9124/,Дагалдах
Nivea дезодорант шүршигч сувдны гоо сайхан /4559/,Дагалдах
Nivea дезодорант шүршигч сэргээгч энерги сэргээх /8194/,Дагалдах
Nivea дезодорант шүршигч сэрүүцүүлэгч эрэгтэй /9541/,Дагалдах
Novi гар/ ариутгагч 1л,Дагалдах
"Nuby 360 градус аяга бариул, тагтай 6+ 240мл",Дагалдах
Nuby litlle moment соска 0-6 сар /4735/,Дагалдах
"Nuby litlle moment соска 6-36 сар, 2ш /9256/",Дагалдах
Nuby PS 360ml спорт сордог аяга 36+ /4413/,Дагалдах
Nuby PS 360ml спорт соруул нь таглагддаг аяга 18+ /6883/,Дагалдах
Nuby PS l спорт сордог аяга 36+ 360мл,Дагалдах
Nuby PS гадил хаздаг тоглоом 3+,Дагалдах
Nuby PS хаздаг тоглоом гадил +3,Дагалдах
Nuby PS тагнай хэлбэртэй силикон  соска 6-36 сар /8153/,Дагалдах
Nuby PS тагнай хэлбэртэй силикон соска 6-36 сар /8153/,Дагалдах
Nuby бөөрөнхий соска 0-6 сар /8122/,Дагалдах
"Nuby гелэн хаздаг тоглоом,түлхүүрэн хэлбэртэй 4+сар",Дагалдах
Nuby зулайны сам 2ширхэгтэй 3+ сар,Дагалдах
Nuby зулайны сам 3+ сар №2,Дагалдах
Nuby модон хаздаг  түлхүүр тоглоом 3+ сар,Дагалдах
Nuby модон хаздаг түлхүүр тоглоом 3+ сар,Дагалдах
Nuby нус сорогч 0+сар,Дагалдах
"Nuby нус сорогч, 0+ сар, амаараа сордог",Дагалдах
Nuby силикон уутан соска,Дагалдах
Nuby силикон шахдаг соска 6+ сар,Дагалдах
Nuby соосогны зүүлт 0+сар,Дагалдах
"Nuby соруул нь таглагддаг,бариултай аяга 240мл 12+сар Угжин аяга",Дагалдах
"Nuby соруул нь таглагддаг,бариултай аяга угжин12+сар 240мл",Дагалдах
Nuby соска силикон бөөрөнхий 0-6 сар /7870/,Дагалдах
Nuby стандарт угжнуудын запас хөхөлт 0-12сар №2 Угжны хөхөлт,Дагалдах
Nuby суурь нь наалддаг хоолны тагтай аяга 9+сар 300мл,Дагалдах
Nuby сээтгэн соска 4+сар,Дагалдах
Nuby тритан зурагтай хүндрүүлэгчтэй хаздаг аяга 240 мл 6+ сар,Дагалдах
Nuby угж 120мл 0-12сар,Дагалдах
Nuby угж 240мл 0-12сар,Дагалдах
Nuby угжин аяга 0+ сар Аяга 240мл,Дагалдах
Nuby угжин аяга 240мл 6+сар Аяга,Дагалдах
Nuby угжин аяга 6+сар,Дагалдах
Nuby усны тоглоом үсэг тоотой 12+сар 36 ш,Дагалдах
nuby хаздаг бээлий,Дагалдах
Nuby хаздаг тоглоом авакода +3,Дагалдах
Nuby хаздаг тоглоом гелэн түлхүүрэн 4+ сар,Дагалдах
Nuby хаздаг тоглоом устай +3,Дагалдах
Nuby хаздаг тоглоом шүдний 3+сар,Дагалдах
Nuby хаздаг тоглоом эрдэнэ шиштэй,Дагалдах
Nuby халбага сэрээ 9+сар,Дагалдах
"Nuby халуун мэдэрдэг 3 ш хоолны халбага, 4+сар Халбага",Дагалдах
"Nuby халуун мэдэрдэг хоолны халбага, 4+сар 3ш",Дагалдах
"Nuby хоолны аяга,халбага тагтай 4+сар /4190/",Дагалдах
Nuby хөхний саалтуур 240 мл,Дагалдах
Nuby хөхний саалтуур 240мл,Дагалдах
Nuby хөхний сүү шингээгч өдрийн 30ш,Дагалдах
Nuby хумсны хутганы ком 1+сар 3 сэт,Дагалдах
Nuby хумсны хутгатай тагтай ком 2ширхэгтэй +0 +,Дагалдах
Nuby хэлний өнгөр цэвэрлэгч 3+сар +,Дагалдах
"Nuby шахдаг халбага 4+сар, 2 төрлийн хошуутай Халбага",Дагалдах
Nuby эм уулгах угж 15мл 0+сар Угж,Дагалдах
Nucleic acid эд эс нөхөн төлжүүлэгч 1200мг №600 /5703/,Дагалдах
Nutrend Протейн бар (ванил болон интоорын амттай) 40гр N1,Дагалдах
Nutrend Протейн бар (жигнэмэгний амттай) 40гр N1,Дагалдах
Nutrend Протейн бар (шоколадны амттай) 40гр N1,Дагалдах
Nutrilak premium хүүхдийн сүү 12+ сар №3  300гр,Дагалдах
Nutrilak premium хүүхдийн сүү 12+ сар №3 300гр,Дагалдах
Nutrilon combort 400g,Дагалдах
Nutrilon лактозгүй эмчилгээний сүү /0822/,Дагалдах
Nutrilon N1 new 400мг,Дагалдах
Nutrilon N1 new 900гр,Дагалдах
Nutrilon N2  new 900гр,Дагалдах
Nutrilon N2 new 900гр,Дагалдах
Nutrilon N2 new 400гр,Дагалдах
Nutrilon N3 new 400мг,Дагалдах
Nutrilon гулгилтын эсрэг сүү /0860/,Дагалдах
Nutrilon пепти /гулгилтын эсрэг/ 400гр,Дагалдах
Nutrilon сүү пре 0+ х/сүү дутуу төрсөн хүүхдийн сүүн тэжээл 400гр,Дагалдах
"OFF extreme aerosol шумуул, хачигнаас хамгаалах шүршигч тос /0629/",Дагалдах
OFF family шумуулны эсрэг спрэй 100мл N1,Дагалдах
Ohta isan N16,Дагалдах
Omi menturn шавж үргээгч цацлага /1714/,Дагалдах
Omi Нар тос gold /хүүхэд/ 1707,Дагалдах
Omi Нар тос silver /хүүхэд/ 1806,Дагалдах
Omi шавж хазсаны дараах үрэвсэл намдаах шингэн /2478/,Дагалдах
ORA Premium сойз дундаж үстэй /7577/,Дагалдах
ORA Premium сойз жижиг толгойт дундаж /7645/,Дагалдах
ORA Premium сойз жижиг толгойт зөөлөн /7591/,Дагалдах
ORA Premium сойз зөөлөн үстэй /7584/,Дагалдах
Ora шүдний оо сакура минт /5324/,Дагалдах
SUN ORA Premium оо арома 100г /3148/,Дагалдах
SUN ORA Premium оо минт 100г /3131/,Дагалдах
SUN ORA Premium оо цитрус 100г /3155/,Дагалдах
Ora2 me  Амны үнэр дарагч peach /1762/,Дагалдах
Ora2 me Амны үнэр дарагч peach /1762/,Дагалдах
ORIHIRO зажилдаг кальци д №180,Дагалдах
ORIHIRO зажилдаг кальци+сүүн хүчлийн ашигтай бактери №150,Дагалдах
ORIHIRO зажилдаг коллаген+эхэс №90,Дагалдах
ORIHIRO зажилдаг мультивитамин+минерал №120,Дагалдах
ORIHIRO зажилдаг мультивитамин+минерал №180,Дагалдах
ORIHIRO зажилдаг нүдний витамин/лютейн №120,Дагалдах
ORIHIRO зажилдаг нэрс /А витамин / №180,Дагалдах
ORIHIRO зажилдаг төмөр+фолийн хүчил №120,Дагалдах
ORIHIRO зажилдаг төмөр+фолийн хүчил №180,Дагалдах
ORIHIRO зажилдаг цайр №180,Дагалдах
ORIHIRO өндөр тунтай коллаген 11000мг 180гр,Дагалдах
ORIHIRO сүүн хүчлийн ашигтай бактер 1гр №16,Дагалдах
Osteohelp complex шинг 250мл N1,Дагалдах
Owolovo алимны нухаш 200гр,Дагалдах
Owolovo бөөрөлзгөнө нухаш 200гр,Дагалдах
Owolovo интоор нухаш 200гр,Дагалдах
Owolovo лууван нухаш 200гр,Дагалдах
Owolovo органик алим нухаш 200гр,Дагалдах
Owolovo тоор нухаш 200гр,Дагалдах
Owolovo чангаанз нухаш 200гр,Дагалдах
Oxeye 155mm ац/х N30 /6536/,Дагалдах
Oxeye 170mm ац/х N30 /6468/,Дагалдах
Oxeye 2+1 ац/х өмсдөг /6482/,Дагалдах
Oxeye 210 mm ац/х өдөр N18 /6444/,Дагалдах
Oxeye 240mm ац/х өдөр /6529/,Дагалдах
Oxeye 240mm- нарийн /6420/,Дагалдах
Oxeye 290 mm ац/х шөнө /6413/,Дагалдах
Oxeye 290 mm ац/х шөнө N8 /6543/,Дагалдах
Oxeye 330mm ац/х шөнө N8 /6383/,Дагалдах
Oxeye 330mm ац/х шөнө N8 /6383/ ,Дагалдах
Oxeye 420mm ац/х шөнө N4 /6406/,Дагалдах
P/S Toothbrush Kids 7+ Yrs -Хүүхдийн Шүдний сойз N1,Дагалдах
P/S TP charcoal & bamboo white/ Модны хар нүүрстэй Шүдний оо Цайруулах үйлчилгээтэй 180гр N1,Дагалдах
"P/S TP цайруулах үйлчилгээтэй мэдрэг шүдний оо, 100мл",Дагалдах
P/S хэт мэдрэг шүдний оо 100мл,Дагалдах
Palmolive LHS Skin Food Acai Berry Oat milk 300 N1,Дагалдах
Parodontax  Буйлны эмчилгээний фтортой Шүдний оо 50мл \7184\,Дагалдах
Parodontax буйлны эмчилгээний фторгүй Шүдний оо 50мл \1392\,Дагалдах
Parodontax Буйлны эмчилгээний фтортой Шүдний оо 50мл \7184\,Дагалдах
parodontax c фтором 75мл N1,Дагалдах
parodontax toothbrush extra soft N1,Дагалдах
Parodontax Без фтора шүд/оо Буйлны эмчилгээний фторгүй Шүдний оо 75мл,Дагалдах
"Parodontax Гүн цэвэрлэж, буйл эмчилэх Шүдний оо 75мл \1190\",Дагалдах
parodontax отбеприаюцая шүд/оо 75мл \4938\,Дагалдах
Pbw  Sparkling soda Lemon 350ml,Дагалдах
Pbw Sparkling soda Grape 350ml,Дагалдах
Pbw Sparkling soda Lemon 350ml,Дагалдах
Pbw Sparkling soda Strawberry 350ml,Дагалдах
Pbw Sparkling soda Watermelon 350ml,Дагалдах
Pbw ундаа Smoothie Green 350ml,Дагалдах
Pbw ундаа Smoothie Orange 350ml,Дагалдах
Pbw ундаа Smoothie Purple 350ml,Дагалдах
Pbw ундаа Smoothie Red 350ml,Дагалдах
Pbw Ундаа Sparkling soda Lime 350ml,Дагалдах
Pbw Ундаа Sparkling soda Passion Fruit 350ml,Дагалдах
Pbw ундаа  Amino Fiber Drink 0.5l,Дагалдах
Pbw ундаа  Beauty Collagen 0.5l,Дагалдах
Pbw ундаа  Yogurt Sparkling 0.5l,Дагалдах
Pbw ундаа Amino Fiber Drink 0.5l,Дагалдах
Pbw ундаа Beauty Collagen 0.5l,Дагалдах
Pbw ундаа Yogurt Sparkling 0.5l,Дагалдах
Pearl  ус 500мл,Дагалдах
Pearl ус 500мл,Дагалдах
Pearl газгүй ус 330мл /8020/,Дагалдах
Pearl газтай ус 330мл /8013/,Дагалдах
Pearl хийжүүлсэн ус 500мл,Дагалдах
Perrier orginal рашаан ус 330мл,Дагалдах
Persimmon supple хоргүйжүүлэгч №63 150мг /1666/,Дагалдах
Perspirex comfort хөлс дарагч /0042/,Дагалдах
Perspirex orginal хөлс дарагч /1430/,Дагалдах
Perspirex strong хөлс дарагч /0402/,Дагалдах
PIER propolinse ам зайлагч натурал 600мл /5741/,Дагалдах
PIER propolinse ам зайлагч сакура  600мл /6977/,Дагалдах
PIER propolinse ам зайлагч сакура 600мл /6977/,Дагалдах
PIER propolinse ам зайлагч тамхи 600мл /7011/,Дагалдах
PIER Propolinse ам зайлагч орэнж 150мл /7486/,Дагалдах
PIER Propolinse ам зайлагч сакура 150мл/7493/,Дагалдах
PIER Propolinse ам зайлагч тамхины 150мл/7509/,Дагалдах
PIER Propolinse ам зайлагч цитрус 150мл /7738/,Дагалдах
PIER Propolinse цайруулагч оо 150мл/7684/,Дагалдах
PIER propolinse цайруулагч шингэн оо  600мл /6762/,Дагалдах
PIER propolinse цайруулагч шингэн оо 600мл /6762/,Дагалдах
Pigeon хүүхдийн саван 90гр,Дагалдах
Pink Fong Baby Shark Вит С+Д+Цайр агуулсан чихэр №30,Дагалдах
Pink Fong Baby Shark Вит ТокТок Тоорын амттай Вит С-тэй чихэр №10,Дагалдах
Pink Fong Baby Shark Гаатай чихэр 40г №1,Дагалдах
Pink Fong Baby Shark Гүзээлзгэний амттай желли 20г,Дагалдах
Pink Fong Тоглоомтой тоорын амттай Вит С+Д+гаа агуулсан чихэр №1,Дагалдах
Pink Fong Тоорын амттай Вит С+Д+Цайр агуулсан чихэр №1000,Дагалдах
Pink Fong Хүүхдийн үсний сам №1,Дагалдах
Pink Fong Хүүхдийн хумсны сет №1,Дагалдах
PInkfong babyshark /тэсэрдэг чихэр/,Дагалдах
PIP 401 хар зүүлт  50см наалт N1,Дагалдах
PIP 401 хар зүүлт 50см наалт N1,Дагалдах
PIP 402 хар зүүлт 60см наалт N1,Дагалдах
PIP 404 цэнхэр зүүлт 60см наалт N1,Дагалдах
PIP 407 Magneloop хуянгийн зүүлт соофт хар 45cm,Дагалдах
PIP 410 Magneloop хуянгийн зүүлт EX хар 45cm,Дагалдах
PIP 411 Magneloop хуянгийн зүүлт EX цэнхэр 50cm,Дагалдах
PIP Жирэмсэн ээжийн а/ц х L N5,Дагалдах
PIP Жирэмсэн ээжийн а/ц х S N20,Дагалдах
PO Soap Almond oil 90гр,Дагалдах
POOPINCOOKIN Хөгжилтэй ваффле /6737/,Дагалдах
POOPINCOOKIN Хөгжилтэй гам чихэр /6492/,Дагалдах
POOPINCOOKIN Хөгжилтэй донат /6713/,Дагалдах
POOPINCOOKIN Хөгжилтэй өдрийн хоол /3958/,Дагалдах
"POPIN'COOKIN ваффле, зайрмаг /7055/",Дагалдах
POPINCOOKIN Хөгжилтэй бургер /7154/,Дагалдах
POPINCOOKIN Хөгжилтэй рамен /6461/,Дагалдах
POPINCOOKIN хөгжилтэй сүши /7284/,Дагалдах
POPINCOOKIN Хөгжилтэй торт /7499/,Дагалдах
Pororo Вит С+Д+Цайр агуулсан зажилдаг чихэр №1,Дагалдах
Pororo С витаминтай чихэр 12гр,Дагалдах
Pororo Тоорын амттай витамин С-тэй чихэр №1000,Дагалдах
Pororo Тоорын амттай витаминтай чихэр №40,Дагалдах
Pororo уруул өнгөлөгч №1,Дагалдах
President  - Шүдний оо Кофе цайны хэрэглээ их 75гр,Дагалдах
"President  - Шүдний оо Хиймэл шүд, шүдний аппараттай 75гр",Дагалдах
President шүдний оо кофе цайны хэрэглээ их  75 гр \0731\,Дагалдах
President шүдний оо кофе цайны хэрэглээ их 75 гр \0731\,Дагалдах
President шүдний оо үрэвсэл намдаах 75мл,Дагалдах
"President шүдний оо хиймэл шүд, шүдний аппараттай 75гр \2016\",Дагалдах
President шүдний оо цайруулах 75гр,Дагалдах
President шүдний оо эко натурал байгалийн гаралтай 75гр \2467\,Дагалдах
President шүдний оо-эмзэгшилтэй шүдний  75гр \9896\,Дагалдах
President шүдний оо-эмзэгшилтэй шүдний 75гр \9896\,Дагалдах
"President  - Шүдний оо Хиймэл шүд, шүдний аппараттай 75гр",Дагалдах
"President ам зайлагч буйлны үрэвсэл, цоорлоос сэргийлэх 250мл",Дагалдах
President ам зайлагч шүдний чулуу үүсэхээс хамгаалсан 250мл,Дагалдах
President сойз натурал үстэй \0072\,Дагалдах
President сойз цайруулах үйлчилгээтэй \0027\,Дагалдах
President Хүүхдийн шүдний оо бөөрөлзгөнө амттай 0-3 нас32 гр,Дагалдах
President Хүүхдийн шүдний оо лийр амттай 0-3 нас 32 гр,Дагалдах
President Хүүхдийн шүдний оо гүзээлзгэнэ 6+ нас 43 гр,Дагалдах
President Хүүхдийн шүдний оо гүзээлзгэнэ амттай 3-6 нас 43 гр,Дагалдах
President Хүүхдийн шүдний оо олон жимст 3-6 нас 43 гр,Дагалдах
President Хүүхдийн шүдний оо олон жимст 6+ нас 43 гр,Дагалдах
President Хүүхдийн шүдний сойз  0-3 нас 4мил,Дагалдах
"President шүд/сойз зөөлөн үстэй, амны/хөнд мэс ажлын дараа",Дагалдах
President-Шүдний сойз мэс засалбарын дараах мэдрэмтгий,Дагалдах
President шүдний оо жирэмсэн болон хөхүүл эхийх \1502\,Дагалдах
President шүдний оо ломботой шүдэнд зориулсан 50мл \5614\,Дагалдах
"President шүдний оо хиймэл шүд, аппараттай хүмүүст 50мл \2009\",Дагалдах
President шүдний оо цай кофенд дурлагсдад 50мл \5751\,Дагалдах
President шүдний оо эмзэг пааланд зориулсан 50мл \5638\,Дагалдах
President шүдний оо нүүрс агуулсан эрчимтэй цайруулах  50гр \7243\,Дагалдах
President шүдний оо нүүрс агуулсан эрчимтэй цайруулах 50гр \7243\,Дагалдах
"President шүдний оо шүд цоорох, амнаас эвгүй үнэр  50мл \1097\",Дагалдах
"President шүдний оо шүд цоорох, амнаас эвгүй үнэр 50мл \1097\",Дагалдах
President шүдний сойз гажиг заслын зориулалттай жижиг сойз 6мл,Дагалдах
"President шүдний сойз жирэмсэн болон хөхүүл, эмзэг буйл",Дагалдах
"President шүдний сойз кофе, цай болон тамхи татдаг хүмүүс",Дагалдах
President шүдний сойз цайруулах,Дагалдах
"President- Шүдний сойз, Чулуу үүсэхээс сэргийлсэн 6 мил",Дагалдах
President шүдний утас гааны амттай 12м,Дагалдах
"President шүдний утас шүд цоорох,буйлны үрэвсэл 12м",Дагалдах
President шүдний утас гааны амттай 50м,Дагалдах
"President шүдний утас шүд цоорох,буйлны үрэвсэл 50м",Дагалдах
President-Шүдний оо Эрчимтэй цайруулах үйлчилгээтэй 30мл,Дагалдах
Q'SAI N-ACETYLGLUCOSAMINE үе мөч дэмжигч 30ш /2390/,Дагалдах
Q'SAI Коллаген drink 10ш /2765/,Дагалдах
Q'SAI Коллаген drink 3ш /2796/,Дагалдах
Q'SAI Коллаген өвдөг үе дэмжигч 30ш /2246/,Дагалдах
Rascal 10-15 kg өмсдөг 18ш,Дагалдах
Rascal 10-15kg өмсдөг №4 32ш,Дагалдах
Rascal 13-18kg өмсдөг №5 28ш,Дагалдах
Rascal 13-18kg өмсдөг №6 26ш,Дагалдах
rascal 16+ өмсдөг 14ш,Дагалдах
Rascal 6-11kg өмсдөг 20ш,Дагалдах
Rascal L N18,Дагалдах
Rascal L N36,Дагалдах
Rascal M N20,Дагалдах
Rascal M N44,Дагалдах
Rascal NB N28,Дагалдах
Rascal NB N54,Дагалдах
Rascal №3  6-11кг 36ш,Дагалдах
Rascal №3 6-11кг 36ш,Дагалдах
Rascal S N24,Дагалдах
Rascal S N48,Дагалдах
Rascal XL N16,Дагалдах
Rascal XL N32,Дагалдах
Rascal нойтон салфетка N80,Дагалдах
Red bull cold brew 250мл,Дагалдах
Red bull кофетой 250мл,Дагалдах
Renova хуурай салфетка гүзээлзгэны үнэртэй 9ш,Дагалдах
Renova хуурай салфетка манго үнэртэй 9ш,Дагалдах
Renova хуурай салфетка фантаны үнэртэй 9ш,Дагалдах
Renova хуурай салфетка жижиг 7ш,Дагалдах
Renova хуурай салфетка лаванда үнэртэй,Дагалдах
Renova хуурай салфетка нэрсний үнэртэй,Дагалдах
Renova хуурай салфетка сарнайн үнэртэй,Дагалдах
Renova хуурай салфетка халаасны гааны үнэртэй,Дагалдах
Renova хуурай салфетка нэрсний үнэртэй багц 6 уут,Дагалдах
Renova хуурай салфетка халаасны багц 6 уут,Дагалдах
Renova хуурай салфетка халаасны гүз/үнэртэй багц 6 уут,Дагалдах
Renova хуурай салфетка халаасны лаванда үнэртэй багц 6 уут,Дагалдах
Renova хуурай салфетка халаасны манго үнэртэй багц 6 уут,Дагалдах
Renova хуурай салфетка халаасны фантаны үнэртэй багц 6 уут,Дагалдах
RICH давсан бөмбөг 180гр,Дагалдах
RICH коко скраб 300гр,Дагалдах
RICH пони скраб 300гр,Дагалдах
RICH овъёостой спа 120гр,Дагалдах
RICO Sensitive салфетка 20ш,Дагалдах
RICO нойтон салфетка Sensitive 80ш,Дагалдах
RICO нойтон салфетка Signature 20ш,Дагалдах
RICO хатуу саван,Дагалдах
RICO хатуу саван цайны модны,Дагалдах
RICO Хүүхдийн сойз 3,Дагалдах
RICO хүүхдийн сойз 3-4 нас,Дагалдах
"Rico шингэн вок 1,8л",Дагалдах
Rico шингэн вок 1600мл,Дагалдах
Rio mints XL лемон лайм жимсний гаа /7388/,Дагалдах
Rio mints XL лемон лайм жимсний гаа /7388/ ,Дагалдах
Rio mints XL манго жимсний гаа /7364/,Дагалдах
Rio mints XL манго жимсний гаа /7364/ ,Дагалдах
Rio mints XL тоор жимсний гаа 36гр /8002/,Дагалдах
Rio mints XL усан үзэмний гаа 36гр /7944/,Дагалдах
Rio mints XL үр жимсний гаа 36гр /7982/,Дагалдах
Rio mints XL шүүслэг усан үзмийн гаа 36гр /7968/,Дагалдах
Rio mints сакура цэцгийн үнэрт гаа N56 /7425/,Дагалдах
Rio mints тоор жимсний гаа N56 /7463/,Дагалдах
Rio mints усан үзэмтэй гаа N56 /0655/,Дагалдах
Rio mints үр жимсний гаа N56 /1867/,Дагалдах
Rio mints шүүслэг лайк гаа N56 /1836/,Дагалдах
Rio mints ягаан усан үзэмний гаа N56 /0594/,Дагалдах
Romano сахлын хөөс 175мл ногоон,Дагалдах
Romano хөлс дарагч 50мл VIP,Дагалдах
Romano хөлс дарагч 50мл ногоон,Дагалдах
Romano хөлс дарагч 50мл улаан,Дагалдах
Romano хөлс дарагч 50мл цэнхэр,Дагалдах
Rotbackchen Mama Nursing Juice 450мл №1 /Haus Rabenhorst/,Дагалдах
Rotbäckchen Мама нурсинг шүүс 450мл №1 /Haus Rabenhorst/,Дагалдах
Rotbäckchen дархлаа дэмжих мини шот 125мл №1 /Haus Rabenhorst/,Дагалдах
Rotbäckchen Лоорнинг мини шот 125мл №1 /Haus Rabenhorst/,Дагалдах
Rotbäckchen мини шот 125мл №1 /Haus Rabenhorst/,Дагалдах
Rotbäckchen Сан повер шот 125мл №1 /Haus Rabenhorst/,Дагалдах
Rotbäckchen шүүс 700мл №1 /Haus Rabenhorst/,Дагалдах
Ruboril Expert Intense - Хялгасан судасыг эрчимтэй агшаах түрхлэг/9659/ 15мл,Дагалдах
Rubyrose  Ruby Hyaluronic чийгшүүлэг тонер,Дагалдах
Rubyrose Collagen тонер,Дагалдах
Rubyrose Collagen  гужуулах маск,Дагалдах
Rubyrose Collagen гужуулах маск,Дагалдах
Rubyrose Ruby Hyaluronic гужуулах маск,Дагалдах
Rubyrose Collagen гелен нүүр угаагч,Дагалдах
Rubyrose Ruby Hyaluronic гелен нүүр цэвэрлэгч,Дагалдах
Rubyrose Collagen мист,Дагалдах
Rubyrose Ruby Hyaluronic чийгшүүлэг мист,Дагалдах
Rubyrose Collagen сэрүм,Дагалдах
Rubyrose Ruby Hyaluronic сэрүм,Дагалдах
Rubyrose Collagen тос,Дагалдах
Rubyrose Ruby Hyaluronic тос,Дагалдах
Rubyrose Collagen хөөсөн нүүр угаагч,Дагалдах
Rubyrose Ruby Hyaluronic цэвэрлэгч падь,Дагалдах
Sadoer гарын тос 30гр авокадотай,Дагалдах
Sadoer гарын тос 30гр витамин С,Дагалдах
Sadoer гарын тос 30гр тоортой,Дагалдах
SAS нүүрний будаг арилгагч салфетка-алоетой №30,Дагалдах
SAS нүүрний будаг арилгагч салфетка-сарнайтай №30,Дагалдах
SAS нүүрний будаг арилгагч салфетка-тарвастай №30,Дагалдах
SAS нүүрний будаг арилгагч салфетка-витамин С-тэй №60,Дагалдах
SAS нүүрний будаг арилгагч салфетка-гиалуронтой №60,Дагалдах
SAS нүүрний будаг арилгагч салфетка-коллагентай №60,Дагалдах
Saw Palmetto Extract түрүү булчирхай 420мг №60 /1778/,Дагалдах
Sensex бэлгэвч №12 гүзээлзгэнэ үнэртэй,Дагалдах
Sensex бэлгэвч №12 удаашруулагчтай,Дагалдах
Sensex бэлгэвч №12 хэт нимгэн,Дагалдах
Sensex бэлгэвч №12 хэт нимгэн ,Дагалдах
Sensex бэлгэвч классик №12,Дагалдах
Sensex бэлгэвч товруутай №12,Дагалдах
Sensex бэлгэвч №3 анатом,Дагалдах
Sensex бэлгэвч №3 классик,Дагалдах
Sensex бэлгэвч №3 нимгэн,Дагалдах
Sensex бэлгэвч №3 нимгэн ,Дагалдах
Sensex бэлгэвч №3 товруутай,Дагалдах
Sensex бэлгэвч №3 товруутай ,Дагалдах
Sensex бэлгэвч №3 удаашруулагчтай,Дагалдах
Sensex бэлгэвч №3 удаашруулагчтай ,Дагалдах
Sensex бэлгэвч №3 цагирган хээтэй,Дагалдах
Sensex бэлгэвч №3 цагирган хээтэй ,Дагалдах
Sensitive Care Day 25cm N14 /1193/,Дагалдах
Sensitive Care Day-Night 30cm N12 \1216\,Дагалдах
Sensitive Care Night 35cm N10 / 1223/,Дагалдах
Sensitive Pro-relief 3478 75мл,Дагалдах
Sensodyne 00 natural white 75мл эмзэгшил намдаах 1288,Дагалдах
Sensodyne herbal эмзэгшил намдаах оо 75мл,Дагалдах
"Sensodyne Комплексная защита шүд/оо Хэт мэдрэгшил, буйлны үрэвсэл эмчлэх Шүдний оо 75мл",Дагалдах
sensodyne мэдрэмтгий шүдийг эрчимтэй цайруулах  75мл \1968\,Дагалдах
sensodyne мэдрэмтгий шүдийг эрчимтэй цайруулах 75мл \1968\,Дагалдах
sensodyne оо восстановление 75 мл \5477\,Дагалдах
sensodyne С фтором шүдний мэрэгшил эмчилэх фтортой  75мл \4969\,Дагалдах
sensodyne С фтором шүдний мэрэгшил эмчилэх фтортой 75мл \4969\,Дагалдах
"Sensodyne хэт мэдрэгшил,цоорлын эсрэг шүдний оо 75мл",Дагалдах
Sensodyne эффект шүд/оо Хэт мэдрэгшлийг 60 секундэд бууруулах Шүдний оо 75мл,Дагалдах
Sensodyne daily protection 50мл,Дагалдах
Sensodyne Gentle floss Total Care Фтортой Шүдний утас 30м,Дагалдах
Sensodyne Toothbrush Хэт мэдрэмтгий шүдний Шүдний сойз,Дагалдах
Sensodyne Ежедневная защита шүд/оо Хэт мэдрэг шүд хамгаалах Шүдний оо 100мл,Дагалдах
Sensodyne С фтором шүд/оо Шүдний мэдрэгшил эмчилэх фтортой Шүдний оо 50мл,Дагалдах
"Sensodyne хэт мэдрэгшил,цоорлын эсрэг гаатай ам зайлагч 500мл",Дагалдах
Showa 7кг diet цай 30ш /0838/,Дагалдах
Showa Дэрү дэрү өтгөн хаталт цай 24ш /0777/,Дагалдах
Showa Таккюүбин өтгөн хаталт цай 24ш /0363/,Дагалдах
Shower gel precious oil /2649/,Дагалдах
silk care а/ц хэрэг 240 мм,Дагалдах
silk care а/ц хэрэг 290мм \0621\,Дагалдах
Silky cotton нүүр цэвэрлэх хөвөн 100ш /6997/,Дагалдах
Silky cotton нүүр цэвэрлэх хөвөн 50ш /3568/,Дагалдах
SinSin pas өвчин намдаах цацлага,Дагалдах
SinSin pas өвчин намдаах цацлага /сп/,Дагалдах
Skinvape  ялаа шумуул үргээгэч цацлага +0 /0621/,Дагалдах
Skinvape ялаа шумуул үргээгэч цацлага +0 /0621/,Дагалдах
Skinvape  ялаа шумуул үргээгэч цацлага +0 /3050/,Дагалдах
Skinvape ялаа шумуул үргээгэч цацлага +0 /3050/,Дагалдах
"Slimwalk Medical оймс богино ,хар S-M",Дагалдах
"Slimwalk Medical оймс богино, хар M-L",Дагалдах
"Slimwalk Трико Шөнийн ,ягаан S-M",Дагалдах
Soft Hugs Pocket 18см өдөр тутам 20ш /6388/,Дагалдах
Soft Hugs Pocket 24см ариун цэврийн хэрэглэл 18ш /6272/,Дагалдах
Soft Hugs Pocket 29см ариун цэврийн хэрэглэл 15ш /6265/,Дагалдах
Soft Hugs Pocket 29см ариун цэврийн хэрэглэл 3ш /6258/,Дагалдах
Soft Hugs Pocket 35см ариун цэврийн хэрэглэл 9ш /6241/,Дагалдах
Soft Leaf ариутгалын зуун насттай нойтон салфетка 10ш /1195/,Дагалдах
Soft Leaf ариутгалын нойтон салфетка 10ш /2629/,Дагалдах
Soft Leaf ариутгалын зуун насттай нойтон салфетка 60ш /1188/,Дагалдах
Soft Leaf ариутгалын нойтон салфетка  25ш тагтай /1342/,Дагалдах
Soft Leaf ариутгалын нойтон салфетка 25ш тагтай /1342/,Дагалдах
Soft Leaf Нордог цаасан салфетка 130ш Ууттай /8867/,Дагалдах
Soft Leaf Нордог цаасан салфетка 200ш Хайрцагтай /9512/,Дагалдах
Soft Leaf халаасны хуурай салфетка 4 давхар 10ш /9963/,Дагалдах
Splat Baby бактери үржүүлэхгүй зөөлөн шүдний сойз 0-3 нас /1405/,Дагалдах
Splat Бактери үржихээс 99%хамгаална 2-6 нас шүдний сойз /1412/,Дагалдах
Сплат сойз Бактери үржихээс 99% хамгаална 2-8 нас N1,Дагалдах
Сплат сойз бактери үржихээс 99% хамгаална 4+ нас Splat junior N1,Дагалдах
Сплат сойз ганц эвэрт сувдан 4+ нас N1,Дагалдах
Сплат сойз Ганц эвэрт тунгалаг бактери үржүүлжхгүй 5+ нас N1,Дагалдах
Splat daily complex буйл хамгаалах үйлчилгээтэй 80мл,Дагалдах
Сплат оо паалан бэхжүүлэх хүчтэй гаатай 80мл N1,Дагалдах
Сплат оо паалан цайруулах үйлчилгээтэй гаатай  80мл N1,Дагалдах
Сплат оо паалан цайруулах үйлчилгээтэй гаатай 80мл N1,Дагалдах
"Splat Juicy лийрийн амттай фтортой гелэн оо 3+нас, 35мл /0132/",Дагалдах
Splat Juicy тарвасны амттай фтортой гелэн оо 3+нас 35мл /9816/,Дагалдах
Splat Juicy усан үзмийн амттай фтортой гелэн оо 3+ 35мл /9823/,Дагалдах
Splat Juicy усан үзмийн амттай фтортой гелэн оо 3+ 35мл /9823/,Дагалдах
Сплат оо  Juicy Cherry kids toothpaste \4901\,Дагалдах
Сплат оо Juicy Cherry kids toothpaste \4901\,Дагалдах
Сплат оо Juicy eiscreme kids toothpaste,Дагалдах
Сплат оо Juicy ice cream kids toothpaste \4925\,Дагалдах
Сплат оо Juicy олон жимст kids toothpaste 35ml \4949\,Дагалдах
"Splat SMILEX flop down батганы наалт, өнгөлөг, 27ш",Дагалдах
"Splat SMILEX flop down батганы наалт, тунгалаг, 30ш",Дагалдах
Splat Toothbrush ultra шүдний сойз /0025/,Дагалдах
Сплат Tootrhbrush ULTRA Complete сойз N1,Дагалдах
Сплат сойз Whitening hard,Дагалдах
Сплат сойз Whitening medium,Дагалдах
Splat кокосны амттай шүдний утас 40м,Дагалдах
"Splat цитрустэй,үрэвсэлийн эсрэг ам зайлагч ам зайлагч 275мл",Дагалдах
"Splat эмийн ургамалтай, антиоксидант ам зайлагч ам зайлагч 275мл",Дагалдах
Сплат ам зайлагч sensitive Herbal complex 275мл \9999\,Дагалдах
Сплат ам зайлагч Кальцитай 275мл\5427\,Дагалдах
Сплат ам зайлагч Цайруулагчтай 275мл,Дагалдах
Suavigel- Эмзэг цочирсон арьсны тайвшруулах түрхлэг 0348 40мл,Дагалдах
Sugarlolo apple cider vinegar pineapple sparkling дис /0066/,Дагалдах
Sugarlolo apple cider vinegar sparkling дис /9658/,Дагалдах
Sugarlolo apple sparkling дис /6374/,Дагалдах
Sugarlolo cloud soda zero sparkling can дис /9122/,Дагалдах
Sugarlolo lemon cider sparkling дис /7937/,Дагалдах
Sugarlolo melon soda zero sparkling can дис /9146/,Дагалдах
Sugarlolo shine muscat sparkling дис /8125/,Дагалдах
Sula анар жимс сахаргүй 60гр /0946/,Дагалдах
Sula гаа сахаргүй 60гр /0878/,Дагалдах
Sula мультивитамин сахаргүй 60гр /0786/,Дагалдах
Sula ойн жимс сахаргүй 60гр /0779/,Дагалдах
Sumjung  сойзтой шүдний завсар цэвэрлэгч SSS (0.7 mm) N10,Дагалдах
Sumjung сойзтой шүдний завсар цэвэрлэгч SSS (0.7 mm) N10,Дагалдах
Sumjung гэрэлтэй чих ухагч N1,Дагалдах
Sumjung сойз 9688 N1,Дагалдах
Sumjung хулсны нүүрстэй шүдний сойз N1,Дагалдах
Sumjung хүүхдийн шүдний сойз 3+ N1,Дагалдах
Sumjung шүд чигчлэгч N1,Дагалдах
"Sumjung шүдний утас /нарийн, гаатай/ N1",Дагалдах
SUN Ora 2 шүдний утас уруул сав 40м /6297/,Дагалдах
SUN ORA Prem эрчимтэй цайр оо 17г арома /2974/,Дагалдах
SUN ORA Prem эрчимтэй цайр оо 17г минт /2967/,Дагалдах
SUN ORA Premium ам зайлагч минт 550мл /2752/,Дагалдах
SUN ORA Premium ам зайлагч флорал 550мл /2790/,Дагалдах
SUN ORA Premium ам зайлагч минт 80мл /2769/,Дагалдах
SUN Ora premium шүдний толь /8000/,Дагалдах
SUN Ora2 Me Stainclear Paste Floralwhitetea /1021/,Дагалдах
Sun Ora2 me жижиг оо минт 20гр /2363/,Дагалдах
SUN Ora2 Ам зайлагч  натурал минт 460мл /0932/,Дагалдах
SUN Ora2 Ам зайлагч натурал минт 460мл /0932/,Дагалдах
SUN Ora2 Ам зайлагч тоор минт 460мл /0949/,Дагалдах
SUN Ora2 Ам зайлагч цагаан цэцэгс 460мл /0956/,Дагалдах
SUN Ora2 Ам зайлагч натурал минт 80мл/0963/,Дагалдах
SUN Ora2 Амны үнэр дарагч grapefruit 6гр /8861/,Дагалдах
SUN Ora2 Амны үнэр дарагч quick mint 6гр /8830/,Дагалдах
SUN Ora2 Амны үнэр дарагч күүл older 6гр /9400/,Дагалдах
SUN Ora2 Амны үнэр дарагч күүл минт 6гр /8847/,Дагалдах
SUN Ora2 Амны үнэр дарагч ногоон усан үзэм 6гр /0222/,Дагалдах
SUN Ora2 Амны үнэр дарагч расберри минт 6гр /0215/,Дагалдах
SUN Ora2 Арома жимстэй оо берри 130гр /2325/,Дагалдах
SUN Ora2 Арома жимстэй оо лавандер 130гр /2349/,Дагалдах
SUN Ora2 Арома жимстэй оо минт 130гр /2295/,Дагалдах
SUN Ora2 Оо сойз сэт нарийн /7355/,Дагалдах
SUN Ora2 Оо сойзны сэт зөөлөн савтай /2121/,Дагалдах
SUN Ora2 Сойз завсар цэвэрлэгчтэй дундаж /6266/,Дагалдах
SUN Ora2 Сойз завсар цэвэрлэгчтэй хатуу /6273/,Дагалдах
SUN Ora2 Сойз өнгөр арилгагч дундаж /6549/,Дагалдах
SUN Ora2 Сойз өнгөр арилгагч зөөлөн /6532/,Дагалдах
SUN Ora2 Сойз паалан өнгөлөгч  дундаж /6259/,Дагалдах
SUN Ora2 Сойз паалан өнгөлөгч  зөөлөн /6242/,Дагалдах
SUN Ora2 Сойз паалан өнгөлөгч  маш зөөлөн /6235/,Дагалдах
SUN Ora2 Сойз паалан өнгөлөгч дундаж /6259/,Дагалдах
SUN Ora2 Сойз паалан өнгөлөгч зөөлөн /6242/,Дагалдах
SUN Ora2 Сойз паалан өнгөлөгч маш зөөлөн /6235/,Дагалдах
SUN Ora2 Шүдний оо алим минт 140г /0109/,Дагалдах
SUN Ora2 Шүдний оо натурал минт  140г /9271/,Дагалдах
SUN Ora2 Шүдний оо натурал минт 140г /9271/,Дагалдах
SUN Ora2 Шүдний оо тоор минт 140г /9295/,Дагалдах
SUN Ora2 Шүдний утас 30ш /6310/,Дагалдах
Sunbears хүүхдийн нарны сүү. SPF35 PA+++ /3404/,Дагалдах
SUPREME-HG Өсөлтийн ангир уураг нунтаг 2г №30,Дагалдах
SUPREME-HG Өсөлтийн ангир уураг нунтаг 2г №30 ,Дагалдах
SUPREME-HG Өсөлтийн ангир уураг нунтаг 2г №30 ,Дагалдах
Swiss hs vitamin C уусдаг 20ш /0082/,Дагалдах
Swiss ашигтай бактер вит-Д 28ш /1975/,Дагалдах
Swiss ашигтай бактер дархлаа 28ш /2958/,Дагалдах
Swisse Fish oil Db oldrs wild 1500*200 /9383/,Дагалдах
Swisse Fish oil Db oldrs wild 4x 60ш /6343/,Дагалдах
Swisse Fish oil үнэргүй 1500мг 400ш /2475/,Дагалдах
Swisse ub Calcium + Vitamin D 150ш /2505/,Дагалдах
Swisse ub Calcium + Vitamin D 90ш /9888/,Дагалдах
Swisse ub co-enzyme Q10 50ш /0020/,Дагалдах
Swisse ub Fish Oil 1000 mg 400ш /8843/,Дагалдах
Swisse ub Fish Oil үнэргүй 1000 mg 200ш /8270/,Дагалдах
Swisse ub Joint Pain Үе мөчний үрэвслийн эсрэг витамин 90ш /6374/,Дагалдах
Swisse ub Витамин 250ш /9246/,Дагалдах
Swisse ub Витамин 400ш /5476/,Дагалдах
Swisse ub Витамин 60ш /8492/,Дагалдах
Swisse ub коллаген 60ш /2907/,Дагалдах
Swisse ub Магни 60ш /8508/,Дагалдах
Swisse ub Нойрны витамин 100ш /8249/,Дагалдах
Swisse ub Нойрны витамин 60ш /7617/,Дагалдах
Swisse ub Төмөр 30ш /8522/,Дагалдах
Swisse ub Түрүү булчирхайн витамин 50ш /7600/,Дагалдах
Swisse ub Эмэгтэй үсний витамин 60ш /1153/,Дагалдах
Swisse ub Эрэгтэй үсний витамин 60ш /1146/,Дагалдах
Swisse Ultivite Өсвөр насны охидын мультивитамин /7235/,Дагалдах
Swisse Ultivite Өсвөр насны хөвгүүдийн мультивитамин /7242/,Дагалдах
swisse Ultivite Хүүхдийн мультивитамин 90ш,Дагалдах
Swisse Ultivite Эмэгтэйчүүдийн мультивитамин 60ш /6766/,Дагалдах
Swisse Ultivite Эрэгтэйчүүдийн мультивитамин 60ш /6728/,Дагалдах
Swisse Ultivite Эрэгтэйчүүдийн мультивитамин 120ш /8800/,Дагалдах
Swisse UN Жирэмслэхийн өмнө болон жирэмсэн үеийн мультивитамин 180ш /1825/,Дагалдах
Swisse UN Хөхүүл эхийн витамин /1788/,Дагалдах
Swisse хүүхдийн загасны тос 60ш /3010/,Дагалдах
Swisse хүүхдийн кальци 60ш /3072/,Дагалдах
Swisse Хүүхдийн мульти гамми 60ш /5731/,Дагалдах
Swisse Хүүхдийн мультивитамин 60ш /3171/,Дагалдах
Swisse Хүүхдийн нүдний витамин 60ш/3140/,Дагалдах
Target active 450гр 0984,Дагалдах
Target coconut 450гр 6535,Дагалдах
Target kiwi apple 450гр 6764,Дагалдах
Target mango 450гр 3862,Дагалдах
Target Maximum 450гр 2025,Дагалдах
Target orignal 450гр 1004,Дагалдах
Target peach 450 мл,Дагалдах
Target peach 450 мл ,Дагалдах
Target zero 450гр 3886,Дагалдах
Tayo Тоор болон гүзээлзгэний амттай №1000,Дагалдах
Tayo Тоорын амттай витаминтай чихэр №40,Дагалдах
Tayo Халуун бууруулах наалт №6,Дагалдах
Tealog apple green grape iced tea zero 500мл дис /5925/,Дагалдах
Tealog flat peach iced tea Zero 500мл дис /4447/,Дагалдах
Tealog green tangerine iced tea zero 500мл дис /4430/,Дагалдах
Tealog ruby plum iced tea zero 500мл дис /5932/,Дагалдах
Tealog Ice tea flat peach sparkling can дис /5109/,Дагалдах
Tealog Ice tea gold apple can sparkling can дис /5116/,Дагалдах
TENGA Pocket секс хэрэгсэл block +21 /4166/,Дагалдах
TENGA Pocket секс хэрэгсэл биржгэр +21 /4159/,Дагалдах
TENGA Pocket секс хэрэгсэл долгионтой +21 /4142/,Дагалдах
TENGA VIO Ариун цэвэр шийт эр 10ш +21 /2654/,Дагалдах
TENGA вакум аяга кобальт бөгжтэй эр +21 /2692/,Дагалдах
TENGA вакум аяга секс хэрэгсэл эр +21 /2449/,Дагалдах
TENGA вакум секс хэрэгсэл мөнгөн +21 /2685/,Дагалдах
TENGA Зөөлөн аяга секс хэрэгсэл эр +21 /2456/,Дагалдах
TENGA Өндгөн секс хэрэгсэл +21 /0889/,Дагалдах
TENGA Өндгөн секс хэрэгсэл mesh +21 /0872/,Дагалдах
TENGA Өндгөн секс хэрэгсэл wind +21 /0858/,Дагалдах
TENGA Премиум вакум хэрэгсэл эр +21 /4979/,Дагалдах
TENGA Эр чийгшүүл play gel direct +21 /3374/,Дагалдах
TENGA Эр чийгшүүл play gel натурал +21 /3367/,Дагалдах
TENGA Эр чийгшүүлэгч play gel өтгөн +21 /3350/,Дагалдах
Topicream хүүхдийн чийгшүүлэх сүүн тос 200гр,Дагалдах
Topicrem - AC тослог тэнцвэржүүлэх бактерийн эсрэг тос 40 мл,Дагалдах
Topicrem - AC үрэвслийг эрчимтэй хянах бактерын эсрэг серум,Дагалдах
"Topicrem 2in1l/Хүүхдийн үс, бие угаагч /1906 500мл",Дагалдах
Topicrem 3т1 гүн цэвэрлэгч ус  3214 400гр,Дагалдах
Topicrem 3т1 гүн цэвэрлэгч ус 3214 400гр,Дагалдах
Topicrem 3т1 цэвэрлэгч ус 2378 200мл,Дагалдах
Topicrem AC Mattifying Care/Үрэвсэлтэй арьс эмчлэх тос /3573 40мл,Дагалдах
Topicrem AC батга хатаах шавран маск / 4198 50мл,Дагалдах
Topicrem AH3 Хөгшрөлтийн эсрэг зовхины тос 15 мл,Дагалдах
"Topicrem Calm+ нарны тос SPF50+, 40мл",Дагалдах
"Topicrem Calm+ тайвшруулах зөөлөн тос /эмзэг, энгийн, холимог/ 40 мл",Дагалдах
"Topicrem Calm+тайвшруулах тос /холимог, тослог/2996 40гр",Дагалдах
"Topicrem Calm+тайвшруулах тос /эмзэг, хуурай/ 2972 40мл",Дагалдах
Topicrem Calm+тайвшруулах 3т1цэвэрлэгч /эмзэг/  3924 200мл,Дагалдах
Topicrem Calm+тайвшруулах 3т1цэвэрлэгч /эмзэг/ 3924 200мл,Дагалдах
Topicrem Cica repair,Дагалдах
Topicrem Cica repair/ Арьсны төрөл бүрийн шарх гэмтэл эдгээх тос /2682 40гр,Дагалдах
"Topicrem DA /Экзем, харшлыг эмчлэх цэвэрлэгч угаагч гель /2835 500гр",Дагалдах
"Topicrem DA /Экзем,харшлын эсрэг тос/2583 200гр",Дагалдах
"Topicrem DA emollient экзем, харшлын тос 75гр",Дагалдах
"Topicrem DA emollient/ Экзем, харшлын эсрэг тос /2736 500гр",Дагалдах
Topicrem DA нүүрний тос 40 мл 4556,Дагалдах
Topicrem Global Anti-aging fluid 40 ml,Дагалдах
Topicrem Global Anti-aging serum 30 ml 3856,Дагалдах
Topicrem sun screen бүх төрлийн арьсны чийгшүүлэх нарны тос SPF50+ 50 мл 3+,Дагалдах
Topicrem ultra moisturizing shower gel /4389 1000мл,Дагалдах
Topicrem um serum Гүн чийгшүүлэх серум/3443 30мл,Дагалдах
"Topicrem UR30 хайрст үлд, хуурайшилтын эсрэг гуужуулах тос 75 мл /4532/",Дагалдах
Topicrem АС мецилар ус /4488 200мл,Дагалдах
Topicrem АС мецилар ус /4495 400мл,Дагалдах
Topicrem бүх төрлийн арьсны шүршдэг нарны тос SPF50+ 150мл,Дагалдах
Topicrem гүн чийгшүүлэгч гарын тос /3252 50мл,Дагалдах
Topicrem гүн чийгшүүлэх биеийн тос 200гр,Дагалдах
Topicrem гүн чийгшүүлэх гялалздаг /алтлаг/ тос 200мл/2880/,Дагалдах
Topicrem зовхины тос /3993 15мл,Дагалдах
"Topicrem нөсөө толбо арилгах, цайруулах  серум /1388/",Дагалдах
"Topicrem нөсөө толбо арилгах, цайруулах серум /1388/",Дагалдах
"Topicrem нөсөө толбо арилгах, цайруулах өдрийн тос /2477/",Дагалдах
"Topicrem Нөсөө толбо арилгах, цайруулах шөнийн тос 2484 40мл",Дагалдах
Topicrem сэвх нөсөөтэй арьсны цайруулах маск 50мл/ 4587/,Дагалдах
Topicrem тослог арьсны ариутган цэвэрлэгч /3269 400мл,Дагалдах
Topicrem тослог арьсны ариутган цэвэрлэгч гель /2774 200мл,Дагалдах
"Topicrem Үс, бие, нүүр цэвэрлэгч гель /2415 500мл",Дагалдах
Topicrem Хуурай арьсны гуужуулагч /2873 200мл,Дагалдах
Topicrem хуурай арьсны сүүн шингэн /2910 200мл,Дагалдах
Topicrem Хуурай арьсны угаагч гель 200мл Нүүр цэвэрлэгч /2408/,Дагалдах
Topicrem чийгшүүлэгч биеийн лосьон 500мл,Дагалдах
Topicrem чийгшүүлэгч уруулын бальзам/2446,Дагалдах
Topicrem чийгшүүлэх нарны тос 40 мл /4907/,Дагалдах
Topicrem чийгшүүлэх нарны тос SPF50+ 200мл /5249/,Дагалдах
Topicrem чийгшүүлэх хөлийн тос 75 мл,Дагалдах
Topicrem Эмчилгээний сүүн шампунь/2323 500мл,Дагалдах
Torras шоколад кофетой хар 100гр,Дагалдах
"Turmeric Liver Extract элэг хоргүйжүүлэх ,цөс ялгаралт №1 /0683/",Дагалдах
Tymbark exotic boost- calamansi apple orange 200g,Дагалдах
Tymbark exotic boost- calamansi apple orange 200g ,Дагалдах
Tymbark exotic jungle shot- kaki apple pear banana 200g,Дагалдах
Tymbark exotic jungle shot- kaki apple pear banana 200g ,Дагалдах
Tymbark exotic tropical vibes-cactus apple lime 200g,Дагалдах
Tymbark exotic tropical vibes-cactus apple lime 200g ,Дагалдах
"Tymbark алим, банана, вит-с 200гр",Дагалдах
"Tymbark алим, банана,лемон 200гр",Дагалдах
"Tymbark алим, манго, тоор, банана 200гр",Дагалдах
Tymbark mously flakes-semolina 170gr /0109/,Дагалдах
Tymbark mously millet-mango 170gr /0093/,Дагалдах
"Tymbark алим, банана, оранж вит-с 100гр",Дагалдах
"Tymbark алим, гүзээлзгэнэ 100гр",Дагалдах
"Tymbark алим, манго, банана , вит-с 120гр",Дагалдах
"Tymbark манго, банана, лууван 100гр",Дагалдах
"устгах Tymbark алим, гүзээлзгэнэ 100гр",Дагалдах
UHA  Кальци 20 өдөр /4930/,Дагалдах
UHA Кальци 20 өдөр /4930/,Дагалдах
UHA Витамин D 20ш /0022/,Дагалдах
UHA Витамин DHA EPA 20 өдөр /4992/,Дагалдах
UHA Витамин С 20ш /9958/,Дагалдах
UHA Витамин С 30ш /1685/,Дагалдах
UHA Коллаген 14 өдөр /2407/,Дагалдах
UHA Мультвитамин 30 өдөр шинэ /9737/,Дагалдах
UHA Төмөр 20 өдөр /5542/,Дагалдах
"UHA Төмөр, фолийн хүчил 10 өдөр /0268/",Дагалдах
"UHA Төмөр, фолийн хүчил 10 өдөр /0268/ ",Дагалдах
"UHA Төмөр, фолийн хүчил 20 өдөр /0060/",Дагалдах
"UHA Төмөр, фолийн хүчил 30 өдөр /1807/",Дагалдах
UHA Хайлдаг Витамин С чихэргүй 30 өдөр /5927/,Дагалдах
UHA Хормын төдийд витамин витамин Д 30 өдөр /7620/,Дагалдах
UHA Хормын төдийд төмөр 30 өдөр /7955/,Дагалдах
UHA Хүүхдийн витамин DHA 20 өдөр /6846/,Дагалдах
UHA Хүүхдийн витамин DHA 20 өдөр /6846/ ,Дагалдах
UHA Хүүхдийн витамин төмөр 20 өдөр /6778/,Дагалдах
UHA Цайр  гүзээлзгэнэ амт 20өдөр /6855/,Дагалдах
UHA Цайр гүзээлзгэнэ амт 20өдөр /6855/,Дагалдах
UHA Цайр 10 өдөр /4983/,Дагалдах
UHA Цайр 30 өдөр /4365/,Дагалдах
Ultra max ацх 150мм 30ш,Дагалдах
Ultra max ацх 240мм 10ш,Дагалдах
Ultra max ацх 260мм 10ш,Дагалдах
Ultra max ацх 280мм 8ш,Дагалдах
UNI  Zoo Бактер+ Кальци+ Вит Д  40ш /1306/,Дагалдах
UNI Zoo Бактер+ Кальци+ Вит Д 40ш /1306/,Дагалдах
UNI  Zoo Витамин С 40ш /1337/,Дагалдах
UNI Zoo Витамин С 40ш /1337/,Дагалдах
UNI  Zoo Мультивитамин 40ш /1320/,Дагалдах
UNI Zoo Мультивитамин 40ш /1320/,Дагалдах
UNI  Zoo төмөр фолийн хүчил 40ш /1313/,Дагалдах
UNI Zoo төмөр фолийн хүчил 40ш /1313/,Дагалдах
UNI Acai Смүүти  200g /7369/,Дагалдах
UNI Acai Смүүти 200g /7369/,Дагалдах
UNI DHA EPA хүүхдийн витамин 90ш /0927/,Дагалдах
UNI IQ DHA  иштэй чихэр /0804/,Дагалдах
UNI IQ DHA иштэй чихэр /0804/,Дагалдах
UNI Nobi спирулна өсөлт витамин 150г /1573/,Дагалдах
UNI ZOO Витамин С  150ш /0453/,Дагалдах
UNI ZOO Витамин С 150ш /0453/,Дагалдах
UNI ZOO Кальци гэдэс бактер 150ш /2892/,Дагалдах
UNI Zoo коллаген тоор серамид 150ш /2960/,Дагалдах
UNI ZOO Коллаген хиал эхэс  150ш /2908/,Дагалдах
UNI ZOO Коллаген хиал эхэс 150ш /2908/,Дагалдах
UNI ZOO Мультивитамин 150ш /0460/,Дагалдах
UNI Zoo Төмрийн бэлдмэл /0446/,Дагалдах
UNI Кальци лактоз иштэй чихэр /0828/,Дагалдах
UNI Хүүхдийн мульти витамин 100ш /0767/,Дагалдах
Unimat  анар & Асаи Смүүти Желе 10гр*14ш /2519/,Дагалдах
Unimat анар & Асаи Смүүти Желе 10гр*14ш /2519/,Дагалдах
"UNIMAT  Хүүхдийн гоймон кальци, бактеритай",Дагалдах
"UNIMAT Хүүхдийн гоймон кальци, бактеритай",Дагалдах
UNIMAT  Хүүхдийн гоймон омегатай /1214/,Дагалдах
UNIMAT Хүүхдийн гоймон омегатай /1214/,Дагалдах
UNIMAT IQ DHA  иштэй чихэр 8ш /0880/,Дагалдах
UNIMAT IQ DHA иштэй чихэр 8ш /0880/,Дагалдах
UNIMAT Кальци лактоз иштэй чихэр 8ш /0897/,Дагалдах
Unimat ZOO Витамин D 150ш /3028/,Дагалдах
Unimat анар болон асай жимстэй  смүүти /1597/,Дагалдах
Unimat анар болон асай жимстэй смүүти /1597/,Дагалдах
"UNIMAT Витамин А, корцетин /1221/",Дагалдах
Unimat киви & Ногоо Смүүти Желе 10гр*14ш /2526/,Дагалдах
"UNIMAT Хүүхдийн DHA, витамин Д /1207/",Дагалдах
UNIMAT Хүүхдийн ногооны жигнэмэг /1238/,Дагалдах
UNIMAT Хүүхдийн нэрстэй жигнэмэг /1245/,Дагалдах
"Unimat чиа үр, авакодатай смүүти /1603/",Дагалдах
Urgana адууны эхэстэй зовхины тос 20мл,Дагалдах
Urgana адууны эхэстэй нүүрний тос 50мл,Дагалдах
Urgana амны цацлага,Дагалдах
Urgana аяга таваг угаагч 1л,Дагалдах
Urgana аяга таваг угаагч 5л,Дагалдах
Urgana аяга таваг угаагч шингэн 500мл,Дагалдах
Urgana бактерийн эсрэг гарын шингэн саван 250мл,Дагалдах
Urgana ургамалын гаралтай гарын шингэн саван 250мл,Дагалдах
Urgana бактерийн эсрэг гарын шингэн саван 500мл,Дагалдах
Urgana бактерийн эсрэг шингэн саван 5л,Дагалдах
Urgana биеийн шингэн саван 5л,Дагалдах
Urgana бүх төрлийн шарах угаах шингэн саван 250мл,Дагалдах
Urgana бүх төрлийн шарах угаах шингэн саван 500мл,Дагалдах
Urgana ургамалын гаралтай гарын шингэн саван 500мл,Дагалдах
Urgana үсний тоник 250мл,Дагалдах
Urgana халгайн тос 100мл,Дагалдах
Urgana хэт авианы гель 5л,Дагалдах
Urgana шал угаагч шингэн 1л,Дагалдах
Urgana шал угаагч шингэн 5л,Дагалдах
Urgana шампунь бүх төрлийн 5л,Дагалдах
Urgana шар тостой биеийн тос 200мл,Дагалдах
Urgana шар тостой гарын тос 50мл,Дагалдах
Urgana эрчимтэй арчилгааны шампунь 500мл,Дагалдах
Uriage  халуун рашаан 300мл,Дагалдах
Uriage халуун рашаан 300мл,Дагалдах
Uriage  халуун рашаан 50мл,Дагалдах
Uriage халуун рашаан 50мл,Дагалдах
Uriage AGE ABSOLU коллагентай хөгшрөлтийн эсрэг серум 30мл /9976/,Дагалдах
Uriage AGE ABSOLU коллагентай хөгшрөлтийн эсрэг унтлагын маск 50мл /9198/,Дагалдах
Uriage age lift арьс чангалах серум 30мл /9273/,Дагалдах
Uriage age lift зовхины  тос чангалах үйлчилгээтэй  15мл /9211/,Дагалдах
Uriage age lift зовхины тос чангалах үйлчилгээтэй 15мл /9211/,Дагалдах
Uriage age lift хөгшрөлтийн эсрэг арьс чангалагч өдрийн тос тослог ба холимог арьсны 40мл /9266/,Дагалдах
Uriage baby  хүүхдийн нуралтын эсрэг тос 100мл /8597/,Дагалдах
Uriage baby хүүхдийн нуралтын эсрэг тос 100мл /8597/,Дагалдах
Uriage baby 1st spray хүүхдийн тайвшруулах нөхөн сэргээх спрей цайр+зэс 100мл /8641/,Дагалдах
Uriage baby хүүхдийн анхны шампунь 200мл /8627/,Дагалдах
Uriage baby хүүхдийн минералтай нарны тос SPF50+  50мл /5725/,Дагалдах
Uriage baby хүүхдийн минералтай нарны тос SPF50+ 50мл /5725/,Дагалдах
Uriage baby хүүхдийн халуун рашаан 150мл /5732/,Дагалдах
Uriage baby хүүхдийн цэвэрлэгч усан 500мл /8719/,Дагалдах
Uriage baby хүүхдийн чийгшүүлэгч cүүн шингэн 500мл /8610/,Дагалдах
Uriage BARIEDERM CICA CREAM SPF50 гэмтэлтэй арьсны нарны тос 40мл /6548/,Дагалдах
Uriage BARIEDERM CICA-CREAM арьс нөхөн сэргээх тос 40мл /4735/,Дагалдах
Uriage bariesu нарны цацлага SPF30+ 200мл /8375/,Дагалдах
Uriage bariesun нарны хамгаалалттай чийгшүүлэгч хуурай цацлага  SPF50+ 200мл /6500/,Дагалдах
Uriage bariesun нарны хамгаалалттай чийгшүүлэгч хуурай цацлага SPF50+ 200мл /6500/,Дагалдах
Uriage bariesun нөсөө толбоны эсрэг SPF50+ 40мл /8917/,Дагалдах
Uriage bariesun хөнгөн бүтэцтэй нарны тос SPF 50+ 30мл /9495/,Дагалдах
Uriage bariesun чийгшүүлэх нарны тос SPF50+ 50мл /8368/,Дагалдах
Uriage CICA DAILY нөхөн сэргээх чийгшүүлэх гэлэн тос 40мл /1924/,Дагалдах
Uriage depiderm зовхины тос нүдний хар хүрээ бүдгэрүүлэх 15мл /9792/,Дагалдах
Uriage depiderm нөсөө толбо бүдгэрүүлж арьсыг гэрэлтүүлэх серум 30мл /9754/,Дагалдах
"Uriage hyseac батгатай арьсны тослог тэнцвэржүүлж, нөхөн төлжүүлэх серум 30мл /0101/",Дагалдах
Uriage depiderm нөсөө толбоны эсрэг эрчимтэй цайруулах шөнийн тос 30мл /9761/,Дагалдах
Uriage depiderm сэвх нөсөөний эсрэг нарны хамгаалалттай өдрийн тос SPF50+ 30мл /9778/,Дагалдах
Uriage depiderm цайруулах хөөсөн цэвэрлэгч  100мл /9785/,Дагалдах
Uriage depiderm цайруулах хөөсөн цэвэрлэгч 100мл /9785/,Дагалдах
Uriage gyn-8 эмэгтэйчүүдийн тайвшруулах эмчилгээний савангүй угаагч гель 100мл /1062/,Дагалдах
Uriage gyn-phy intimate эмэгтэйчүүдийн гелэн угаагч өдөр тутам хэрэглэх 200мл /5268/,Дагалдах
Uriage gyn-phy intimate эмэгтэйчүүдийн мист 50мл /6289/,Дагалдах
Uriage hyseac батга хатаагч гель 15мл,Дагалдах
Uriage hyseac батгатай арьсны нүх агшаах тонер 250мл /0125/,Дагалдах
Uriage hyseac батгатай арьсны саван 100г /4568/,Дагалдах
Uriage hyseac батгатай арьсны цэвэрлэгч гель 150мл/0973/,Дагалдах
Uriage hyseac батгатай арьсны чийгшүүлэх тос 40мл /0040/,Дагалдах
Uriage pruriced захтнаа намдаах гелэн түрхлэг 100мл,Дагалдах
"Uriage pruriced шумуулын тайвшруулах гель, төмөр хошуутай 15мл",Дагалдах
Uriage xemose  чийгшүүлэгч уруулын тос 4г,Дагалдах
Uriage xemose чийгшүүлэгч уруулын тос 4г,Дагалдах
Uriage xemose псориазид зориулсан тайвшруулах нөхөн сэргээх тос 150мл,Дагалдах
Uriage xemose хэт хуурайшилттай эмзэгшсэн арьсны зөөлөн тосон цэвэрлэгч  200мл,Дагалдах
Uriage xemose хэт хуурайшилттай эмзэгшсэн арьсны зөөлөн тосон цэвэрлэгч 200мл,Дагалдах
Uriage xemose эмзэгшил намдаах  цацлага 200мл,Дагалдах
Uriage xemose эмзэгшил намдаах цацлага 200мл,Дагалдах
Uriage xemose эмзэгшсэн хэт хуурайшилттай арьсны тайвшруулах бальзам 200мл,Дагалдах
Uriage батгатай арьсны нүх агшаах тонер 250мл /8306/,Дагалдах
Uriage батгатай арьсны тослог тэнцвэржүүлэх эмульс 40мл /1734/,Дагалдах
Uriage батгатай арьсны чийгшүүлж тайвшруулах тос 40мл,Дагалдах
Uriagel care батгатай арьсны чийгшүүлж тайвшруулах тос 40мл /0088/,Дагалдах
Uriage уруулын тос чийгшүүлэгч  4г,Дагалдах
Uriage уруулын тос чийгшүүлэгч 4г,Дагалдах
Uriage халуун рашаан 150мл,Дагалдах
Uriage халуун рашаантай  мицелляр цэвэрлэгч  энгийн  болон хуурай арьсны 250мл,Дагалдах
Uriage халуун рашаантай мицелляр цэвэрлэгч энгийн болон хуурай арьсны 250мл,Дагалдах
Uriage халуун рашаантай  нүүрний тос чийгшүүлэх  50мл,Дагалдах
Uriage халуун рашаантай нүүрний тос чийгшүүлэх 50мл,Дагалдах
Uriage халуун рашаантай зовхины тос чийгшүүлэх  15мл,Дагалдах
Uriage халуун рашаантай зовхины тос чийгшүүлэх  15мл ,Дагалдах
Uriage халуун рашаантай зовхины тос чийгшүүлэх 15мл,Дагалдах
Uriage халуун рашаантай мицелляр цэвэрлэгч эмзэг арьсны 100мл,Дагалдах
Uriage халуун рашаантай мицелляр цэвэрлэгч энгийн хуурай арьсны 100мл,Дагалдах
"Uriage халуун рашаантай нүүрийн будаг арилгах гель, jelly 150 мл",Дагалдах
Uriage халуун рашаантай серум эрчимтэй чийгшүүлэх  30мл,Дагалдах
Uriage халуун рашаантай чийгшүүлэх гарын тос 50мл,Дагалдах
Uriage хөөсөн цэвэрлэгч 150 мл,Дагалдах
Uriage хөөсөн цэвэрлэгч 150 мл ,Дагалдах
Vaselina Lip Rosy 7гр,Дагалдах
Vaseline Pet Jelly 100мл,Дагалдах
Vaseline Pet Jelly 12* 50мл,Дагалдах
VITA 500 Low Sugar сахаргүй эрүүл мэндийн ундаа 100мл N1,Дагалдах
VITA 500 Royalpolis Зөгийн балтай эрүүл мэндийн ундаа 120мл N1,Дагалдах
VITA 500 Zion Цайртай эрүүл мэндийн ундаа 180мл N1,Дагалдах
Vita 500 витамин С Эрүүл мэндийн ундаа 100мл,Дагалдах
Vitago kids хүүхдийн кальц 223мг 30ш,Дагалдах
Vitago кальц 500мг 20ш,Дагалдах
Vitiskin- Арьс цайх өвчний эмчилгээний тос/3277 50мл,Дагалдах
Vitos shot - Хар саримс 20мл N15,Дагалдах
Vitos SHOT Барагшун Алтангагнуур 20мл N15,Дагалдах
Vitos SHOT Бөөр хамгаалах 20мл N15,Дагалдах
Vitos shot-Барагшун алтангагнуур 20мл N1,Дагалдах
Vitos shot-Бөөр хамгаалах 20мл N1,Дагалдах
Vitos shot-Хар саримс 20мл N1,Дагалдах
"VLT Creme Brulee 32P 7,5гр",Дагалдах
VLT Original 32P 7гр,Дагалдах
"Weleda Arnica массаж тос, 50мл",Дагалдах
Weleda Baby Calendula бие болон үсний шампунь/3127 200мл,Дагалдах
"Weleda Baby Calendula биеийн лосьон, 200мл 3134",Дагалдах
Weleda Baby Calendula нуралтын тос/3103 30мл,Дагалдах
Weleda Baby Calendula нуралтын эсрэг тос 75мл /8311/,Дагалдах
Weleda Baby Calendula нуралтын эсрэг тос 75мл /8311/ ,Дагалдах
Weleda Baby Calendula сүүн угаагч 200мл /6591/,Дагалдах
Weleda Baby Calendula сүүн угаагч 200мл /6591/ ,Дагалдах
Weleda baby calendule бие болон нүүрниы тос 75 мл,Дагалдах
Weleda baby гэдэсний массажны тос 50мл,Дагалдах
"Weleda Baby, биеийн массажны тос 200мл /5365/",Дагалдах
"Weleda Birch целлулит массаж тос, 100мл",Дагалдах
"Weleda Kids бие болон үсний шампунь, жүржтэй, /5114 150мл",Дагалдах
"Weleda kids бие болон үсний шампунь, лаймтай, /5107 150мл",Дагалдах
"Weleda Mama сүү оруулах цай,органик 40гр N1",Дагалдах
"Weleda Mama хярзангийн массажны тос, 50мл",Дагалдах
"Weleda Mama Язралтын эсрэг тос, 150мл",Дагалдах
Weleda mama язралтын эсрэг тос/0777 100мл,Дагалдах
"Weleda Men Хөлс дарагч, 50мл 5228",Дагалдах
"Weleda Skinfood нүүр, биеийн тос light, 75мл - Weleda AG 1491",Дагалдах
"Weleda Skinfood нүүр, биеийн тос rich, 75мл - Weleda AG",Дагалдах
"Weleda Skinfood, 30мл 6481",Дагалдах
"Weleda Лавандатай массажны тос, 100мл",Дагалдах
"Weleda Үсний тэжээлийн тоник, 100мл",Дагалдах
"Weleda Хөлс дарагч анартай, 50мл",Дагалдах
Weleda Шүдний оо фтортой 0+ 50мл /0519/,Дагалдах
Weleda Шүдний оо фтортой 6+ 50мл /8423/,Дагалдах
Xerolan - Эмзэгшсэн арьсны тайвш/нөхөн төлжүүлэх тосон цацлага 9918 150мл,Дагалдах
YelloHana үтрээ цэвэрлэгч гель 10ш,Дагалдах
Yuwa ability цэвэрлэгч оранжи /5473/,Дагалдах
Yuwa хувцас толбо арилгагч 10ш /5626/,Дагалдах
Миллано Baron Сүүтэй шоколад  300гр №1 /MILLANO/,Дагалдах
Миллано Baron Сүүтэй шоколад 300гр №1 /MILLANO/,Дагалдах
А.З Ажигцэрон 10гр,Дагалдах
А.З Алтангагнуур 15гр,Дагалдах
А.З Аньсны навч 10гр,Дагалдах
А.З Борголзонтой цай урга 50гр,Дагалдах
А.З Бөөрний зэхмэл ууттай 15гр,Дагалдах
А.З Бөөрний зэхмэл цай 50гр,Дагалдах
А.З Ганга өвс 10гр,Дагалдах
А.З Даралт бууруулах ууттай 20гр,Дагалдах
А.З Даралт бууруулах цай 50гр,Дагалдах
А.З Зүрхний зэхмэл цай 50гр,Дагалдах
А.З Лидэр өвс 10гр,Дагалдах
А.З Олсорхог халгай 10гр,Дагалдах
А.З Таван салаа 10гр,Дагалдах
А.З Тархины цай 50гр,Дагалдах
А.З түрүү булчирхайн зэхмэл цай /4647/ 76гр,Дагалдах
А.З Ургамал Арц 15гр,Дагалдах
А.З Ургамал Ванжингарав 10гр,Дагалдах
А.З Ургамал Газрын хаг 10гр,Дагалдах
А.З Ургамал Монгол алтан хундага 10гр,Дагалдах
А.З Ургамал Нохойн хошуу 10гр,Дагалдах
А.З Ургамал сөд өвс,Дагалдах
А.З Ургамал Тэхийн шээг 15гр,Дагалдах
А.З Ургамал Цайны хужир 50гр,Дагалдах
А.З Ургамал Цээнийн үндэс 15гр,Дагалдах
А.З Ургамал Шилмүүс 100гр,Дагалдах
А.З Үе мөчний зэхмэл цай 50гр,Дагалдах
А.З Халгайн ханд 120гр,Дагалдах
А.З Хамар угаагч баллон 300гр,Дагалдах
А.З Хамар угаагчны давс 40ш,Дагалдах
А.З Хамар чийгшүүлэгч 70гр,Дагалдах
А.З Ханиадны зэхмэл 10гр,Дагалдах
А.З Ханиадны зэхмэл 50гр,Дагалдах
А.З хатаасан мойл 60гр,Дагалдах
А.З Ходоод нойр булчирхайн 50гр,Дагалдах
А.З Хоолой ам зайлах давс 80гр,Дагалдах
А.З Хоолой ам зайлах сода 100гр,Дагалдах
А.З Хулангийн ундаа 10гр,Дагалдах
А.З Хургандай биеийн тос урга 100гр,Дагалдах
А.З Хуруу лент N100,Дагалдах
А.З Цагаан мөөг 10гр,Дагалдах
А.З Царван 10гр,Дагалдах
А.З цус шингэрүүлэх цай /4654/ 67гр,Дагалдах
А.З цус шингэрүүлэх цай /4654/ 67гр ,Дагалдах
А.З Чихрийн шижингийн цай 50гр,Дагалдах
А.З Шингэн алдалт зогсоох 15гр,Дагалдах
А.З Элэг цөсний зэхмэл 50гр,Дагалдах
А.З Эмэгтэйчүүдийн даавар нөхөх зэхмэл цай /4661/ 65гр,Дагалдах
А.З Юмдүүжин 10гр,Дагалдах
Аарцны ундаа гадил 480мл N1,Дагалдах
Абико мagneloop хуянгийн зүүлт мах хар 50 см,Дагалдах
Абико мagneloop хуянгийн зүүлт мах хар 60 см,Дагалдах
Абико мистио ус лемоны амттай 500мл,Дагалдах
Абико мистио ус усан үзмийн амттай 280мл,Дагалдах
Абико нүүрний хаван буулгах үйлчилгээтэй витамин С /0239/,Дагалдах
Абико ядаргаа тайлах витамин С-тэй Желли /2568 /,Дагалдах
Абико ядаргаа тайлах нэг өдрийн витамин С /0130/,Дагалдах
Агуша каш молоч 20000гр,Дагалдах
Агуша сок алим /яблоко/ 500мл,Дагалдах
Агуша Шахдаг нухаш алим банана жигнэмэг 90гр,Дагалдах
Агуша Шахдаг нухаш банана 90гр,Дагалдах
Агуша Шахдаг нухаш мультифрукт 90гр,Дагалдах
ДП Пюре фр Агуша Ябл-бан-печ 10x90г пауч-пак N1,Дагалдах
Айва жимсний жүүс 250мл /Ermak/,Дагалдах
Алимны жүүс 250мл /Ermak/,Дагалдах
Алим-хүрэн манжингийн жүүс 250мл /Ermak/,Дагалдах
Интоорны жүүс 250мл /Ermak/,Дагалдах
Чангаанзны жүүс 250мл /Ermak/,Дагалдах
Айва жимсний нухаш 175мл /Ermak/,Дагалдах
Алимны нухаш 175мл /Ermak/,Дагалдах
Чангаанзны нухаш 175мл /Ermak/,Дагалдах
Алим хүрэн манжингийн жүүс 100% 640мл /Ermak/,Дагалдах
Алимны жүүс 100% 640мл /Ermak/,Дагалдах
Интоорын жүүс 100% 640мл /Ermak/,Дагалдах
Чангаанзны жүүс 100% 640мл /Ermak/,Дагалдах
Алимны жүүс 1л /Ermak/,Дагалдах
Алим-хүрэн манжингийн жүүс 1л /Ermak/,Дагалдах
Интоорны жүүс 1л /Ermak/,Дагалдах
Чангаанзны жүүс 1л /Ermak/,Дагалдах
Алимны цууны гамми №10,Дагалдах
Алимтай бор будааны өрмөнцөр савхан /2443/,Дагалдах
"Алое вера Гель 99,8%",Дагалдах
Алое найрлагатай уруул эмчилгээний тос /2 ширхэг/,Дагалдах
Алое найрлагатай уруул эмчилгээний тос /2 ширхэг/ ,Дагалдах
Алое найрлагатай уруул эмчилгээний тос /7576/,Дагалдах
Алчуур гар нүүр,Дагалдах
Ам шүдний сальфетка шинэ гүзээлзгэнэ 20ш,Дагалдах
Ам шүдний сальфетка шинэ усан үзэм 20ш,Дагалдах
Амигдалин В17 Ханд 10мл N10,Дагалдах
Амин дэм эрдэс бодисын комплекс DHC Perfect Supplement МV & M шахм N120,Дагалдах
"Амин хүчлийн хүч нунт 2,5гр N30",Дагалдах
Амны хаалт цагаан N40,Дагалдах
Амны хөндийн аяга /7883/,Дагалдах
Аму бүхэл үр шар тостой жигнэмэг /4056/,Дагалдах
"Аму маалинга, наранцэцгийн үртэй жигнэмэг /4230/",Дагалдах
Аму олон үртэй жигнэмэг /4087/,Дагалдах
Аму сахаргүй жигнэмэг /4339/,Дагалдах
Аму чацарганатай жигнэмэг /4995/,Дагалдах
Аму шар тостой жигнэмэг /4018/,Дагалдах
Амуулай багц N3,Дагалдах
Анарын жүүс 1л /Ermak/,Дагалдах
Анарын жүүс 250мл /Ermak/,Дагалдах
Анарын үрийн ханд DHC шахм 500мг N60,Дагалдах
Арау бэби биеийн хөөсөн саван (Запаас) 400мл,Дагалдах
Арау бэби мэдрэг арьсны хөөсөн саван (Запаас) 400мл,Дагалдах
Арау бэби биеийн хөөсөн саван 450мл,Дагалдах
Арау бэби мэдрэг арьсны хөөсөн саван 450мл,Дагалдах
Арау бэби жирэмсэн үеийн биеийн тос 250гр,Дагалдах
Арау бэби нярайн биеийн сүүн лосьон  (Запаас) 260мл,Дагалдах
Арау бэби нярайн биеийн сүүн лосьон (Запаас) 260мл,Дагалдах
Арау бэби нярайн биеийн сүүн лосьон 300мл,Дагалдах
Арау бэби угаалгын шингэн саван (Запаас) 720мл,Дагалдах
Арау бэби үнэргүй угаалгын шингэн саван (Запаас) 720мл,Дагалдах
Арау бэби хүүхдийн угж угаагч 500мл,Дагалдах
Арау бэби угаалгын шингэн саван 800мл,Дагалдах
Арау бэби үнэргүй угаалгын шингэн саван 800мл,Дагалдах
Арау бэби хүүхдийн хувцас угаах саван 110гр,Дагалдах
Арвайн цай 15ш,Дагалдах
Ариутан ариутан гель 30мл шинг N1,Дагалдах
Ариутан Ариутгах халдваргүйжүүлэх шингин 1л N1,Дагалдах
Ариутан Ариутгах халдваргүйжүүлэх шингэн 250мл N1,Дагалдах
Ариутан Ариутгах халдваргүйжүүлэх шингэн 50мл N1,Дагалдах
Ариутан денатрут 50мл,Дагалдах
Ариутан денатрут спирт 1л,Дагалдах
Ариутан денатрут спрей 250мл,Дагалдах
Артишок ундаа 250мл ногоон,Дагалдах
Артишок ундаа 250мл цэнхэр,Дагалдах
асаяки гэмтэлтэй үсний ангижруулагч 400мл \4910\,Дагалдах
асаяки гялалзуулагчтай ангижруулагч 400мл \4934\,Дагалдах
асаяки хуйхны эмчилгээний ангижруулагч 400мл,Дагалдах
асаяки шулуутгагчтай ангижруулагч 400мл \4897\,Дагалдах
асаяки гэмтэлтэй үсний шампунь 400мл,Дагалдах
асаяки гялалзуулагчтай шампунь 400мл,Дагалдах
асаяки хуйхны эмчилгээний шампунь 450мл,Дагалдах
асаяки шулуутгагчтай шампунь 400мл \4880\,Дагалдах
Асури ам арчилгааны багц,Дагалдах
Асури ам зайлагч 20ш,Дагалдах
Асури аяллын багц цүнхтэй,Дагалдах
Асури далайн давстай шүдний оо,Дагалдах
Асури нэмэлт толгойтой шүдний утастай багц,Дагалдах
Асури толбо арилгагч 20ш,Дагалдах
Асури толбо арилгагч 30ш,Дагалдах
Асури толгой хамгаалагчтай хүүхдийн сойз,Дагалдах
Асури фтортой хүүхдийн шүдний оо,Дагалдах
Асури хөлс арилгах нойтон сальфетка 10ш,Дагалдах
Асури хүүхдийн багц,Дагалдах
Асури хэл цэвэрлэгчтэй багц,Дагалдах
Атекс хамгаалалт бугуй L/XL N1,Дагалдах
Ашигтай бактер DHC Goodthru нунт N30,Дагалдах
Аяга таваг угаагч шингэн Жимстэй 500г /Lion Corp./+,Дагалдах
Аяга таваг угаагч шингэн Жимстэй 500г /Lion Corp./дис,Дагалдах
Аяга таваг угаагч шингэн Ногоон цайтай 500г /Lion Corp./ дис,Дагалдах
Аяга таваг угаагч шингэн Ногоон цайтай 500г /Lion Corp./+,Дагалдах
Аялалын сэт №5 /гранд төгс ха/,Дагалдах
Багц оймс бор 1нас /эсү 6901/,Дагалдах
Багц оймс бор 2нас /эсү 9209/,Дагалдах
Багц оймс бор 3нас /эсү 9216/,Дагалдах
Багц оймс цэнхэр 1нас /эсү 6895/,Дагалдах
Багц оймс цэнхэр 2нас /эсү 9179/,Дагалдах
Багц оймс цэнхэр 3нас /эсү 9162/,Дагалдах
Багц оймс ягаан 1нас /эсү 6888/,Дагалдах
Багц оймс ягаан 2нас /эсү 9155/,Дагалдах
Багц оймс ягаан 3нас /эсү 9162/,Дагалдах
Багц Хүүхдийн баярын /эмэгтэй/,Дагалдах
Багц Хүүхдийн баярын /эрэгтэй/,Дагалдах
Байгалийн гаралтай нуралтын тос,Дагалдах
Байгалийн гаралтай хүүхдийн цацлага 125гр,Дагалдах
Балжингаравын цай 10ш,Дагалдах
Бананатай бор будааны цагирган өрмөнцөр /2009/,Дагалдах
Банхар тоглоом дугардаг,Дагалдах
Барагшунтай зөгийн балтай цай N10,Дагалдах
Барагшунтай зөгийн балтай цай N5 +,Дагалдах
Барагшунтай эрүүл мэндийн тоник /хор саармагжуулах бүтээгдэхүүн/ N5,Дагалдах
Батганы наалт шөнийн эрчимжүүлсэн /сп/,Дагалдах
"Батончик  ""Бүйлс- цангис жимс"" самар жимстэй  Mindy's 35г.",Дагалдах
"Батончик ""Бүйлс- цангис жимс"" самар жимстэй Mindy's 35г.",Дагалдах
"Батончик ""Кешью  Хулууны үр"" самар жимстэй 35г",Дагалдах
"Батончик ""Кешью Хулууны үр"" самар жимстэй 35г",Дагалдах
"Батончик ""Шоколад-Бүйлс-Апельсин"" самар жимстэй  Mindy's 35г.",Дагалдах
"Батончик ""Шоколад-Бүйлс-Апельсин"" самар жимстэй Mindy's 35г.",Дагалдах
Ванил кокос Батончик fitnes Shock 35гр,Дагалдах
Батончик бүрхүүлтэй уурагтай onlyfit /8032/,Дагалдах
Батончик бүрхүүлтэй уурагтай кокос onlyfit /8056/,Дагалдах
Батончик бүрхүүлтэй уурагтай шоколад onlyfit /8100/,Дагалдах
Белла ideale regulan 80гр,Дагалдах
Белла ultra biue 10new,Дагалдах
Белла ацх green perpucta ultra silky drai 235мм N10,Дагалдах
Белла ацх шөнө perpucta ultra silky drai 315 N7,Дагалдах
Белла нүүр хөвөн N50,Дагалдах
Белла нүүрний хөвөн 40+120 /new /,Дагалдах
Белла нүүрний хөвөн 80+30,Дагалдах
Белла нүүрний хөвөн N25,Дагалдах
Берривит Таамий Жо Жо  Чацарганатай үзэмтэй үрэл 60гр N1,Дагалдах
Берривит Таамий Жо Жо Чацарганатай үзэмтэй үрэл 60гр N1,Дагалдах
Берривит үрэл ааруул /аньстай/ 60гр N1,Дагалдах
Берривит үрэл ааруул /тарагтай/ 60гр N1,Дагалдах
Берривит үрэл ааруул /чацарганатай/ 60гр N1,Дагалдах
Берривит үрэл аньс /үзэмтэй/ 60гр,Дагалдах
БерриВит үрэл нэрс /үзэмтэй/ 60гр N1,Дагалдах
Берривит үрэл чацаргана /үзэмтэй/ 60гр N1,Дагалдах
БерриВит үрэл аньс 25гр,Дагалдах
БерриВит үрэл гаа /mint ball/ 25гр,Дагалдах
БерриВит үрэл нэрс 25гр,Дагалдах
БерриВит үрэл чацаргана 25гр,Дагалдах
Берривит үрэл тараг /ааруултай/ 85гр N1,Дагалдах
Биеийн сэрүүцүүлэх цацлага /1292/,Дагалдах
Бийнсталк хүүхдийн ионжуулсан ундаа 8ш /дагалдах /,Дагалдах
Бинно судасны даралт оймс хоншооргүй урт шаргал L,Дагалдах
Бинно судасны даралт оймс хоншооргүй урт шаргал M,Дагалдах
Бинно судасны даралт оймс хоншооргүй урт шаргал S,Дагалдах
Бинно судасны даралт оймс хоншооргүй шаргал M,Дагалдах
Бинно судасны даралт оймс хоншооргүй шаргал S,Дагалдах
Биодерм багц 4ш,Дагалдах
Биодерм угаагч гель 150мл,Дагалдах
Биодерм чийгшүүлэгч тос 50мл,Дагалдах
Биомон алое нүүр угаагч гель 120мл,Дагалдах
Биомон алое нүүр цэвэрлэгч сүүн шингэн 120мл,Дагалдах
Биомон алое чийгшүүлэгч тоник 150мл,Дагалдах
Биомон алое чийгшүүлэгч тос 50мл,Дагалдах
Биомон ангижруулагч гангын хандтай 250мл,Дагалдах
Биомон ангижруулагч гурамсан хандтай 250мл,Дагалдах
Биомон ангижруулагч чихэр өвсний хандтай 250мл,Дагалдах
Биомон гарын тос тэжээлийн 75мл,Дагалдах
Биомон гарын тос чийгшүүлэгч 75мл,Дагалдах
Биомон гарын тос хонины сүүлтэй 50мл,Дагалдах
Биомон кидс биеийн чийгшүүлэгч лосьон 250мл,Дагалдах
Биомон кидс биеийн шингэн саван&шампунь 350мл,Дагалдах
Биомон кидс тэжээлийн тос 100мл,Дагалдах
Биомон кидс тэжээлийн тос 400мл,Дагалдах
Биомон кидс хонины сүүлтэй тос 120мл,Дагалдах
Биомон кидс хонины сүүлтэй тос 250мл,Дагалдах
Биомон кидс цацлага 120мл,Дагалдах
Биомон мицеллар ус 250мл,Дагалдах
Биомон мицеллар ус ногоон цайны хандтай 250мл,Дагалдах
Биомон нарны тос SPF40 45мл,Дагалдах
Биомон нарны тос SPF50+ 50мл,Дагалдах
Биомон хөлийн гелэн түрхлэг 40мл,Дагалдах
Биомон хөлийн цацлага 65гр,Дагалдах
Биомон хүүхдийн багц том,Дагалдах
Биомон шампунь гангын хандтай 10мл,Дагалдах
Биомон шампунь гурамсан хандтай 10мл,Дагалдах
Биомон шампунь чихэр өвсний хандтай 10мл,Дагалдах
Биомон шампунь гангын хандтай 250мл,Дагалдах
Биомон шампунь гурамсан хандтай 250мл,Дагалдах
Биомон шампунь чихэр өвсний хандтай 250мл,Дагалдах
Биомон шампунь гангын хандтай 400мл,Дагалдах
Биомон шампунь гурамсан хандтай 400мл,Дагалдах
Биомон шампунь чихэр өвсний хандтай 400мл,Дагалдах
Биомон шампунь гангын хандтай 560мл,Дагалдах
Биомон шампунь гурамсан хандтай 560мл,Дагалдах
Биомон шампунь чихэр өвсний хандтай 560мл,Дагалдах
Биоплас барагшун 70% 50мл,Дагалдах
Биоплас барагшун 70% 50мл / алтан/,Дагалдах
Боржуми рашаан 330мл /1339/,Дагалдах
Боржуми рашаан 500мл /1346/,Дагалдах
Брэнд-1 Спирулина 100% №2200,Дагалдах
Бумбардай лууван алим 110мл,Дагалдах
Бумбардай лууван банана  110мл,Дагалдах
Бумбардай лууван банана 110мл,Дагалдах
"Бумбардай лууван, гүзээлзгэн 250мл",Дагалдах
"Бумбардай лууван, лийр 250мл",Дагалдах
"Бумбардай лууван, манго 250мл",Дагалдах
"Бумбардай лууван, хулуу 250мл",Дагалдах
Бурамхан исгэлэн 40гр,Дагалдах
Бурамхан самартай 40гр,Дагалдах
Бурамхан сахаргүй 40гр,Дагалдах
Бурамхан холимог 40гр,Дагалдах
Бурамхан чулуу 40гр,Дагалдах
Бүргэд алчуур тоглоом,Дагалдах
Бүргэд алчуур тоглоом ,Дагалдах
Бүтэн боди зузаан 6-9 сар /эсү6567/,Дагалдах
Бүтэн боди зузаан 9-12 сар /эсү 6574/,Дагалдах
Бэлгийн хайрцаг зурагтай /эсү 8516/,Дагалдах
"Бэлгэвч 0,01 улаан",Дагалдах
"Бэлгэвч 0,01 хар",Дагалдах
"Бэлгэвч 0,01 шар",Дагалдах
"Бэлгэвч 0,01 шар ",Дагалдах
Бэлгэвч monster spike condom №1 /0620/,Дагалдах
Бэлгэвч monster spike condom №1 /0637/,Дагалдах
Бэлгэвч monster spike condom №1 /0651/,Дагалдах
Бэлгэвч monster spike condom №1 /0668/,Дагалдах
Бэлгэвч monster spike condom №1 /0736/,Дагалдах
Бэлгэвч monster spike condom №1 /1214/,Дагалдах
Бэлгэвч №3 Recare,Дагалдах
"Бэлэг багц- оо,сойз /грийн гейт /",Дагалдах
Бэлэг Дист1,Дагалдах
Бэлэг дист2,Дагалдах
Бэлэг дист3,Дагалдах
бээлий нэг удаа / сайнаа / эмн/х N50,Дагалдах
Бяслалагтай бор будааны цагирган өрмөнцөр /2016/,Дагалдах
Бяслалагтай үр тарианы ролл /0920/,Дагалдах
"Вазелин  hbl арьсыг сэргээгч, шинэчилэх үйлчилгээтэй биеийн тос 100мл",Дагалдах
"Вазелин hbl арьсыг сэргээгч, шинэчилэх үйлчилгээтэй биеийн тос 100мл",Дагалдах
"Вазелин арьсыг сэргээгч, алоетой биеийн тос",Дагалдах
"Вазелин гүн чийгшүүлж,  гялалзуулах үйлчилгээтэй биеийн тос 100мл",Дагалдах
"Вазелин гүн чийгшүүлж, гялалзуулах үйлчилгээтэй биеийн тос 100мл",Дагалдах
"Вазелин хуурайшсан арьсыг  чийгшүүлж, нөхөн төлжүүлдэг 100мл",Дагалдах
"Вазелин хуурайшсан арьсыг чийгшүүлж, нөхөн төлжүүлдэг 100мл",Дагалдах
Вазелин /50ус/ тос/т 20гр №1,Дагалдах
Вазелин /50ус/ тос/т 25гр,Дагалдах
Вазелин /монэнз/ /Pure petroleum jelly/ 5гр N4,Дагалдах
Вакадо ORS шингэн нөхөх ундаа 125гр,Дагалдах
Вакадо Акуварайто шингэн нөхөх ионжуулсан ундаа,Дагалдах
Вакадо Банантай жигнэмэг 50гр,Дагалдах
Вакадо Кабочя кейк жигнэмэг 50гр \3569\,Дагалдах
Вакадо Сүүтэй вафель 50гр,Дагалдах
Вакадо Тамаго боол жигнэмэг 50гр,Дагалдах
Вакадо Чийз кэйк жигнэмэг 50гр,Дагалдах
Вакадо Олон жимсний хуурай ундаа,Дагалдах
Вакадо Хуурай ундаа буудай 226гр,Дагалдах
Вакадо Хуурай ундаа ногоон цай 226гр,Дагалдах
Ванины алчуур малгайтай /эсү 9329/,Дагалдах
Ванны шилмүүс 150гр /амгаланзаяа/,Дагалдах
"Ваш бон бактерийн эсрэг, ургамлын хөөсөн саван (Запаас) 500мл",Дагалдах
"Ваш бон бактерийн эсрэг, ургамлын хөөсөн саван 310мл",Дагалдах
Вим мед Arex өвчин намдаах наалт 4519 N10 /сп/,Дагалдах
Вим мед Arex өвчин намдаах наалт 4519 N10+,Дагалдах
Вим мед Arex өвчин намдаах наалт 4656 N5 /сп/,Дагалдах
Вим мед Arex өвчин намдаах наалт 4656 N5+,Дагалдах
вим мед arex өвчин намдаах тос 100гр /сп/,Дагалдах
вим мед arex өвчин намдаах тос 100гр+,Дагалдах
Вим мед Gmate Origin сахарын аппарат /сп/,Дагалдах
Вим мед Gmate Origin сахарын аппарат+,Дагалдах
Вим мед Gmate аппаратны тест стрип N50 /сп/,Дагалдах
Вим мед Gmate аппаратны тест стрип N50+,Дагалдах
Вим мед Mongpro Гель /сп/,Дагалдах
Вим мед Mongpro Гель+,Дагалдах
Вим мед Mulindy kid тосон түрхлэг 9919 20гр /сп/,Дагалдах
Вим мед Mulindy kid тосон түрхлэг 9919 20гр+,Дагалдах
Вим мед Naoderm түлэнхийн тос 1332 20гр /сп/,Дагалдах
Вим мед Naoderm түлэнхийн тос 1332 20гр+,Дагалдах
Вим мед North sense Liquid (Deoclean) хөлс дарагч 6116 /сп/,Дагалдах
Вим мед North sense Liquid (Deoclean) хөлс дарагч 6116+,Дагалдах
Вим мед ариун наалт  6*9 №10 /сп /,Дагалдах
Вим мед ариун наалт  6*9 №10+,Дагалдах
Вим мед ариун наалт 6*9 №10 /сп /,Дагалдах
Вим мед ариун наалт 10*10 №50 /сп /,Дагалдах
Вим мед ариун наалт 10*10 №50+,Дагалдах
Вим мед ариун наалт 10*15 №50 /сп/,Дагалдах
Вим мед ариун наалт 10*15 №50+,Дагалдах
Вим мед ариун наалт 10*20 №50 /сп/,Дагалдах
Вим мед ариун наалт 10*20 №50+,Дагалдах
Вим мед ариун наалт 10*25 №50 /сп/,Дагалдах
Вим мед ариун наалт 10*25 №50+,Дагалдах
Вим мед Ариун наалт 10*30 N50 8084 /сп/,Дагалдах
Вим мед Ариун наалт 10*30 N50 8084+,Дагалдах
вим мед ариун наалт 5*7 № 10 /сп/,Дагалдах
вим мед ариун наалт 5*7 № 10+,Дагалдах
вим мед ариун наалт 9*9 № 10 /сп /,Дагалдах
вим мед ариун наалт 9*9 № 10+,Дагалдах
Вим Мед Батганы наалт N45 1643 /сп/,Дагалдах
Вим Мед Батганы наалт N45 1643+,Дагалдах
Вим мед батганы наалт шөнийн эрчимжүүлсэн /1681/ /сп/,Дагалдах
Вим мед бохь juicy fresh N15 /сп/,Дагалдах
Вим мед бохь juicy fresh N15+,Дагалдах
Вим мед бохь spearmint N15 /сп/,Дагалдах
Вим мед бохь spearmint N15+,Дагалдах
Вим мед бохь xylitol хавтгай N12 /сп/,Дагалдах
Вим мед бохь xylitol хавтгай N12+,Дагалдах
Вим мед бохь үлээдэг watta coke N16 /сп/,Дагалдах
Вим мед бохь үлээдэг watta coke N16+,Дагалдах
Вим мед бохь үлээдэг watta green grape N16 /сп/,Дагалдах
Вим мед бохь үлээдэг watta green grape N16+,Дагалдах
Вим мед бохь үлээдэг watta peach N16 /сп/,Дагалдах
Вим мед бохь үлээдэг watta peach N16 +,Дагалдах
Вим мед бохь үлээдэг манготой N16 /сп/,Дагалдах
Вим мед бохь үлээдэг манготой N16+,Дагалдах
"Вим мед бөөрөнхий лент 3,7 N100 /сп/",Дагалдах
"Вим мед бөөрөнхий лент 3,7 N100+",Дагалдах
Вим мед бэбэст хүүхдийн хорсол /сп/,Дагалдах
Вим мед бэбэст хүүхдийн хорсол+,Дагалдах
Вим мед даралтны аппарат 2 хүн санадаг /3687/ /сп/,Дагалдах
Вим мед даралтны аппарат 2 хүн санадаг /3687/+,Дагалдах
Вим мед даралтны аппарат энгийн /3688/ /сп/,Дагалдах
Вим мед даралтны аппарат энгийн /3688/+,Дагалдах
Вим мед дэвсдэг живх  №10 /сп/,Дагалдах
Вим мед дэвсдэг живх  №10+,Дагалдах
Вим мед дэвсдэг живх №10 /сп/,Дагалдах
Вим мед ежимин халдаг хэрэглэл N5+,Дагалдах
Вим мед лаб бенд  №100 /сп/,Дагалдах
Вим мед лаб бенд  №100+,Дагалдах
Вим мед лаб бенд №100 /сп/,Дагалдах
Вим мед наадаг живх L N10 /сп/,Дагалдах
Вим мед наадаг живх L N10+,Дагалдах
Вим мед наадаг живх XL N10 /сп/,Дагалдах
Вим мед наадаг живх XL N10+,Дагалдах
Вим мед Наадаг пад N30 6252 /сп /,Дагалдах
Вим мед Наадаг пад N30 6252+,Дагалдах
Вим мед Нанолет өндөг хатгагч №100 /сп/,Дагалдах
Вим мед Нанолет өндөг хатгагч №100+,Дагалдах
Вим мед нарны тос 1мг 50ш /сп/,Дагалдах
Вим мед нарны тос 1мг 50ш+,Дагалдах
Вим мед нарны тос 50мг /сп/,Дагалдах
Вим мед нарны тос 50мг+,Дагалдах
Вим мед нойтон сальфетик  № 20 /сп/,Дагалдах
Вим мед нойтон сальфетик  № 20+,Дагалдах
Вим мед нойтон сальфетик № 20 /сп/,Дагалдах
Вим мед нойтон сальфетик № 100 /сп/,Дагалдах
Вим мед нойтон сальфетик № 100+,Дагалдах
Вим мед өмсдөг живх  M № 10 /сп/,Дагалдах
Вим мед өмсдөг живх  M № 10+,Дагалдах
Вим мед өмсдөг живх M № 10 /сп/,Дагалдах
Вим мед өмсдөг живх L №10 /сп/,Дагалдах
Вим мед өмсдөг живх L №10+,Дагалдах
Вим мед сорвины тос 2119 N1 /сп/,Дагалдах
Вим мед сорвины тос 2119 N1+,Дагалдах
Вим мед уян зүүний наалт №50 /сп/,Дагалдах
Вим мед уян зүүний наалт №50+,Дагалдах
Вим мед үе мөчний тос 1113 /сп/,Дагалдах
Вим мед үе мөчний тос 1113+,Дагалдах
Вим мед халдаг а/ц хэрэглэл 50шт /сп/,Дагалдах
Вим мед халдаг а/ц хэрэглэл 50шт +,Дагалдах
Вим мед хатигны наалт /0110/ N3 /сп/,Дагалдах
Вим мед хатигны наалт /0110/ N3+,Дагалдах
Вим мед хелико бактер устгагч 100мл /сп/,Дагалдах
Вим мед хелико бактер устгагч 100мл+,Дагалдах
Вим мед Хөхний памперс шар N60 /сп/,Дагалдах
Вим мед Хөхний памперс шар N60+,Дагалдах
Вим мед Хөхний памперс ягаан N60 /сп/,Дагалдах
Вим мед Хөхний памперс ягаан N60+,Дагалдах
Вим мед хуруу лент 73*18мм №10 /сп/,Дагалдах
Вим мед хуруу лент 73*18мм №10+,Дагалдах
Вим мед хуруу лент N22 /сп/,Дагалдах
Вим мед хуруу лент N22+,Дагалдах
Вим мед хуруу лент усны хамгаалттай 65*25мм №10 /сп/,Дагалдах
Вим мед хуруу лент усны хамгаалттай 65*25мм №10+,Дагалдах
Вим мед хуруу лент усны хамгаалттай №10 /сп/,Дагалдах
Вим мед хуруу лент усны хамгаалттай №10+,Дагалдах
Вим мед Хуруу лент энгийн N10 2828 /сп/,Дагалдах
Вим мед Хуруу лент энгийн N10 2828+,Дагалдах
Вим мед хүүхдийн амны нойтон сальфетик 3316 N25 /сп/,Дагалдах
Вим мед хүүхдийн амны нойтон сальфетик 3316 N25+,Дагалдах
Вим мед хүүхдийн клизм N2 /сп/,Дагалдах
Вим мед хүүхдийн клизм N3+,Дагалдах
Вим мед хүүхдийн хуруу лент N8 /сп /,Дагалдах
Вим мед хүүхдийн хуруу лент N8+,Дагалдах
Вим мед хүүхдийн шингэн хросол 120мл /3967/ /сп/,Дагалдах
Вим мед хүүхдийн шингэн хросол 120мл /3967/+,Дагалдах
Вим мед хэлний өнгөр цэвэрлэгч /сп/,Дагалдах
Вим мед хэлний өнгөр цэвэрлэгч+,Дагалдах
Вим мед цаасан лент  1 инч /сп/,Дагалдах
Вим мед цаасан лент  1 инч+,Дагалдах
Вим мед цаасан лент 1 инч /сп/,Дагалдах
Вим мед цаасан лент 1/2 инч /сп/,Дагалдах
Вим мед цаасан лент 1/2 инч+,Дагалдах
Вим мед цаасан лент 2инч /сп /,Дагалдах
Вим мед цаасан лент 2инч+,Дагалдах
Вим мед Шил цэвэрлэгч 1671 /сп/,Дагалдах
Вим мед Шил цэвэрлэгч 1671+,Дагалдах
Вим мед шумуулын цацлага /сп/,Дагалдах
Вим мед шумуулын цацлага+,Дагалдах
Вим мед эвэр үүний наалт  4014 N8 /сп/,Дагалдах
Вим мед эвэр үүний наалт  4014 N8+,Дагалдах
Вим мед эвэр үүний наалт 4014 N8 /сп/,Дагалдах
Вим мед эмэгтэйчүүдийн сальфетка N30 /сп/,Дагалдах
Вим мед эмэгтэйчүүдийн сальфетка N30+,Дагалдах
Витамин Д DHC шахм 1000мг N30,Дагалдах
"Витамин Е DHC капс 301,5мг N30",Дагалдах
Витамин С 1200мг N60,Дагалдах
Витамин С DHC капс 1000мг N60,Дагалдах
Витамин С нунт 1500мг N30,Дагалдах
Витамин С1200 21ш япон плас 6958,Дагалдах
Витаминтай иштэй чихэр Immunity multi vitamins И50,Дагалдах
Витаминтай иштэй чихэр Immunity И50,Дагалдах
Витаминтай уурагтай ус 500мл,Дагалдах
Витаминтай фитнес ус 500мл,Дагалдах
Витан С нунтаг N20,Дагалдах
Витафит ph-тай шүлтлэг ус 330мл /1509/,Дагалдах
Витафит ph-тай шүлтлэг ус 850мл /2643/,Дагалдах
ВС100+ретинол нүүрний маск 10ш енко /0080/,Дагалдах
Гарньер Арьс чийгшүүлэх жүржийн найрлагатай нүдний маск г/с бараа 6гр N1,Дагалдах
Гарньер Маска Ткан Дл Глз Увл Упругость 6гр,Дагалдах
Гарньер бүх төрлийн арьсанд зориулсан гиалуроны хүчил агуулсан 400мл /6554/,Дагалдах
Гарньер бүх төрлийн арьсанд зориулсан гурвалсан үйлчилгээтэй мицеллийн ус 3в1 г/с бараа 400мл N1,Дагалдах
Гарньер бүх төрлийн арьсанд зориулсан мицеллийн ус г/с бараа 400мл N1,Дагалдах
Гарньер бүх төрлийн арьсанд зориулсан ягаан мицеллийн ус г/с бараа 400мл N1,Дагалдах
Гарньер Оу Виноград Гель Нор/Смш.К 200мл,Дагалдах
Гарньер Ткан Маска Гиалурон Концент 33гр,Дагалдах
Гарньер Тканевая Маска Зеленая Свежесть 32гр,Дагалдах
Гарньер Тканевая Маска Лаванда 32гр,Дагалдах
Гарньер Тканевая Маска Синяя Аква Бомба 32гр,Дагалдах
Гарньер усан үзмийн найрлагатай нүүр цэвэрлэгч тоник г/с бараа 200мл N1,Дагалдах
"Гарньер хуурай, эмзэг арьсанд зориулсан сарнайн хандтай нүүр цэвэрлэгч тоник г/с бараа 200мл N1",Дагалдах
Гарньер хөлс дарагч 50мл /3112/,Дагалдах
Гарньер хөлс дарагч 50мл /3112/ ,Дагалдах
Гарньер хөлс дарагч 50мл /4437/,Дагалдах
Гарньер хөлс дарагч 50мл /9970/,Дагалдах
Гарньер Хуурай болон Хэт хуурай арьсанд зориулсан SPF 30+ Сэргээх тэжээлийн тос г/с бараа 50мл N1,Дагалдах
Гарньер Чистая Кожа 3В1 С Углем 150мл,Дагалдах
Гарньер Чувств.Мицеллярная Вода 125мл,Дагалдах
Гарын сойлт хүүхэд S N1 /Энэтхэг/,Дагалдах
Гарын тос Glicemille бактерийн эсрэг,Дагалдах
Гарын тос Glicemille чийгшүүлэгч,Дагалдах
Гарын хөөсөн саван 300мл Cherry,Дагалдах
Гарын хөөсөн саван 300мл Ocean breese,Дагалдах
Гарын шингэн саван Palmolive Antibacterial N1,Дагалдах
Гарын шингэн саван Нил ягаан цэцэгстэй 250мл /Lion Corp./ Дис,Дагалдах
Гарын шингэн саван Нил ягаан цэцэгстэй 250мл /Lion Corp./+,Дагалдах
Гарын шингэн саван Чийгшүүлэгчтэй 250мл /Lion Corp./ дис,Дагалдах
Гарын шингэн саван Чийгшүүлэгчтэй 250мл /Lion Corp./+,Дагалдах
Гарын шингэн саван Эмзэг арьсанд зориулсан 250мл /Lion Corp./ Дис,Дагалдах
Гарын шингэн саван Эмзэг арьсанд зориулсан 250мл /Lion Corp./+,Дагалдах
"Гахайн ихэс 20,000мг Placenta Premium /8359/",Дагалдах
"Гербер жимсний нухаш 6+ алим,лийр,бөөрөлзгөнө 80гр /4179/",Дагалдах
"Гербер жимсний нухаш 6+ лийр, хар чавга 80гр /5763/",Дагалдах
Гим Ashvagandha капс /стрессийн эсрэг / 250мг N60,Дагалдах
Гим Baby cream Ghee 50ml /6495/,Дагалдах
Гим Baby derma cream Ghee 50gr /6518/,Дагалдах
Гим Baby rash relief cream Ghee 20g /6877/,Дагалдах
Гим Baby rash relief cream Ghee 50g /6501/,Дагалдах
Гим Deep Cleansing Coffee Face Scrub 100ml /6952/,Дагалдах
Гим Deep Cleansing Coffee Face Wash 100ml /6938/,Дагалдах
Гим DSC Turmeric Face Wash 100ml /6143/,Дагалдах
Гим Extra Moisturizing baby soap 75g /2217/,Дагалдах
гим хүүхдийн тэжээлийн саван 75гр,Дагалдах
Гим Чийгшүүлэгч хүүхдийн саван Moisturizing baby soap 75гр,Дагалдах
Гим Head to toe baby wash Ghee 400ml /6891/,Дагалдах
Гим Himalaya Clear Complexion Face Sheet Mask №1 /9313/,Дагалдах
Гим Himalaya DSC Turmeric Face Sheet Mask №1 /6259/,Дагалдах
Гим Himalaya Energizing Face Coffee Sheet Mask №1 /6983/,Дагалдах
Гим Himalaya Youth Eternity Face Sheet Mask №1 /9320/,Дагалдах
Гим HiOra/буйлны үрэвсэл гель /HiOra-GA gel/ 15мл N1,Дагалдах
Гим Hotta Цай зөгийн балтай 1гр N10,Дагалдах
"Гим Hotta Цай хүн орхоодой, цагаан гаатай цай 90гр N10",Дагалдах
"Гим Hotta Цай эслэг, цагаан гаатай 80гр N10",Дагалдах
Гим Neem Skin Wellness капс 250мг N60,Дагалдах
Гим Pollution Detox Charcoal Face Wash 50ml /0165/,Дагалдах
Гим Strawberry Gloss Lip Balm 10g /2437/,Дагалдах
Гим Ultra Mois Cocoa Butter Lip Balm 10g /2420/,Дагалдах
Гим уруул өнгөлөгч honey lip balm /0455/,Дагалдах
Гим Уруул чийгшүүлэгч эрчимтэй /Natural intensive lip balm/ 10гр N1,Дагалдах
Гим Батга/гель /Clarina anti-acne face wash gel/ 30*2гр N1,Дагалдах
Гим Батга/тос /Clarina anti-acne cream/ 30гр N1,Дагалдах
Гим Гавар/өвдөлт намдаах /Pain balm strong/ 10гр N1,Дагалдах
Гим Гавар/ханиадны /Cold balm/ 10гр N1,Дагалдах
Гим Гар/тос /Age dеfying cream/ 100мл N1,Дагалдах
Гим Гар/тос тэжээлийн /Nourishing hand cream/ 100мл N1,Дагалдах
Гим гарын тэжээлийн тос 50мл,Дагалдах
Гим Зовхи/тос /Under eye cream/ 15мл N1,Дагалдах
Гим Крем живх /Diaper rash cream/ 20гр,Дагалдах
Гим нүүр угаагч Батганы эсрэг 50мл,Дагалдах
Гим нүүр угаагч Тослог тэнцвэржүүлэх 50мл,Дагалдах
Гим нүүр угаагч Эрэгтэй 50мл,Дагалдах
Гим нүүр чийгшүүлэгч тос 50мл,Дагалдах
Гим Нүүр/clear complexion with 1234,Дагалдах
Гим Нүүр/гуужуулагч цайруулах /Clear complexion whitening face scrub/ 150гр N1,Дагалдах
Гим Нүүр/тос тэжээлийн  50гр N1 \6377\,Дагалдах
Гим Нүүр/тос тэжээлийн 50гр N1 \6377\,Дагалдах
Гим Нүүр/тос тэжээлийн 100гр N1 \6384\,Дагалдах
Гим Нүүр/угаагч шингэн /Purifying neem face wash/ 100мл N1,Дагалдах
Гим Нүүр/чийгшүүлэгч  алое /5530/ 100мл,Дагалдах
Гим Нүүр/чийгшүүлэгч алое /5530/ 100мл,Дагалдах
Гим нүүрний тос оливтой 50мл\0260\,Дагалдах
Гим нүүрний тос оливтой шинг 150мл \ 0246\,Дагалдах
Гим нүүрний тос эрчимтэй чийгшүүлэх тос шинг 150мл \3881\,Дагалдах
Гим оо /active fresh toothpaste/ 150мл,Дагалдах
Гим оо Ayureda gum care 150gr,Дагалдах
Гим оо цайруулан гялалзуулах 150мл \6122\,Дагалдах
Гим оо Triple action herbal 125gr,Дагалдах
Гим Оо өдөр тутам /Dental cream/ 200гр N1,Дагалдах
Гим Оо сэнгэнсэн /Active fresh toothpaste/ 100гр \ 6482\,Дагалдах
Гим Оо хэт мэдрэгшил бууруулах оо /Sensitive toothpaste/ 100гр N1,Дагалдах
Гим Оо цайруулан гялалзуулах /Sparkling white toothpaste/ 100гр N1,Дагалдах
Гим Оо цогц арчилгаа /Complete care toothpaste/ 100гр N1 \0688\,Дагалдах
Гим Трифала капс 250мг N60,Дагалдах
Гим Үс/ангижруулагч тэжээлийн /Protein conditioner/ 200гр N1,Дагалдах
Гим Үс/шампунь /Anti dandruff shampoo/ хуурай үс 400мл N1,Дагалдах
Гим Үс/шампунь тэжээлийн /Protein shampoo gentle/ 400гр N1,Дагалдах
Гим Үс/шампунь уналтын эсрэг /Anti hair fall shampoo/ 400мл N1,Дагалдах
Гим үсний шампунь /Natural Protien/ 340ml /2381/,Дагалдах
Гим үсний шампунь /Repair Regenerate/ 400ml /1555/,Дагалдах
Гим үсний шампунь /Softness Shine/ 400ml /8333/,Дагалдах
Гим ХайОра СЖ-амны салст тос/т өвдөлт намдаах гель 10гр,Дагалдах
Гим Хүүхд/арьс арчилгааны багц,Дагалдах
Гим Хүүхд/лосьон /Baby lotion ghee/ 400мл /6525/,Дагалдах
Гим Хүүхд/лосьон /Baby lotion/ 200мл N1,Дагалдах
Гим Хүүхд/тос /Baby cream/ 50мл N1,Дагалдах
Гим Хүүхд/тос тэжээлийн /Nourishing baby oil/ 100мл N1,Дагалдах
Гим Хүүхд/цацлага /Baby powder/ 50гр N1,Дагалдах
Гим Хүүхд/шампунь зөөлөн /Gentle baby shampoo/ 200мл N1,Дагалдах
Гим ХҮҮХДИЙН ГАВАР - Soothing Baby Rub 15ml /3524/,Дагалдах
Гим хүүхдийн шүдний оо bubble gum 80гр /1544/,Дагалдах
Гим хүүхдийн шүдний оо mint /1551/,Дагалдах
Гим хүүхдийн шүдний оо оранж 80гр /1568/,Дагалдах
Гим Шүдний оо энгийн  гималай 100гр,Дагалдах
Гим Шүдний оо энгийн гималай 100гр,Дагалдах
Глюкозамин №900 Glucosamine /9591/,Дагалдах
Глюкозамин шахм 300мг N300,Дагалдах
Гоё аарцны ундаа 480мл,Дагалдах
Гоё чацарганатай аарц 480мл,Дагалдах
Гүзээлзгэнэ амтат төмстэй чипсэн өрмөнцөр /2429/,Дагалдах
Гүзээлзгэнэтэй бор будааны цагирган өрмөнцөр /2023/,Дагалдах
Гүзээлзгэнэтэй үр тарианы ролл /0913/,Дагалдах
Гүн гүн сүү 9 сар-3 нас 850гр,Дагалдах
Гүн гүн сүү 9 сар-3нас 300гр,Дагалдах
Гүн гүн сүү 9сар-3 нас 140гр,Дагалдах
Гэмтэлтэй үсэнд зориулсан ангижруулагч 400мл /Lion Corp./ дис,Дагалдах
Гэмтэлтэй үсэнд зориулсан ангижруулагч 400мл /Lion Corp./+,Дагалдах
Хуурайшилтай үсэнд зориулсан ангижруулагч 400мл /Lion Corp./ дис,Дагалдах
Хуурайшилтай үсэнд зориулсан ангижруулагч 400мл /Lion Corp./+,Дагалдах
Гэмтэлтэй үсэнд зориулсан шампунь 400мл /Lion Corp./ Дис,Дагалдах
Гэмтэлтэй үсэнд зориулсан шампунь 400мл /Lion Corp./+,Дагалдах
Хуурайшилтай үсэнд зориулсан шампунь 400мл /Lion Corp./ дис,Дагалдах
Хуурайшилтай үсэнд зориулсан шампунь 400мл /Lion Corp./+,Дагалдах
Даавуун хүүхдийн маск/нэргүй/ 2ш,Дагалдах
Дан малгай цэнхэр 2нас /эсү 0343/,Дагалдах
Дан малгай шар 0-6сар /эсү 7403/,Дагалдах
Дан малгай шар 2нас /эсү 7427/,Дагалдах
Дан малгай шар 3нас /эсү7434/,Дагалдах
Дан малгай шар 6-12сар /эсү 7410/,Дагалдах
"Дан малгай ягаан, 0-6 сар /эсү 0558/",Дагалдах
"Дан малгай, цэнхэр, 0-6 сар /Эсү 0428/",Дагалдах
"Дан малгай, цэнхэр, 3нас /эсү 0398/",Дагалдах
"Дан малгай, цэнхэр, 6-12сар /эсү 0411/",Дагалдах
"Дан малгай, ягаан, 1-2 нас /эсү0473/",Дагалдах
"Дан малгай, ягаан, 2-3 нас /эсү0466/",Дагалдах
"Дан малгай, ягаан, 6-12 сар /эсү 0480/",Дагалдах
Дан өмд цэнхэр 6-9сар Анхаар аюултай өмхий /эсү 8448/,Дагалдах
Дан өмд цэнхэр 9-12сар Анхаар аюултай өмхий /эсү 8455/,Дагалдах
Дан өмд цэнхэр 9-12сар Ондгор /эсү 8233/,Дагалдах
Дан өмд цэнхэр 9-12сар Пүү баба /эсү 8417/,Дагалдах
Дан өмд цэнхэр 9-12сар Тонтгор /эсү 7076/,Дагалдах
Дан өмд ягаан 9-12сар /Эсү 8479/,Дагалдах
Дан өмд ягаан 9-12сар Ондгор /Эсү 8219/,Дагалдах
Дан өмд ягаан 9-12сар Пүү баба /эсү 8394/,Дагалдах
Дан өмд ягаан 9-12сар Тонтгор /эсү 7052/,Дагалдах
Депенд Amshim tape N11,Дагалдах
Депенд relief tape 10ш,Дагалдах
Депенд relief+underwear longtime XL14 0757,Дагалдах
Депенд relief+underwear longtime XL14 0757 ,Дагалдах
Депенд relief+Underwear Longtime XL7 0733,Дагалдах
Депенд дэвсгэр том хүний 60*74см N10,Дагалдах
Депенд өмсдөг эр М 0604 N10,Дагалдах
Депенд өмсдөг эрэгтэй L 2461 N9,Дагалдах
Депенд том хүний наадаг живх N9,Дагалдах
Депенд том хүний өмсдөг живх N16,Дагалдах
Депенд том хүний өмсдөг живх N18,Дагалдах
Депенд том хүний өмсдөг живх N9,Дагалдах
Депенд хэрэглэл/ үнэр дарагчтай/ N24,Дагалдах
Десерт банана morelife /6913/,Дагалдах
Десерт шоколад morelife /6920/,Дагалдах
Домч ам зайлагч 250мл,Дагалдах
Домч ам зайлагч 500мл,Дагалдах
Донг А /Energy drink VaLaVoom/ 250мл,Дагалдах
Донг А /Power up энерги/ шинг 250мл N1,Дагалдах
Донг А бакус Carbonate 250мл,Дагалдах
Донг А бакус Сахаргүй 250мл,Дагалдах
ДонгА бакус - Д 100 мл N1,Дагалдах
ДонгА бакус - Х 100 мл N1,Дагалдах
Дотуур хувцас 12-18 сар /эсү 6765/,Дагалдах
Дотуур хувцас 18-24 сар /эсү 6772/,Дагалдах
Дотуур хувцас 3 нас /эсү 6789/,Дагалдах
Дотуур хувцас 4 нас /Эсү 6789/,Дагалдах
Дотуур хувцас 5 нас /эсү 6802/,Дагалдах
Дотуур хувцас ягаан 9-12 сар /эсү 6758/,Дагалдах
Дотуур хувцас эрэгтэй 12-18 сар /эсү 6833/,Дагалдах
Дотуур хувцас эрэгтэй 18-24 сар /эсү 6840/,Дагалдах
Дотуур хувцас эрэгтэй 3 нас /эсү 6857/,Дагалдах
Дотуур хувцас эрэгтэй 4 нас /эсү 6864/,Дагалдах
Дотуур хувцас эрэгтэй 5 нас /эсү 6871/,Дагалдах
Дотуур хувцас эрэгтэй 9-12 сар /эсү 6826/,Дагалдах
Дэвсдэг живх / литтл валлей ст/ N25,Дагалдах
Дэнге түргэвчилсэн тест (Hangzhou) N25,Дотоод
Дэнти поп бөөрөлзгөнө и/чихэр 1ш,Дагалдах
Дэнти поп гүзээлзгэнэ и/чихэр 1ш,Дагалдах
Дэнти поп интоор и/чихэр 1ш,Дагалдах
Дэнти поп лака мошин и/чихэр 1ш,Дагалдах
Дэнти поп манго и/чихэр 1ш,Дагалдах
Дэнти поп нимбэг 1ш и/чихэр,Дагалдах
Дэнти Поп оранж и/чихэр 1ш,Дагалдах
Дэнти поп ханборгоцой и/чихэр 1ш,Дагалдах
Дэнти поп хоолой и/чихэр 1ш,Дагалдах
Дэнти поп чоко вов и/чихэр 1ш,Дагалдах
ессентуки рашаан №17 0.45л шинг N1,Дагалдах
ессентуки рашаан №4 0.45л шин N1,Дагалдах
ЖЖ Shampoo Shiny Drops 300мл,Дагалдах
ЖЖ Shiny Drops 500мл \7553\,Дагалдах
ЖЖ бие/тос энгийн /масло/ 200мл N1,Дагалдах
ЖЖ массажны тос алое 300мл,Дагалдах
ЖЖ Хүүхдийн саван /Лавандатай/ шинг 90гр N1,Дагалдах
ЖЖ Хүүхдийн саван /сүүтэй/ шинг 90гр N1,Дагалдах
ЖЖ хүүхдийн шампунь болон биеийн шингэн саван 200мл,Дагалдах
ЖЖ хүүхдийн шампунь энгийн 200мл,Дагалдах
ЖЖ чих хөвөн N100,Дагалдах
ЖЖ шампунь /энгийн/ 500мл N1,Дагалдах
ЖЖ шампунь балжингарам /с ромашкой/ 500мл \7507\,Дагалдах
Жирэмсэний сарпан урт,Дагалдах
Жирэмсэний сойлт /дэвжих /,Дагалдах
Жорын маягт,Дагалдах
"Жүүс Aloe king 0,5л N1",Дагалдах
Жүүс алое анар 500мл,Дагалдах
Жүүс алое киви 500мл,Дагалдах
Жүүс алое манга 500мл,Дагалдах
Жүүс алое ханборгоцой 500мл,Дагалдах
Жүүс Aloe king grape лаазтай 240мл,Дагалдах
Жүүс Aloe king pineapple лаазтай 240мл N1,Дагалдах
Жүүс Aloe king лаазтай 240мл N1,Дагалдах
Жүүс Аloe strawberry лаазтай 240мл,Дагалдах
Жүүс Aloe King Sugar Free 1.5л N1,Дагалдах
Жүүс Aloe Original 1.5л,Дагалдах
Жүүс Aloe Vitamin C 1.5л /2495/,Дагалдах
"Жүүс Алое витамин шинг 0,5л N1 /2518/",Дагалдах
"Жүүс Алое оригнал шинг 0,5л N1 /4949/",Дагалдах
Закуро 0070 N450,Дагалдах
Залуужуулах бүтээгдэхүүн Proteo Glycan Collagen /0306/,Дагалдах
Зөв аарцны ундаа чацарганатай 330мл,Дагалдах
Зөв аарцны ундаа энгийн 330мл,Дагалдах
Ингэний хоормог 330мл,Дагалдах
Ингэний хоормог лаймтай 330мл,Дагалдах
Йогурт желли гүзээлзгэнэ 20ш /0573/,Дагалдах
Йогурт желли гүзээлзгэнэ 8ш /2993/,Дагалдах
И-саму веганиор бакучиол цица маск 10ш енко /3469/,Дагалдах
И-саму веганиор ВС100 нүүрний маск 10ш енко /3285/,Дагалдах
И-саму докудами хатомуги маск 10ш енко /3254/,Дагалдах
И-саму ниацинамид ретинол маск 10ш енко /3452/,Дагалдах
Кагоме алим луувангийн ногооны шүүс 100мл*3,Дагалдах
Кагоме манго ногоо жимсний шүүс 100мл*3,Дагалдах
Кагоме нил өнгийн ногоо жимсний шүүс 100мл*3,Дагалдах
Кагоме оригинал ногоо жимсний шүүс 100мл*3,Дагалдах
Кагоме нухаш /алим 180гр,Дагалдах
"Кагоме нухаш жимс,ногооны 180гр",Дагалдах
Кагоме нэг өдрийн ногоо шүүс англи 720мл,Дагалдах
"Кагоме шүүс алим, ногоо жимсний холимог 720мл",Дагалдах
Кагоме шүүс Аожиру эслэг 720мл,Дагалдах
Кагоме шүүс манго жимс 720мл,Дагалдах
Кагоме шүүс нил өнгийн ногоо 720мл,Дагалдах
Кагоме шүүс нэг өдрийн ногоо 720мл,Дагалдах
Кагоме шүүс оригнал ногоо жимс 720мл,Дагалдах
Кагоме шүүс улаан лооль 720мл,Дагалдах
Кагоме шүүс улаан лооль давсгүй 720мл,Дагалдах
"Кагоме смүүти анар, берри жимсний холимог",Дагалдах
Кагоме шүүс алим  9195 200мл,Дагалдах
Кагоме шүүс алим 9195 200мл,Дагалдах
Кагоме шүүс лууван 200мл,Дагалдах
Кагоме шүүс манго жимс 200мл,Дагалдах
Кагоме шүүс нил өнгийн ногоо 200мл,Дагалдах
Кагоме шүүс нэг өдрийн ногоо 200мл,Дагалдах
Кагоме шүүс оригнал ногоо жимс 200мл,Дагалдах
Кагоме шүүс өглөөний жимс 200мл,Дагалдах
Кагоме шүүс улаан лоол 200мл,Дагалдах
Кагоми фүкүока гүзээлзгэний холимог 100% шүүс,Дагалдах
Кагоме шүүс алим 100% 5931,Дагалдах
Кагоме шүүс олон жимст 100% N3,Дагалдах
Калпис плас 200мл ашигтай бактертэй,Дагалдах
Калпис плас 200мл ашигтай бактертэй ,Дагалдах
Калпис сода 350мл /8825/,Дагалдах
Кальпис ундаа / Цангаа тайлах эрүүл ундаа/ N1,Дагалдах
"Кальци/Магни DHC капс 360мг, 206мг N30",Дагалдах
Кесвэр хагалгаагаар төрсөн хүүхдийн сүүн тэжээл 400гр,Дагалдах
Клийнекс DECO оо цаас N1,Дагалдах
Клийнекс moisture essence lotion N150,Дагалдах
Клийнекс So so нойтон салфетка N80,Дагалдах
клийнекс wipes cap 0906 N60,Дагалдах
Клийнекс бактерийн эсрэг салфетка N20,Дагалдах
Клийнекс н/сальф antibacteral wipes N10,Дагалдах
Клийнекс нойтон салфетка 0473 soo soo N10,Дагалдах
Клийнекс ОО цаас 4ш,Дагалдах
Клийнекс х/сальф Mini max N250,Дагалдах
Клийнекс х/сальф silksoft 250ш,Дагалдах
Клийнекс х/сальф какао N60,Дагалдах
КО Soft будаг арил угаагч хиал 60г /9535/,Дагалдах
Когда Я Вырасту  5 төрлийн үр тариа төмөртэй жигнэмэг 6+ сар 120гр,Дагалдах
Когда Я Вырасту 5 төрлийн үр тариа төмөртэй жигнэмэг 6+ сар 120гр,Дагалдах
Когда Я Вырасту Гадилтай жигнэмэг 6+ сар 120гр,Дагалдах
Когда Я Вырасту Классик жигнэмэг 6+ сар 120гр,Дагалдах
"Когда Я Вырасту алим, манго, малина, бөөрөлзгөнө жимсний нухаш 180гр 6+ сар",Дагалдах
"Когда Я Вырасту алим,тоор,бөөрөлзгөнө 5 төрлийн үр тарианы каш 6+сар 200гр",Дагалдах
"Когда Я Вырасту гадил, цагаан будаа, эрдэнэ шишийн каш 6+сар 200гр",Дагалдах
Когда Я Вырасту Органик Нухаш алим лийр амтат гуа 6+ сар 90гр,Дагалдах
колгате Charcoal 75мл,Дагалдах
"Колгейт оо цай, кофе, 75мл /5889/",Дагалдах
Колгет Total Charcoal deep clean 75 N1,Дагалдах
Колгэйт оо /Clear mint total/ 75мл,Дагалдах
Колгейт шүдний сойз экстра /1566/,Дагалдах
Колгет  / ZZ Charcoal / сойз N1,Дагалдах
Колгет / ZZ Charcoal / сойз N1,Дагалдах
Колгет  /Zigzag charcoal / N1,Дагалдах
Колгет /Zigzag charcoal / N1,Дагалдах
Колгет  ам зайлагч бактер устгагч 500мл /6188/,Дагалдах
Колгет ам зайлагч бактер устгагч 500мл /6188/,Дагалдах
Колгет  ам зайлагч бактер устгагч 500мл /8779/,Дагалдах
Колгет ам зайлагч бактер устгагч 500мл /8779/,Дагалдах
Колгет  оо витамин С агууламж өндөртэй 100мл /2833/,Дагалдах
Колгет  оо кальцийн агууламж өндөртэй 100мл /2628/,Дагалдах
Колгет оо витамин С агууламж өндөртэй 100мл /2833/,Дагалдах
Колгет оо кальцийн агууламж өндөртэй 100мл /2628/,Дагалдах
Колгэйт оо /max fresh cool mint/ 100мл,Дагалдах
Колгет 360 1+1 new N1,Дагалдах
Колгет COL KIDS FREE FROM 3-5 STRAWB 60 N1,Дагалдах
Колгет COL KIDS FREE FROM 6-9 STR-MNT 60 N1,Дагалдах
Колгет Colgate Super Premium Kids 2+ сойз N1,Дагалдах
Колгет Easy Comfort сойз,Дагалдах
Колгет Slim soft charcoal 1+ N1,Дагалдах
Колгет ам зайлагч бактер устгагч 250мл /0970/,Дагалдах
Колгет сойз резинэн бариултай /8371/,Дагалдах
Колгэйт / хүүхдийн электрон сойз/ N1,Дагалдах
колгэйт оо /clear mint/ 125мл,Дагалдах
Колгэйт оо /triple action 123/ 50мл,Дагалдах
Колгэйт оо /доктор заяц/ со вкусом жвачки 50мл,Дагалдах
Колгэйт оо /доктор заяц/ со вкусом клубники 50мл,Дагалдах
Колгэйт оо /triple action/ 100мл,Дагалдах
Колгэйт оо /макс фреш освежающими кристалами/ 50мл,Дагалдах
Колгэйт оо optic white 75гр N1,Дагалдах
Колгэйт сойз /2+ нас/ N1,Дагалдах
Колгэйт сойз /360 супер чистота/ N1,Дагалдах
"Колгэйт сойз /slim soft charcoal, шелковые нити/ N1",Дагалдах
Колгэйт сойз /массажёр/ N1,Дагалдах
Колгэйт сойз /мягкая/ N1,Дагалдах
Колгэйт сойз /тройное действие 123/ N1,Дагалдах
Колгэйт хүүхдийн  сойз /5+ нас/ N1,Дагалдах
Колгэйт хүүхдийн сойз /5+ нас/ N1,Дагалдах
Коллаген DHC шахм 2050мг N180,Дагалдах
Кондишн CEO 150мл N1,Дагалдах
Кондишн lady 8233 100мл N1,Дагалдах
Кондишн шин 100мл N1,Дагалдах
Корнески Инстант каш овьёос нэрстэй 50гр,Дагалдах
Корнески Инстант каш овьёос+алим+синнамон 65гр,Дагалдах
Корнески Инстант каш овьёос+кокос+алмонд 65гр,Дагалдах
Корнески Инстант каш овьёос+улаан жимс+чиа үр 65гр,Дагалдах
Котекс Anydays regular 15см N24,Дагалдах
Котекс good feel long 42cm 10ш,Дагалдах
Котекс good feel maxi slim L 29cm 14ш  /0773/,Дагалдах
Котекс good feel maxi slim L 29cm 14ш /0773/,Дагалдах
Котекс good feel maxi slim M 26cm 14ш \0766\,Дагалдах
Котекс Goodfeel Cotton N36,Дагалдах
Котекс Goodfeel Organic cotton N18,Дагалдах
Котекс Goodfeel pure liner N20 \1909\,Дагалдах
Котекс Goodfeel ultra slim  large 26cm N16,Дагалдах
Котекс Goodfeel ultra slim large 26cm N16,Дагалдах
Котекс Goodfeel ultra slim Wing large 26cm N16,Дагалдах
Котекс Goodfeel ultraslim  21cm N18,Дагалдах
Котекс Goodfeel ultraslim 21cm N18,Дагалдах
Котекс Goodfeel UltraWing /0728/ 24cm N18,Дагалдах
котекс white night L N-8ш,Дагалдах
котекс white night M 8ш \8380\,Дагалдах
Котекс White slim extra 33см N12,Дагалдах
Котекс White slim L 29см N14,Дагалдах
Котекс White Super Absorb 26см N18 /Kotex/,Дагалдах
котекс white super S 21cm 18ш,Дагалдах
Кофе Caff- Latte лаазтай 240мл N1,Дагалдах
Кофе Caffe mocha лаазтай 240мл N1,Дагалдах
Кофе Cappuchino лаазтай шинг 240мл N1,Дагалдах
кофе карамел мачито 240мл,Дагалдах
Кэйл Аожирү ногооны шүүс 60гр N20 /8011/,Дагалдах
Кюүшин шахм N100,Дагалдах
Кюүшин шахм N50,Дагалдах
Лимоны амттай фруктозтой вафль 100гр /3958/,Дагалдах
Лууван нухаш 200мл,Дагалдах
Лууван нухаш 2л,Дагалдах
Лянхуа Колд С 6гр №10,Дагалдах
Маамуу хүүхдийн гарын шингэн саван 250мл,Дагалдах
Маамуу хүүхдийн чийгшүүлэгч тос шар 138гр,Дагалдах
Маамуу хүүхдийн чийгшүүлэгч тос ягаан 138гр,Дагалдах
Магнитай нойрны нунтаг 3х1 /4658/,Дагалдах
Магнитай оригинал нунтаг 3х1 /4641/,Дагалдах
МамиПоко живх extra dry L /9-14кг/ N62,Дагалдах
МамиПоко живх extra dry L 9-14кг /4 сар+/ N19,Дагалдах
МамиПоко живх extra dry M 6-11кг /3 сар+/ N23,Дагалдах
МамиПоко живх extra dry S /4-8кг/ N28,Дагалдах
МамиПоко живх extra dry S 4-8кг /2сар+/ N60,Дагалдах
МамиПоко живх extra dry XL 12-17кг /5сар+/ N16,Дагалдах
МамиПоко живх extra dry М /6-11кг/ N76,Дагалдах
МамиПоко живх M /6-11кг/ N2,Дагалдах
МамиПоко живх нярай extra dry NB 2-5кг /1сар+/ N30,Дагалдах
Мана coffee americano 350ml,Дагалдах
Мана coffee dolce Latte 350ml,Дагалдах
Мана coffee latte 350ml,Дагалдах
Мана coffee vanilla latte 350ml,Дагалдах
Мана hang over шар тайлагч 100мл /7445/,Дагалдах
Мана milk banana 200ml,Дагалдах
Мана milk melon 200ml,Дагалдах
Мана milk strawberry 200ml,Дагалдах
Мана milk vanilla 200ml,Дагалдах
Мана ванны давс ганга 300гр /7506/,Дагалдах
Мана ванны давс оранж 300гр /7483/,Дагалдах
Мана ванны давс чацарган 300гр /7483/,Дагалдах
Мана ванны давс ганга 600гр /7414/,Дагалдах
Мана ванны давс лаванда 600гр /7421/,Дагалдах
Мана ванны давс чацаргана 600гр /7407/,Дагалдах
Мана каллоген 100 мл,Дагалдах
"Мана маалингын үрийн тос Омега 3,6,9 №60",Дагалдах
Мана нунтаг барагшун №60,Дагалдах
Мана нунтаг нэрс жимс №60,Дагалдах
Мана нунтаг чацаргана жимс №60,Дагалдах
Мана хүүхдийн мульт №120,Дагалдах
Мана цайртай витамин С №30,Дагалдах
Мана цайртай витамин С №5,Дагалдах
"Мана чацарганы цэвэр тос Омега3,6,9,7 №100",Дагалдах
Мана чацарганы цэвэр тосон цацлага 15мл,Дагалдах
Марал нүүр цэвэрлэгч сүүн шингэн 150мл,Дагалдах
Маск амуулай 3D зөөлөн ягаан №20 /1938/,Дагалдах
Маск амуулай 3D мөнгөлөг саарал №20 /1945/,Дагалдах
Маск амуулай 3D сүүн бэйж №20 /2461/,Дагалдах
Маск амуулай 3D цагаан №20 /2393/,Дагалдах
Маск амуулай 3D цайвар бэйж №20 /1921/,Дагалдах
Маск амуулай 3D ягаан №20 /2386/,Дагалдах
Маск амуулай 3D зөөлөн ягаан №7 /1969/,Дагалдах
Маск амуулай 3D мөнгөлөг саарал №7 /1976/,Дагалдах
Маск амуулай 3D цайвар бэйж №7 /1952/,Дагалдах
Маск амуулай 3D сүүн бэйж №5 /2379/,Дагалдах
Маск амуулай 3D цагаан №5 /2270/,Дагалдах
Маск амуулай 3D ягаан №5 /2263/,Дагалдах
Маск амуулай UV нарны хамгаалалт №3 /1990/,Дагалдах
Маск амуулай UV нарны хамгаалалттай №3 /1983/,Дагалдах
Маск амуулай стандарт №40 /1211/,Дагалдах
Маск амуулай стандарт №40 /1228/,Дагалдах
Маск амуулай сэрүүн нимгэн бэйж №20 /2539/,Дагалдах
Маск амуулай сэрүүн нимгэн ягаан саарал №20 /2546/,Дагалдах
Маск амуулай сэрүүн нимгэн бэйж №7 /2515/,Дагалдах
Маск амуулай сэрүүн нимгэн ягаан саарал №7 /2522/,Дагалдах
Маск амуулай тухтай бэйж №7 /1372,Дагалдах
Маск амуулай тухтай жижиг №7 /1297/,Дагалдах
Маск амуулай тухтай саарал №7 /1389/,Дагалдах
Маск амуулай тухтай хүүхэд №7 /1310/,Дагалдах
Маск амуулай эвтэйхэн цагаан №7 /1280/,Дагалдах
Маск амуулай тухтай жижиг №30 /1334/,Дагалдах
Маск амуулай тухтай хүүхэд №30 /1341/,Дагалдах
Маск амуулай тухтай цагаан №30 /1327/,Дагалдах
"Маск амуулай чийгшүүлэгч,нимбэг №3 /1761/",Дагалдах
"Маск амуулай чийгшүүлэгч,үнэргүй №3 /1730/",Дагалдах
"Маск вирусны эсрэг өдөр, шөнө/8671/",Дагалдах
Маск вирусны эсрэг/8688/,Дагалдах
Маск гааны сэнгэсэнэсэн үнэртэй  хоолойг чийгшүүлэх/2381/,Дагалдах
Маск гааны сэнгэсэнэсэн үнэртэй  хоолойг чийгшүүлэх/2381/ ,Дагалдах
Маск нэг удаа т.х /эко эхлэл / N1,Дагалдах
маск нэг удаа хүүхэд /эко эхлэл N1,Дагалдах
Маск том хүн  /fashion / сайнаа эмн/х N1,Дагалдах
Маск том хүн /fashion / сайнаа эмн/х N1,Дагалдах
"Маск үнэргүй хоолойг чийгшүүлэх өдөр, шөнө/2374/",Дагалдах
Маск үнэргүй хоолойг чийгшүүлэх унтлаганы/2327/,Дагалдах
Маскны оосор /нэргүй/,Дагалдах
МилкиСип жигнэмэгний мөхл амттай 6гр N5,Дагалдах
МилкиСип мөхл гадил жимсний амттай 6гр N5,Дагалдах
МилкиСип мөхл гүзээлзгэний амттай 6гр N5,Дагалдах
МилкиСип ойн жимсний мөхл амттай 6гр N5,Дагалдах
МилкиСип шоколадны мөхл амттай 6гр N5,Дагалдах
Миллано Baron Сүүтэй шоколад  220гр №1 /MILLANO/,Дагалдах
Миллано Baron Сүүтэй шоколад 220гр №1 /MILLANO/,Дагалдах
Минералын цэлцэгнүүрт ундааа N1,Дагалдах
Мини утлагын аппарат,Дагалдах
Мини утлагын аппарат ,Дагалдах
Мини утлагын аппарат JERMEI Тун эрдэнэ фарма N1,Дагалдах
Мойл шумуулнаас хамгаалах цацлага 210мл,Дагалдах
Мойл шумуулнаас хамгаалах цацлага 50мл,Дагалдах
Мойл шумуулнаас хамгаалах цацлага 75мл,Дагалдах
Момотаро хүүхдийн живх L 9-14кг наадаг,Дагалдах
Момотаро хүүхдийн живх L 9-14кг өмсдөг,Дагалдах
Момотаро хүүхдийн живх M 6-11кг наадаг,Дагалдах
Момотаро хүүхдийн живх NB -5кг хүйн хамгаалалттай,Дагалдах
Момотаро хүүхдийн живх S 4-8кг наадаг,Дагалдах
Момотаро хүүхдийн живх S 4-8кг наадаг - -,Дагалдах
Момотаро хүүхдийн живх XL 12-17кг өмсдөг,Дагалдах
Момотаро хүүхдийн живх XL 2-17кг наадаг,Дагалдах
Момотаро хүүхдийн живх XXL +17кг өмсдөг,Дагалдах
Момотаро хүүхдийн живх XXXL +17кг өмсдөг,Дагалдах
Момотаро хүүхдийн нойтон сальфетка 80ш,Дагалдах
Монгол алтайн барагшун наалт /2674/ N2,Дагалдах
Монгол алтайн барагшун өтгөрүүлсэн ханд /2681/ 100гр,Дагалдах
монгол алтайн барагшун өтгөрүүлсэн ханд 50гр,Дагалдах
Монгол алтайн барагшун цай 50ш,Дагалдах
Монгол алтайн барагшун шингэн ууттай /0128/ N30,Дагалдах
Монгол алтайн барагшун шингэн ууттай /0135/ N60,Дагалдах
Монгол алтайн барагшун шингэн ууттай N10,Дагалдах
Монос Аами гүзээлзгэнэтэй аньсны шүүс 180мл N1,Дагалдах
Монос Аами Өөдөө -чангаанзтай луувангийн шүүс 180мл,Дагалдах
Монос аамий өөдөө аньстай үзэмтэй үрэл 60гр N1,Дагалдах
монос аамий таамий  нэрстэй үзэмтэй үрэл 60гр N1,Дагалдах
монос аамий таамий нэрстэй үзэмтэй үрэл 60гр N1,Дагалдах
монос аньс эко уусдаг цай N20,Дагалдах
Монос эко уусдаг цай /цагаан гаатай/ №20,Дагалдах
Эко уусдаг цай / нэрстэй / 20гр N20,Дагалдах
Монос барагшун өтгөрүүлсэн дусал 80% 50мл N1,Дагалдах
Монос Биомон хөлийн цацлага 65гр N1,Дагалдах
монос зизи үрэл /зөгийн балтай витаминт/ 25гр,Дагалдах
Монос Ноён-гүзээлзгэнэтэй аньсны шүүс 150мл,Дагалдах
Монос Ноён-луувантай чацарганы шүүс 150мл,Дагалдах
Монос Ноён-Чангаанзтай луувангийн шүүс 150мл,Дагалдах
монос таами жожо-тоорны шүүс 180мл,Дагалдах
Монос таами луувантай чацарганы шүүс 180мл N1,Дагалдах
Монос Тайлагч Хандгай 20мл N1,Дагалдах
Монос Тайлагч Хандгай 20мл N3,Дагалдах
монос тугал- жимстэй шахмал ааруул 20гр N10,Дагалдах
Монос увдист чацарганы шүүс 2л,Дагалдах
монос үрэл барагшун С 25гр,Дагалдах
монос цагаан гааны цай нунт 1гр N10,Дагалдах
монос чацарганы диффузийн тос 100мл N1,Дагалдах
монос чацарганы үр хальсны хандмал тос 100мл N1,Дагалдах
монос чацарганы цэвэр тос 50мл N1,Дагалдах
Монос Экос оргилуун ус 500мл N1,Дагалдах
Монос Экос цэвэр ус 1000мл N1,Дагалдах
Монос Экос цэвэр ус 330мл N1,Дагалдах
Монос Экос цэвэр ус 500мл,Дагалдах
Мультивитамин DHC капс N30,Дагалдах
Мэжик би балт жор 300гр /5180/,Дагалдах
Мэжик би барагшунтай зөгийн бал 300гр /5135/,Дагалдах
Мэжик би бидэрм тос 55гр /5197/,Дагалдах
Мюсли батончик сүүтэй шоколадан бүрхүүлтэй /6197/,Дагалдах
Мюсли батончик сүүтэй шоколадан бүрхүүлтэй алим /6203/,Дагалдах
Мюсли батончик сүүтэй шоколадан бүрхүүлтэй апельсин /6180/,Дагалдах
Мюсли батончик сүүтэй шоколадан бүрхүүлтэй гүзээлзгэнэ /6852/,Дагалдах
Мюсли батончик сүүтэй шоколадан бүрхүүлтэй черри /6869/,Дагалдах
Наадаг живх L  / литтл валлей ст/ N15,Дагалдах
Наадаг живх L / литтл валлей ст/ N15,Дагалдах
Наадаг живх S/М / литтл валлей ст/ N15,Дагалдах
Наадаг живх XL /литтл валлей ст/ N15,Дагалдах
Наалт  нойр дэмжих PICC,Дагалдах
Наалт нойр дэмжих PICC,Дагалдах
Наалт  нурууны PICC,Дагалдах
Наалт нурууны PICC,Дагалдах
Наалт  өвдөгний PICC,Дагалдах
Наалт өвдөгний PICC,Дагалдах
Наалт  хуянгийн PICC,Дагалдах
Наалт хуянгийн PICC,Дагалдах
Наалт kincho кайро ургамал №8 /2207/,Дагалдах
Наалт kincho кайро цагаан гаа №8 /2214/,Дагалдах
Наалт Kinoki хоргүйжүүлэх,Дагалдах
Наалт өвдөгний өвдөлт намдаах наалт 12ш,Дагалдах
Наалт сахарынх 10ш,Дагалдах
Наалт Фелбинак өвчин намдаах 10*7см N10,Дагалдах
Наалт ханиалганы том хүнийх 10ш,Дагалдах
Наалт ханиалганы хүүхдийн 4ш,Дагалдах
Нар саван аньстай,Дагалдах
Нар саван барагшунтай,Дагалдах
Нар саван идэвхжүүлсэн нүүрстэй,Дагалдах
Нар саван халгайтай,Дагалдах
Наттокиназа холесетрин бууруулах бэлдмэл /7456/,Дагалдах
Натураген колеган sachet хуурай,Дагалдах
Натураген про хуурай 30ш Collagen,Дагалдах
Нес Нан 1 сүү /0-6сар/ 400гр,Дагалдах
Нес Нан 1 сүү /0-6сар/ 800гр,Дагалдах
Нес Нан 1 сүү харшил эсрэг /0-6сар/ 400гр,Дагалдах
Нес Нан 2 сүү /6-12сар/ 400гр,Дагалдах
Нес Нан 2 сүү /6-12сар/ 800гр,Дагалдах
Нес Нан 2 сүү харшил эсрэг /0-6сар/ 800гр,Дагалдах
Нес Нан 3 сүү /12сар+/ 400гр,Дагалдах
Нес Нан 3 сүү /12сар+/ 800гр,Дагалдах
Нес нан №4 сүү 18+ 800гр N1,Дагалдах
Нес нан №4 сүү 5460 400гр N1,Дагалдах
Нес Нан пре дутуу бага жинтэй 400гр N1,Дагалдах
Нес Нан сүү Тройной Комфорт 0 сараас 400гр,Дагалдах
Нес Нан сүү Тройной Комфорт 0 сараас 800гр,Дагалдах
"Нестле жимсний нухаш ""Алим, гүзээлзгэнэ"", 6 сар+ 90гр",Дагалдах
Нестожен №1 сүү төрсөн цагаас 300гр,Дагалдах
Нестожен №1 сүү төрсөн цагаас 600гр,Дагалдах
Нестожен №2 сүү төрсөн цагаас 300гр,Дагалдах
Нестожен №2 сүү төрсөн цагаас 600гр,Дагалдах
Нестожен №3 сүү төрсөн цагаас 300гр,Дагалдах
Нестожен №3 сүү төрсөн цагаас 600гр,Дагалдах
Нестожен №4 сүү төрсөн цагаас 600гр,Дагалдах
Нивеа нүүр/тос Soft pot 100мл,Дагалдах
Нивей crème tin,Дагалдах
Нивей крем 150мл,Дагалдах
Нивей крем 30мл,Дагалдах
Нивей крем 75мл,Дагалдах
нивей крем тэжээлийн тос 75мл,Дагалдах
Нивей софт нүүрний тос 200мл,Дагалдах
Нмн ницинамид нүүрний маск 33ш енко /0103/,Дагалдах
Нобирүн ханборгоцой /хүүхдийн өсөлт/ шахм N60,Дагалдах
Нобирүн шахм /хүүхдийн өсөлт/ N90,Дагалдах
Нобирүн шахм 108гр N60,Дагалдах
"Нобүрин Витамин С, хараа хамгаалах №60",Дагалдах
Нобүрин шоколад 60ш,Дагалдах
Нойр дэмжих Well sleep & Well Start /2128/,Дагалдах
Нойтон сальфетка T-Duck 24ш,Дагалдах
Нойтон сальфетка T-Duck 60ш,Дагалдах
Нойтон сальфетка T-Duck 80ш,Дагалдах
"Нохойн хошуутай нүүр,биеийн саван 35гр /8595/",Дагалдах
Нуган эрхий мэргэн- тунгалаг жижиг N1,Дагалдах
Нуган эрхий Мэргэн-Тунгалаг N50,Дагалдах
Нуган эрхий мэргэн-тунгалаг том /6124/ N1,Дагалдах
Нуган эрхий Мэргэн-Цэмцгэр 6094 N10,Дагалдах
Нуган эрхий мэргэн-Цэнхэр /6032/ N10,Дагалдах
Нунтагласан аргал 10гр,Дагалдах
Нуруу халаагч /0567/,Дагалдах
Нурууны бүс L 80кг+,Дагалдах
Нурууны бүс M 65кг-75кг,Дагалдах
Нурууны бүс S 40кг+,Дагалдах
Нурууны бүс XL 90кг+,Дагалдах
Нурууны бүс XXL 110кг+,Дагалдах
Нүд амраагч /0734/,Дагалдах
"Нүдний дусаалга /япон/ 3 Вит, Gold 40 ex /7035/",Дагалдах
"Нүдний дусаалга /япон/ 3 Вит,Gold Зөөлөн /6519/",Дагалдах
"Нүдний дусаалга /япон/ 3 Вит,Gold линз ногоон /9779/",Дагалдах
Нүдний дусаалга /япон/ 3 Витамин /3573/,Дагалдах
Нүдний дусаалга /япон/ CL Ногоон /8136/,Дагалдах
Нүдний дусаалга /япон/ CL Цэнхэр /0907/,Дагалдах
Нүдний дусаалга /япон/ CL Ягаан /8129/,Дагалдах
Нүдний дусаалга /япон/ FX CL /5930/,Дагалдах
Нүдний дусаалга /япон/ FX Cool Blue /0571/,Дагалдах
Нүдний дусаалга /япон/ FX Gold Cool /2354/,Дагалдах
Нүдний дусаалга /япон/ FX Gold /5106/,Дагалдах
Нүдний дусаалга /япон/ PC Дэлгэцний туяа /1983/,Дагалдах
Нүдний дусаалга /япон/ PC Дэлгэцний туяа /5377/,Дагалдах
Нүдний дусаалга /япон/ Нулимс 4 /6902/,Дагалдах
Нүдний дусаалга /япон/4 Витамин Цэнхэр /0538/,Дагалдах
Нүдний дусаалга /япон/4 Витамин Шар /0521/,Дагалдах
Нүдний хаалт / ням ЗD /,Дагалдах
Нүдний хаалт том хүний /Ням/,Дагалдах
Нүдний хаалт том хүний /Ням/ ,Дагалдах
"Нүдний хаалт, чихний бөглөө хос /Ням/",Дагалдах
Нүдний шил арчигч сальфетка И100,Дагалдах
Нүүр цэвэрлэх хөвөн,Дагалдах
Нүүрний маск /4778/,Дагалдах
Нүүрний хөвөн /0385/,Дагалдах
Нэг удаагийн үзлэгийн дэвсгэр ролл 66cm x 100m ,Дагалдах
Нэг хүний даавуу,Дагалдах
Нэрс жимстэй Зөгийн балтай цай N10,Дагалдах
Нэрс жимстэй Зөгийн балтай цайN5,Дагалдах
Нэрс жимстэй эрүүл мэндийн тоник /хор саармагжуулах бүтээгдэхүүн/ N5,Дагалдах
Нярай хүүхдийн сойз хаздаг тоглоом /8898/,Дагалдах
Нярайн болон бага насны хүүхдийн хүйн ивэрхийн наалт /4606/,Дагалдах
Нярайн гэдэсний дүүрэнг гаргах гуурс /8753/,Дагалдах
Нярайн гэдэсний дүүрэнгийн наалт /0434/,Дагалдах
Нярайн зузаан хослол 3-6 сар /эсү 6604/,Дагалдах
Нярайн зузаан хослол 6-9 сар /эсү 6611/,Дагалдах
Нярайн зузаан хослол 9-12 сар /эсү 6628/,Дагалдах
Нярайн малгай - цэнхэр /0236/,Дагалдах
Нярайн малгай - ягаан /0229/,Дагалдах
Нярайн малгай 2ш /6661/,Дагалдах
Нярайн малгай 2ш /6661/  ,Дагалдах
Нярайн хослол цэнхэр 0-3сар Аав ээжийн хайрын гэрч /0984/,Дагалдах
Нярайн хослол цэнхэр 0-3сар Би аав ээжийн хөөрхөн ханхүү /0960/,Дагалдах
Нярайн хослол цэнхэр 0-3сар Би ч хөөрхөн ээж ч хөөрхөн аав ч азтаймаа /1011/,Дагалдах
Нярайн хослол цэнхэр 0-3сар Гэрийн босс /7816/,Дагалдах
Нярайн хослол цэнхэр 0-3сар Хайрын бурхан /8943/,Дагалдах
Нярайн хослол цэнхэр 3-6сар Аав ээжийн хайрын гэрч /1004/,Дагалдах
Нярайн хослол цэнхэр 3-6сар Би аав ээжийн хөөрхөн ханхүү /0977/,Дагалдах
Нярайн хослол цэнхэр 3-6сар Би ч хөөрхөн ээж ч хөөрхөн аав ч азтаймаа /1028/,Дагалдах
Нярайн хослол цэнхэр 3-6сар Гэрийн босс /7823/,Дагалдах
Нярайн хослол цэнхэр 3-6сар Хайрын бурхан /8950/,Дагалдах
Нярайн хослол ягаан 0-3сар Аав ээжийн эрдэнэ /0946/,Дагалдах
Нярайн хослол ягаан 0-3сар Би аав ээжийн хөөрхөн гүнж /0922/,Дагалдах
Нярайн хослол ягаан 0-3сар Би хайраас төрсөн бяцхан гүнж /8905/,Дагалдах
Нярайн хослол ягаан 0-3сар Гэрийн босс /7892/,Дагалдах
Нярайн хослол ягаан 0-3сар Ээжийн зөвшөөрлөөр үнсэнэ үү /7441/,Дагалдах
Нярайн хослол ягаан 3-6сар  Би хайраас төрсөн бяцхан гүнж /8912/,Дагалдах
Нярайн хослол ягаан 3-6сар Аав ээжийн эрдэнэ /0953/,Дагалдах
Нярайн хослол ягаан 3-6сар Би аав ээжийн хөөрхөн гүнж /0939/,Дагалдах
Нярайн хослол ягаан 3-6сар Би хайраас төрсөн бяцхан гүнж /8912/,Дагалдах
Нярайн хослол ягаан 3-6сар Гэрийн босс /7908/,Дагалдах
Нярайн хослол ягаан 3-6сар Ээжийн зөвшөөрлөөр үнсэнэ үү /7458/,Дагалдах
Нярайн хослол цэнхэр Би хайраас төрсөн ханхүү 0-3сар /эсү 7878/,Дагалдах
Нярайн хослол ягаан Аав ээжийн эрх гүнж 0-3сар /эсү 8240/,Дагалдах
Нярайн хослол ягаан Аав ээжийн эрх гүнж 3-6сар /эсү 8257/,Дагалдах
ОВ тампон original normal N16,Дагалдах
ОВ тампон procomfort mini N16,Дагалдах
ОВ тампон procomfort normal N16,Дагалдах
ОВ тампон procomfort mini N8,Дагалдах
ОВ тампон procomfort normal N8,Дагалдах
ОВ тампон procomfort super N8,Дагалдах
Овуляцийн тест И10,Дагалдах
Омега 3 2500мг 90ш /4217/,Дагалдах
Омега 3 DHC капс 510мг N120,Дагалдах
Оопс халаасны салфетка excellence 1ш,Дагалдах
Оопс халаасны салфетка алое 1ш,Дагалдах
Оопс халаасны салфетка сенситив 1ш,Дагалдах
Өглөөний хоол  ногоон буурцагтай 400гр,Дагалдах
Өглөөний хоол ногоон буурцагтай 400гр,Дагалдах
Өглөөний хоол хар буурцаг давстай 400гр,Дагалдах
Өглөөний хоол хүрэн буурцагтай 400гр,Дагалдах
Өдөр тутамын хоргүйжүүлэх цай 10ш,Дагалдах
"Өлгийний даавуу, цэнхэр /эсү5178/",Дагалдах
"Өлгийний даавуу, ягаан /эсү 5185 /",Дагалдах
Өмсдөг живх L   / литтл валлей ст / N16,Дагалдах
Өмсдөг живх L / литтл валлей ст / N16,Дагалдах
Өмсдөг живх S/M / литтл валлей ст/ N16,Дагалдах
Өмсдөг живх XL /литтл валлей ст/ N16,Дагалдах
"Өнгө сэргээгч, 100% хар /0134/",Дагалдах
"Өнгө сэргээгч, 100% цагаан /3048/",Дагалдах
Өнгө хувирдаг халбага №2 Канкол бэби,Дагалдах
Өндөр дамжуулалттай Signa gel ЭКГ гель 60мл,Дагалдах
"Өндөр тунт Коллаген Collagen 15,000мг /8840/",Дагалдах
Пародонтакс буйлны үрэвслээс сэргийлэх ам зайлагч 500мл,Дагалдах
Пародонтакс сойз,Дагалдах
ПартиСмарт chews №2,Дагалдах
ПартиСмарт капс N5,Дагалдах
Перекись 3% 100мл /0043/,Дагалдах
"Пижеон  Угж,  хуванцар, цагаан 160мл \ 4501\",Дагалдах
"Пижеон Угж, хуванцар, цагаан 160мл \ 4501\",Дагалдах
пижеон  хөхний толгой хамгаалагч M N2,Дагалдах
Пижеон вирус тосон түрхлэг 0+ сар 50мл,Дагалдах
Пижеон хөхний толгой гаргагч N1,Дагалдах
пижеон хөхний толгой хамгаалагч L N2,Дагалдах
пижеон хөхний толгой хамгаалагч M N2,Дагалдах
Пижеон  чийгшүүлэгчтэй хөөсөн саван 500мл \4420\,Дагалдах
"пижеон хөөсөн саван, зөөлөн цэцгийн үнэртэй 500мл \4451\",Дагалдах
Пижеон чийгшүүлэгчтэй хөөсөн саван 500мл \4420\,Дагалдах
Пижеон Эмчилгээний тоортой хөөсөн саван 500ml \4116\,Дагалдах
"Пижеон elis smooth & dry, ацх шөнө 30см",Дагалдах
Пижеон elis smooth&Dry Day 25см N5,Дагалдах
"Пижеон elis ацх 100% хөвөн зөөлөн өдөр тутам, 32 ш",Дагалдах
"Пижеон elis ацх 100% хөвөн зөөлөн өдөр тутам, 64ш",Дагалдах
"Пижеон elleair сүүн шингэнтэй гоо сайхны сальфетка, 200ш /4401/",Дагалдах
"Пижеон goon Нойтон сальфетка, запас 55",Дагалдах
"Пижеон Minotta 100% Жимсний нухаш, Гүзээлзгэнэ , 6+ сар/3510/",Дагалдах
"Пижеон Minotta 100% Жимсний нухаш, Мандарин, 6+ сар/3497/",Дагалдах
"Пижеон Minotta 100% Жимсний нухаш, Фүжи алим, 6+ сар/3480/",Дагалдах
"Пижеон Teens Jelly Glow унтлагын маск, 30гр /5000/",Дагалдах
"Пижеон Teens Батганы эсрэг гель, 15мл /4942/",Дагалдах
"Пижеон Teens Батганы эсрэг серум, 20мл /4973/",Дагалдах
"Пижеон Teens Цайруулах серум, 20мл /4980/",Дагалдах
"Пижеон Teens Чийгшүүлэгч серум, 20мл /4997/",Дагалдах
"Пижеон Teens Батганы эсрэг тонер, 95мл /4935/",Дагалдах
"Пижеон Teens Батганы эсрэг чийгшүүлэгч, 25гр /4959/",Дагалдах
"Пижеон Teens Батганы эсрэг чийгшүүлэгч, 50гр /4966/",Дагалдах
Пижеон xylitol шүдний оо /1 нас6 сартайгаас/ 50гр N1,Дагалдах
Пижеон оо 6 сараас дээш гүзээлүгэнэ /5392/,Дагалдах
Пижеон оо 6 сараас дээш усан үзэм /5408/,Дагалдах
"Пижеон сүүн шүдний оо, цоорлын эсрэг +3нас гүзээлзгэнэ",Дагалдах
"Пижеон сүүн шүдний оо, цоорлын эсрэг +3нас Усан үзэм",Дагалдах
Пижеон шүдний оо гүзээлзгэний амттай 50гр \3893\,Дагалдах
Пижеон шүдний оо усан үзэмний амттай/4463/ 50гр,Дагалдах
Пижеон Ам шүдний сальфетка шинэ 20ш,Дагалдах
Пижеон Бактерийн эсрэг сальфетка,Дагалдах
"Пижеон байгалийн гаралтай нойтон сальфетка, зөөлөн, 70ш",Дагалдах
"Пижеон Байгалийн гаралтай нярайн арьс сүүн шингэн, 0+ сар, 500мл",Дагалдах
"Пижеон Байгалийн гаралтай нярайн арьс хамгаалах усан суурьтай гель, 0+ 200мл",Дагалдах
"Пижеон Байгалийн гаралтай нярайн сүүн шингэн, 0+ сар 200мл",Дагалдах
Пижеон байгалийн гаралтай хүүхдийн үс бие шингэн савангын запас 900мл,Дагалдах
"Пижеон Байгалийн гаралтай хүүхдийн үс, биеийн шингэн саван, 200мл",Дагалдах
"Пижеон Байгалийн гаралтай хүүхдийн үс, биеийн шингэн саван, 500мл",Дагалдах
"Пижеон байгалийн гаралтай экзем,харшлын тос",Дагалдах
"Пижеон байгалийн гаралтай экзем,харшлын тос ",Дагалдах
"Пижеон Байгалийн гаралтай язралтын мист, загатнаа арилгах, 100мл/8969/",Дагалдах
"Пижеон Байгалийн гаралтай язралтын сорви арилгах серум, 40мл/89458/",Дагалдах
"Пижеон Байгалийн гаралтай язралтын тос, 150мл/8938/",Дагалдах
Пижеон бие угаагч бээлий N1,Дагалдах
Пижеон бие угаагч порлон N1,Дагалдах
"Пижеон биеийн халуун хэмжигч, дижитал /8003/",Дагалдах
"Пижеон Бор хооллолтыг дэмжих аяга, халбаганы сет",Дагалдах
"пижеон булантай шар сойз 4,5 сараас N1",Дагалдах
"Пижеон бууцай, луувангийн жигнэмэг +6сар N1",Дагалдах
"Пижеон далайн байцаа, будааны жигнэмэг +6 сар N1",Дагалдах
пижеон жигнэмэг /ногооны/ 3692,Дагалдах
"пижеон жигнэмэг а/төмс,ш/хулуу 4644",Дагалдах
"Пижеон жигнэмэг амтат төмс, хулууны  +7 N1",Дагалдах
"Пижеон жигнэмэг амтат төмс, хулууны +7 N1",Дагалдах
Пижеон лууван амтат төмсний жигнэмэг +9 N1,Дагалдах
Пижеон Вирус бактери устгагчтай Бүх төрлийн гадаргуу цэвэрлэгч 500мл,Дагалдах
Пижеон Вирус бактери устгагчтай Гал тогоо цэвэрлэгч 500мл,Дагалдах
Пижеон Вирус бактери устгагчтай Шал цэвэрлэгч шингэн 1000мл,Дагалдах
Пижеон витаминтай үсний гел 3 номер /3925/,Дагалдах
Пижеон витаминтай үсний гел 5 номер /3215/,Дагалдах
"Пижеон курутто аяганы соруул, запас /0875/",Дагалдах
"Пижеон Галбиржуулагч хавар намарын хар трико, Black, M-L",Дагалдах
Пижеон гар амны сальфетка №70 /2512/,Дагалдах
Пижеон гүн чийгшүүлэгч сүүн шингэн 120мл \3898\,Дагалдах
Пижеон гүн чийгшүүлэгч сүүн шингэн 300мл \4574\,Дагалдах
"Пижеон гүн чийгшүүлэгчтэй сүүн шингэн, запас 250гр /4055/",Дагалдах
Пижеон дутуу нярайн угжны хөхөлт N1,Дагалдах
Пижеон дутуу төрсөн хүүхдийн угж /шилэн/ 100мл N1,Дагалдах
Пижеон жижиг соруултай аяганы гуурс,Дагалдах
"Пижеон курутто соруултай аяга, амьтантай, 330мл /0868/",Дагалдах
"Пижеон курутто соруултай аяга, динозавртай, 330мл /0844/",Дагалдах
"Пижеон курутто соруултай аяга, цэцэгтэй 330мл /0851 /",Дагалдах
Пижеон ланоликтай хөхний тос 10гр,Дагалдах
пижеон леминтой ундаа 185мл,Дагалдах
"Пижеон Нарийн угж, хуванцар, шар 200мл",Дагалдах
"Пижеон Нарийн угж, хуванцар, шар 240мл",Дагалдах
"Пижеон Нарийн угж, шилэн, цагаан 240мл \3636\",Дагалдах
"пижеон Нарийн угж, шилэн, цагаан 120мл",Дагалдах
"пижеон Нарийн угж, шилэн, цагаан, 200мл",Дагалдах
"Пижеон Нарийн угжны хөхөлт, 0+ сар, S, 1ш",Дагалдах
"Пижеон нарийн угжны хөхөлт, 4+ сар, M, 1ш",Дагалдах
"Пижеон нарийн угжны хөхөлт, 6+  L, 1ш",Дагалдах
"Пижеон нарийн угжны хөхөлт, 6+ L, 1ш",Дагалдах
"Пижеон нарийн угжны хөхөлт, 9+ L 1ш",Дагалдах
"Пижеон нарны тос SPF 35, 30гр /4680/",Дагалдах
Пижеон нарны тос SPF 35/PA+++ 30мл /3235/,Дагалдах
"Пижеон нарны тос SPF20, 45гр",Дагалдах
Пижеон нарны тос SPF50+ 50g,Дагалдах
Пижеон нойтон салфетик N66,Дагалдах
Пижеон нойтон сальфитк N80,Дагалдах
Пижеон нунтаг цацлага түрхэгч N1,Дагалдах
Пижеон нус сорогч /0 сартайгаас/ N1,Дагалдах
"Пижеон Нүүр угаагч хөөс, 120мл, 3+ охид/7435/",Дагалдах
"Пижеон Нүүр угаагч хөөс, 120мл, 3+ хөвгүүд/7480/",Дагалдах
Пижеон нүүр чийгшүүлэгч бүх төрлийн арьсанд /3228/,Дагалдах
"Пижеон Нүүрний тос, 50гр, 3+ охид/7398/",Дагалдах
"Пижеон Нүүрний тос, 50гр, 3+ хөвгүүд/7459/",Дагалдах
Пижеон нэг өдрийн С витамин /шилтэй/ 155мл,Дагалдах
Пижеон нярайн нуралтын тос,Дагалдах
Пижеон нярайн хос үсний сам N2,Дагалдах
Пижеон өндөр аяга соруултай цэнхэр 330мл N1,Дагалдах
Пижеон өндөр соруултай аяга шар 330мл N1,Дагалдах
Пижеон өндөр соруултай аяга ягаан 330мл,Дагалдах
Пижеон өндөр аяганы гуурс,Дагалдах
Пижеон Саалтуурны толгой сүү хөлдөөх ууттай холбогч,Дагалдах
Пижеон савласан латте 500мл,Дагалдах
Пижеон савласан хар кофе 500мл,Дагалдах
"Пижеон смүүти тоор, жүрж холимог 330мл",Дагалдах
Пижеон соруул угаагч сойтог /5742/,Дагалдах
Пижеон Соруултай аяга 15мл шар /2827/,Дагалдах
Пижеон Соруултай аяга 15мл ягаан /2810/,Дагалдах
Пижеон Соруултай аяга Цэнхэр,Дагалдах
"Пижеон Соруултай аяга цэнхэр, 150мл шинэ",Дагалдах
Пижеон соруултай аяга цэнхэр 150мл N1,Дагалдах
Пижеон соруултай аяга шар 150мл N1,Дагалдах
Пижеон соруултай аяга ягаан 150мл N1,Дагалдах
Пижеон сосок цэнхэр 0-3 сартай /4378/ N1,Дагалдах
Пижеон сосок цэнхэр 3-6 сартай \ 4385\,Дагалдах
Пижеон сосок цэнхэр 6-18 сартай N1 /4392/,Дагалдах
Пижеон сосок ягаан 0-3 сартай /4279/ N1,Дагалдах
Пижеон сосок ягаан 3-6 сартай N1 \4286\,Дагалдах
Пижеон сосок ягаан 6-18 сар /3005/ N1,Дагалдах
Пижеон сүүн шингэн 300мл /4550/,Дагалдах
Пижеон сүүн шингэн 300мл \3706\,Дагалдах
"Пижеон сүүн шингэн, запас 250гр /4048/",Дагалдах
"Пижеон Сүүн шингэн,180мл, 3+ нас/7381/",Дагалдах
Пижеон сүүн шүдний гелэн цэвэрлэгч 40мл \3763\,Дагалдах
Пижеон сүүн шүдний сойз /4-8 сар/ N1,Дагалдах
пижеон сүүн шүдний сойз /9 сараас дээш/ N1,Дагалдах
"Пижеон Тайвшруулагч массажны тос, 120мл",Дагалдах
Пижеон том соруултай аяганы резин 2ш /2094 /,Дагалдах
Пижеон төрсөний дараах угаалгын сав,Дагалдах
Пижеон Угаалгын өрөө цэвэрлэгч 500мл,Дагалдах
Пижеон угаалгын шингэн ягаан капас 720мл,Дагалдах
Пижеон угж угаагч урт порлонтой N1,Дагалдах
Пижеон угж угаагч урт сойтка N1,Дагалдах
Пижеон угж угаагч шингэн 300мл \9799\,Дагалдах
Пижеон угж угаагч шингэн 800мл,Дагалдах
Пижеон угж угаагч шингэний запас 250мл \9805\,Дагалдах
Пижеон угж угаагч шингэний запас 700мл,Дагалдах
Пижеон угж угаах порлоны запас,Дагалдах
"Пижеон Угж,  шилэн, цагаан 160мл \4471\",Дагалдах
"Пижеон Угж, шилэн, цагаан 160мл \4471\",Дагалдах
"Пижеон Угж, 160мл, шилэн, баавгайтай /4747/",Дагалдах
"Пижеон Угж, 160мл, шилэн, зоо парк /4785/",Дагалдах
"Пижеон Угж, 160мл, шилэн, хөгжимтэй /4761/",Дагалдах
"Пижеон Угж, 240мл, шилэн, зоо парк /4792/",Дагалдах
"Пижеон Угж, 240мл, шилэн, хөгжимтэй /4778/",Дагалдах
"Пижеон угж, шилэн, цагаан 240мл \4488\",Дагалдах
"Пижеон Угж,240мл, шилэн,  баавгайтай /4754/",Дагалдах
"Пижеон Угж,240мл, шилэн, баавгайтай /4754/",Дагалдах
"Пижеон Угж, дутуу нярайд зориулсан/1861/",Дагалдах
"Пижеон угж, хуванцар тоглоомтой 510мл",Дагалдах
"пижеон угж, хуванцар, цагаан 240мл \4518\",Дагалдах
"Пижеон угжны бариул, хуванцар 240мл саарал /9719/",Дагалдах
"Пижеон угжны бариул, хуванцар 240мл улаан /4591/",Дагалдах
"Пижеон угжны бариул, хуванцар 240мл цэнхэр /4607/",Дагалдах
Пижеон угжны соруулан хөхөлт 12+,Дагалдах
Пижеон угжны соруултай аяганд шилжхэд туслах хөхөлт 6+,Дагалдах
Пижеон Угжны соруултай таглаа,Дагалдах
"Пижеон эмчилгээний цацлага, порлонтой 30гр /0669/",Дагалдах
Пижеон угжны таг ногоон,Дагалдах
Пижеон угжны таг шар,Дагалдах
Пижеон угжны хөхөлт +15сар 3L N2,Дагалдах
Пижеон угжны хөхөлт 1+ S  N2,Дагалдах
Пижеон угжны хөхөлт 1+ S N2,Дагалдах
Пижеон угжны хөхөлт 3+ M  N2,Дагалдах
Пижеон угжны хөхөлт 3+ M N2,Дагалдах
Пижеон угжны хөхөлт 6+ L N2,Дагалдах
Пижеон угжны хөхөлт 9+ LL 2ш,Дагалдах
Пижеон угжны хөхөлт 0+ сар SS N1,Дагалдах
пижеон угжны хөхөлт угаагч 2 ширхэгтэй,Дагалдах
Пижеон угжны хөхөлт угаагч N1,Дагалдах
Пижеон угжны хүндрүүлэгч,Дагалдах
Пижеон шинэ угжны хүндрүүлэгч /9740/,Дагалдах
"Пижеон Уруул сэтэрхий, тагнай цоорхой нярайн угжны хөхөлт",Дагалдах
"Пижеон уруул сэтэрхий, тагнай цоорхой хүүхдийн мэс заслын дараах угж",Дагалдах
Пижеон усны халуун хэмжигч N1,Дагалдах
"Пижеон Үс ангижруулагч, 300мл, 3+ охид/7411/",Дагалдах
"Пижеон Үсний ангижруулагч, 300гр, 2+ нас/3435/",Дагалдах
"Пижеон Үсний ангижруулагч, запас, 240гр, 2+ нас/3442/",Дагалдах
"Пижеон Үсний шампунь, 300мл, 3+ охид/7404/",Дагалдах
"Пижеон Үсний шампунь, 300мл, 3+ хөвгүүд/7466/",Дагалдах
"Пижеон Үсний шампунь, үнэртэй устай, 300мл 2+ нас/3398/",Дагалдах
"Пижеон Үсний шампунь, ширэлдээ гаргах, 300мл 2+ нас/3411/",Дагалдах
"Пижеон Үсний шампунь, үнэртэй устай, запас, 240мл 2+ нас/3404/",Дагалдах
"Пижеон Үсний шампунь, ширэлдээ гаргах, запас, 240мл 2+ нас/3428/",Дагалдах
"Пижеон Фил 24цаг чийгшүүлэгчтэй нүүрний тос, 75гр/4352/",Дагалдах
"Пижеон Фил 24цаг чийгшүүлэгчтэй сүүн шингэн, 150мл /4338/",Дагалдах
"пижеон Фил, 24 цаг чийгшүүлэгч хөөсөн саван",Дагалдах
"пижеон Фил, 24 цаг чийгшүүлэгчтэй хөөсөн савангийн запас",Дагалдах
Пижеон хазаахай зуйван N1,Дагалдах
Пижеон Хазаахай-2,Дагалдах
Пижеон хазуур тоглоом /1384/ N1,Дагалдах
Пижеон хазуур тоглоом /1902/ N1,Дагалдах
Пижеон хазуур тоглоом /1926/ N1,Дагалдах
"Пижеон Халуунаа барьдаг ган оосортой сав, Ванилла",Дагалдах
"Пижеон Халуунаа барьдаг ган оосортой сав, Нил ягаан",Дагалдах
Пижеон Халууны наалт N12,Дагалдах
пижеон хамар хоолойн наалт N6,Дагалдах
"Пижеон Хамрын битүүрэл, найтаалганы эсрэг цээжний түрхлэг, 6+сар",Дагалдах
Пижеон хамрын гавар N1,Дагалдах
Пижеон хос тахир сойз /ногоон/ 12 сараас дээш N2,Дагалдах
Пижеон хос халбага резинэн N2,Дагалдах
Пижеон хөөсөн нүүр угаагч батга арчилгааны /3211/,Дагалдах
Пижеон хөөсөн нүүр угаагч өдөр тутмын цэвэрлэгээ /3204/,Дагалдах
Пижеон хөөсөн саван запас 400мл \4406\,Дагалдах
"пижеон хөөсөн саван, зөөлөн цэцгийн үнэртэй, запас  400 ml \4468\",Дагалдах
"пижеон хөөсөн саван, зөөлөн цэцгийн үнэртэй, запас 400 ml \4468\",Дагалдах
Пижеон чийгшүүлэгч хөөсөн саван запас 400мл,Дагалдах
Пижеон Эмчилгээний тоортой хөөсөн саван запас 400 ml \4123\,Дагалдах
"Пижеон Хөөсөн саван, 380мл, 3+ охид/7428/",Дагалдах
"Пижеон Хөөсөн саван, 380мл, 3+ хөвгүүд/7473/",Дагалдах
Пижеон хөөсөн цэвэрлэгч 0+ /бөгсний улайлт сэргийлэх/,Дагалдах
Пижеон хөөсөн шампунь /18 сараас дээш/ запас 300мл \3126\,Дагалдах
Пижеон хөөсөн шампунь /цэцгийн үнэртэй/ запас 300мл,Дагалдах
Пижеон хөөсөн шампунь ягаан запас 300мл \4512\,Дагалдах
Пижеон хүүхдийн хөөсөн шампунь запас 300мл \4499\,Дагалдах
пижеон хөөсөн шампунь 18 сар 8 цэцгийн үнэртэй шинг 300мл \3133\,Дагалдах
Пижеон хөөсөн шампунь 350мл \4482\,Дагалдах
Пижеон хөөсөн шампунь ягаан 350мл \4505\,Дагалдах
"пижеон хөөсөн шампунь, 18 сар 350мл \3119\",Дагалдах
Пижеон хөхний саалтуур N1,Дагалдах
Пижеон Хөхний саалтуурын толгой,Дагалдах
Пижеон хөхний салфетка N50,Дагалдах
Пижеон хөхний сүү хадгалах уут 180мл 25ш,Дагалдах
Пижеон хөхний сүү хөлдөөгч уут 160мл N20,Дагалдах
Пижеон хөхний сүү хөлдөөгч уут 80мл N20,Дагалдах
Пижеон хөхний сүү цуглуулагч,Дагалдах
Пижеон хөхний сүү шингээгч N126,Дагалдах
Пижеон хөхний сүү шингээгч памперс N102,Дагалдах
"Пижеон хөхний сүү шингээгч, 12ш",Дагалдах
"Пижеон хөхний сүү шингээгч, 30ш",Дагалдах
"Пижеон хөхний сүү шингээгч, 60ш",Дагалдах
Пижеон Хөхүүл эхийн амин дэм №90,Дагалдах
Пижеон хувцас ангижруулагч 600мл \1088\,Дагалдах
Пижеон хувцас зөөлрүүлэгч 400мл запас /5562/,Дагалдах
Пижеон хувцас зөөлрүүлэгч 430мл /5548/,Дагалдах
Пижеон хувцас угаах капсул вок 42ш /8259/,Дагалдах
"Пижеон хувцас угаах нунтаг вок, 1кг /9930/",Дагалдах
Пижеон хувцас угаах шингэн вок 500мл /7634/,Дагалдах
"Пижеон хувцасны будаг далайн цэнхэр, 230гр /7070/",Дагалдах
"Пижеон хувцасны будаг нил ягаан, 230гр /7230/",Дагалдах
Пижеон хувцасны будаг эмиралд ногоон 230гр /7728/,Дагалдах
Пижеон хувцасны будаг ягаан 230гр /7049 /,Дагалдах
Пижеон хумсны хайч 0 сар,Дагалдах
Пижеон хумсны хайч 3 сар,Дагалдах
Пижеон хумсны хутга /1078/,Дагалдах
Пижеон Хүүхдийн амны хөгжлийг дэмжих ногоон хазаахай 4+ сар,Дагалдах
пижеон хүүхдийн аяга N1,Дагалдах
Пижеон хүүхдийн вазелин 60гр \4000\,Дагалдах
"Пижеон Хүүхдийн ган халбага, сэрээний хослол, цэнхэр",Дагалдах
"Пижеон Хүүхдийн ган халбага, сэрээний хослол, ягаан",Дагалдах
пижеон хүүхдийн маск N1,Дагалдах
Пижеон хүүхдийн нунтаг цацлага цэнхэр 150гр,Дагалдах
Пижеон хүүхдийн резинэн халбага N1,Дагалдах
Пижеон хүүхдийн саван 2ш,Дагалдах
Пижеон хүүхдийн сойз 3 хос N3,Дагалдах
Пижеон хүүхдийн сүүн шингэн 120мл \3690\,Дагалдах
Пижеон хүүхдийн тос 50мл \4598\,Дагалдах
Пижеон хүүхдийн тос 80мл,Дагалдах
Пижеон хүүхдийн халбага сэрээний ком,Дагалдах
Пижеон хүүхдийн халбагатай угж N1,Дагалдах
Пижеон хүүхдийн хамрын нус сорогч N1,Дагалдах
Пижеон хүүхдийн хоол бэлтгэх хэрэгсэл 6in1 /3268/,Дагалдах
Пижеон хүүхдийн хос сойз цэнхэр 12+ N2,Дагалдах
Пижеон хүүхдийн хос сойз цэнхэр+ 12+ N2,Дагалдах
Пижеон хүүхдийн хос сойз ягаан 12+ N2,Дагалдах
"пижеон хүүхдийн хос сойз, ногоон 12+ №2",Дагалдах
Пижеон хүүхдийн хөөсөн саван 500мл \4390\,Дагалдах
Пижеон эмэгтэйчүүдийн хөөсөн саван,Дагалдах
Пижеон хүүхдийн хувцас угаалгын шингэн 800мл,Дагалдах
Пижеон хэлний өнгөр арилгагч /1870/,Дагалдах
Пижеон хэлний өнгөр арилгагч сойз /1238/,Дагалдах
Пижеон хэлний өнгөр арилгагч сойз 2ш /1412/,Дагалдах
Пижеон хэлний өнгөр цэвэрлэгч хуруувч 3+ сар,Дагалдах
Пижеон хярзангийн массажны тос 100мл,Дагалдах
Пижеон цацлага түрхэх порлон,Дагалдах
Пижеон чих цэвэрлэгч 2 талт хөвөн N50,Дагалдах
Пижеон чихний хөвөн /1219/ N200,Дагалдах
Пижеон чихэр шүд хамгаалах алим /9482/,Дагалдах
Пижеон чихэр шүд хамгаалах ханборгоцой N60 /8005/,Дагалдах
Пижеон чихэр шүд хамгаалах/гүзээлзгэн /4081/ N60,Дагалдах
Пижеон чихэр шүд хамгаалах/тоор/ /4609/ N60,Дагалдах
Пижеон шахмал пудр байгалийн запас /3181/,Дагалдах
Пижеон шахмал пудр нарны хамгаалалттай цагаан запас /3150/,Дагалдах
Пижеон шахмал пудр нарны хамгаалалттай шаргал запас /3167/,Дагалдах
Пижеон шахмал пудр элсэн запас /3198/,Дагалдах
Пижеон шахмал пудр нарны хамгаалалттай байгалийн /3136/,Дагалдах
Пижеон шахмал пудр нарны хамгаалалттай цагаан /3105/,Дагалдах
Пижеон шахмал пудр нарны хамгаалалттай шаргал /3112/,Дагалдах
Пижеон шахмал пудр нарны хамгаалалттай элсэн /3143/,Дагалдах
Пижеон шингэн нөхөх ионжуулсан ундаа 5122,Дагалдах
пижеон шумуулны наалт 60ш,Дагалдах
Пижеон шумуулны цацлага 50мл,Дагалдах
Пижеон шүд амны салфетик N42,Дагалдах
Пижеон шүд амны салфетка N42,Дагалдах
Пижеон шүдний  түрхлэг у/үзэм 18+,Дагалдах
Пижеон шүдний түрхлэг гүзээлзгэнэ 18С+ /0533/,Дагалдах
Пижеон шүдний түрхлэг гүзээлзгэнэтэй 40мл,Дагалдах
Пижеон шүдний түрхлэг у/үзэм 18+,Дагалдах
Пижеон шүдний хөөсөн түрхлэг \5308\,Дагалдах
Пижеон шүдний завсар угаагчтай хос сойз /ногоон/,Дагалдах
Пижеон шүдний сойз 3-6нас цэнхэр,Дагалдах
Пижеон шүдний сойз 3-6нас шар,Дагалдах
Пижеон шүдний сойз 3-6нас ягаан,Дагалдах
"Пижеон Шүдээ бүрэн угаасныг шалгах сүүн шүдний оо, 30гр",Дагалдах
"Пижеон Шүршдэг сүүн шингэн, 250мл",Дагалдах
"Пижеон Шүршдэг сүүн шингэн, 300мл",Дагалдах
Пижеон шүүс ногооны/усан үзэм+ногоо/ 5153,Дагалдах
"Пижеон Электрон шүдний сойз, ногоон, 6+ сар",Дагалдах
"Пижеон Электрон шүдний сойз, ягаан, 6+ сар",Дагалдах
Пижеон эм уулгагч,Дагалдах
Пижеон эмчилгээний тоортой тос,Дагалдах
Пижеон эмчилгээний шахмал тальк 45гр N1,Дагалдах
Пижеон эмэгтэйчүүдийн нойтон сальфетка,Дагалдах
Пижеон язралтын тос,Дагалдах
Пижеон язралтын тос премиум 125гр,Дагалдах
Покемон хазсаны дараах тайвшруулах гель 50мл №1,Дагалдах
Пороро бугуйн цаг /1759/,Дагалдах
Пороро шумуул үргээгч шүршлэг 90мл №1,Дагалдах
Пороро шумуул хазсны дараах наалт /6890/,Дагалдах
Пороро шумуулыг үргээгч наалт /1322/,Дагалдах
"ПреНАН, Хөхний сүү баяжуулагч 72гр",Дагалдах
"Принтерийн цаас Arkray SP-4430, SE-1520 N1 /Arkray Factory Inc/",Дагалдах
Протекс гарын ш/саван Cream 300мл,Дагалдах
Протекс гарын ш/саван Fresh 300мл,Дагалдах
Пульсоксиметр /9782/,Дагалдах
Радоград зөгийн балтай хоолойн хүлхмэл. №10,Дагалдах
Радоград шалфей сахаргүй. №10,Дагалдах
Рашаан chortog И32,Дагалдах
Рашаан аллея источиков №17 500мл,Дагалдах
Рашаан аллея источиков №4 500мл,Дагалдах
"Рашаан ямаровка 0,5л",Дагалдах
Рашаан ямаровка 1л,Дагалдах
РОКС Baby балжингарамтай шүдний оо 0-3нас 45гр,Дагалдах
РОКС Baby бананатай шүдний оо 45гр 0-3нас,Дагалдах
"РОКС Kids бөөрөлзгөнө, гүзээл шүдний оо 3-7 нас 45гр \0517\",Дагалдах
РОКС Kids үлээдэг бохьтой шүдний оо 4-7нас 45гр \0876\,Дагалдах
РОКС PRO Kids ойн жимстэй шүдний оо 3-7нас 45гр,Дагалдах
РОКС оо baby алимтай  0-3 нас 45гр,Дагалдах
РОКС оо baby алимтай 0-3 нас 45гр,Дагалдах
РОКС ОО PRO Baby эрдэсжүүлэх 0-3нас 45гр,Дагалдах
РОКС Biocomplex идэвхтэй хамгаалалт шүдний оо 94гр\4201\,Дагалдах
РОКС Sensation Whitening эрчимтэй цайруулах оо 94гр \2351\,Дагалдах
РОКС Sensitive эрчимжүүлсэн үйлчилгээтэй шүдний оо 94гр \3044\,Дагалдах
РОКС Актив кальци шүдний оо 94гр\ 2733\,Дагалдах
РОКС Актив магни шүдний оо 94гр \5604\,Дагалдах
"РОКС шүдний оо буйлны үрэвсэл, мэдрэгшил бууруулах  94гр \6113\",Дагалдах
"РОКС шүдний оо буйлны үрэвсэл, мэдрэгшил бууруулах 94гр \6113\",Дагалдах
РОКС Black Edition дунд зэргийн үстэй шүдний сойз \0425\,Дагалдах
РОКС КЛАССИК дунд зэргийн үстэй шүдний сойз,Дагалдах
РОКС КЛАССИК зөөлөн үстэй шүдний сойз \0128\,Дагалдах
РОКС КЛАССИК хатуу үстэй шүдний сойз,Дагалдах
РОКС Black edition цайруулагчтай ам зайлагч  250мл,Дагалдах
РОКС Black edition цайруулагчтай ам зайлагч 250мл,Дагалдах
РОКС ам зайлагч актив кальци 250мл,Дагалдах
РОКС Black Edition шүдний оо 74гр \4867\,Дагалдах
РОКС шүдний оо кофе тамхи хэрэглэсний дараа угаах  74гр\ 0623\,Дагалдах
РОКС шүдний оо кофе тамхи хэрэглэсний дараа угаах 74гр\ 0623\,Дагалдах
РОКС Junior Black кокос ванилтай шүдний оо 6-12нас 74гр \5925\,Дагалдах
РОКС Junior фруктовая радуга шүдний оо 6-12нас 74гр,Дагалдах
РОКС Junior холимог жимстэй шүдний оо 6-12нас 74гр,Дагалдах
РОКС Teens гүзээлзгэнэтэй шүдний оо 8-18нас 74гр \1910\,Дагалдах
РОКС Teens кола лемонтой шүдний оо 8-18нас 74гр \1903\,Дагалдах
РОКС PRO Brackets & Ortho шүдний оо 135гр,Дагалдах
РОКС PRO Gold Edition зөөлөн үстэй шүдний сойз,Дагалдах
РОКС сойз pro brackets & Ortho зөөлөн үстэй \0708\,Дагалдах
РОКС сойз Sensitive зөөлөн үстэй \0692\,Дагалдах
РОКС PRO Implants шүдний оо 75гр,Дагалдах
РОКС PRO Moisturizing амны хөндийг чийгшүүлэх шүдний оо 75гр,Дагалдах
РОКС pro аппраттай шүдний оо 75гр \6182\,Дагалдах
РОКС аяллын багц №2,Дагалдах
РОКС сойз baby зөөлөн үстэй  0-3нас \0333\,Дагалдах
РОКС сойз baby зөөлөн үстэй 0-3нас \0333\,Дагалдах
РОКС сойз kids зөөлөн үстэй  3-7нас \0500\,Дагалдах
РОКС сойз kids зөөлөн үстэй 3-7нас \0500\,Дагалдах
РОКС сойз junior зөөлөн үстэй  6-12нас \0753\,Дагалдах
РОКС сойз junior зөөлөн үстэй 6-12нас \0753\,Дагалдах
РОКС сойз teens дунд зэргийн үстэй 12-18нас\0746\,Дагалдах
РОКС сойз whitening дунд зэргийн үстэй  \0296\,Дагалдах
РОКС сойз whitening дунд зэргийн үстэй \0296\,Дагалдах
РОКС сойз энгийн зөөлөн үстэй \0159\,Дагалдах
РОКС шүдний сойз энгийн,Дагалдах
"Салонпас наалт /өвдөлт намдаах/ 6,5*4,2см N10",Дагалдах
"Самар, үзэмний холимог 200гр /Uzkand/",Дагалдах
Санитас гар ариутгагч гель 250мл /3186/,Дагалдах
Санитас гар ариутгагч гель бөмбөгтэй 30мл,Дагалдах
Санитас гар ариутгагч гель нинжатай 30мл,Дагалдах
Санитас гар ариутгагч гель ногоон 60мл /3278/,Дагалдах
Санитас гар ариутгагч гель шар 60мл /5185/,Дагалдах
Санитас гар ариутгагч гель энгийн 60мл /9180/,Дагалдах
Санитас гар ариутгагч гель юникорн 60мл /3599/,Дагалдах
Санитас гарын хатуу саван 90гр алое,Дагалдах
Санитас гарын хатуу саван 90гр крем,Дагалдах
Санитас гарын хатуу саван 90гр хүүхдийн,Дагалдах
Санитас гарын хөөсөн саван cherry blossom 500мл,Дагалдах
Санитас гарын хөөсөн саван ocean breeze 500мл,Дагалдах
Санитас гарын шингэн саван алое 250мл,Дагалдах
Санитас гарын шингэн саван лемон 250мл,Дагалдах
Санитас хүүхдийн гарын шингэн саван 250мл,Дагалдах
Сарнайн найрлагатай уруулын эмчилгээний тос /7545/,Дагалдах
Сарьдаг бүхэл үрийн жигнэмэг /4933/,Дагалдах
Сахараар бүрсэн бүйлс 200гр /Uzkand/,Дагалдах
Сахараар бүрсэн газрын самар 200гр /Uzkand/,Дагалдах
Сейроган шахм N100,Дагалдах
Селф кэйр амны гаатай цацлага /анар/ 20мл N1,Дагалдах
Селф кэйр амны гаатай цацлага /Гүзээлзгэнэ/ 20мл N1,Дагалдах
Селф кэйр амны үнэр дарагч цацлага ORAL CARE,Дагалдах
Селф кэйр амны цацлага минт,Дагалдах
Селф кэйр сойз Soft bristle,Дагалдах
Сени дэвсгэр 60*60см N30,Дагалдах
Сени дэвсгэр 90*60см N30,Дагалдах
Сени живх L /100-150cm/ N30,Дагалдах
Сени живх M  /100-150cm/ N30,Дагалдах
Сени живх M /100-150cm/ N30,Дагалдах
Сени живх medium-2 /75-110см/ N30,Дагалдах
Сени живх өмсдөг large-3 /100-135см/ N10,Дагалдах
Сени живх супер medium-2 /75-110см/ N10,Дагалдах
Сенна гэдэс цэвэрлэх цай N24,Дагалдах
Сенна цай 10ш,Дагалдах
"СЕРЕЛАК каш (цагаан будаа, олон жимстэй), 6 сараас 250гр",Дагалдах
"СЕРЕЛАК каш (цагаан будаа, холимог ногоотой), 6 сараас 250гр",Дагалдах
"СЕРЕЛАК сахаргүй каш (цагаан будаатай), 6+ 200гр",Дагалдах
Сойз колгет classic Plus,Дагалдах
Сойзны хайрцаг /7876/,Дагалдах
Сок Hello Baby-foods with mango 190гр N1,Дагалдах
Сок Hello Baby-foods with strawberry 190гр N1,Дагалдах
Сок шахдаг Hello baby food mango 85% 100гр N1,Дагалдах
Сок шахдаг Hello baby food strawberries 100% 100гр N1,Дагалдах
Соронзтой үнэртүүлэгч газар /0295/,Дагалдах
Соронзтой үнэртүүлэгч гүн амьсгал /0318/,Дагалдах
Соронзтой үнэртүүлэгч диваажин /0288/,Дагалдах
Соронзтой үнэртүүлэгч танхим /0301/,Дагалдах
Соронзтой үнэртүүлэгчийн запас газар /1100/,Дагалдах
Соронзтой үнэртүүлэгчийн запас гүн амьсгал /1124/,Дагалдах
Соронзтой үнэртүүлэгчийн запас диваажин /1094/,Дагалдах
Соронзтой үнэртүүлэгчийн запас танхим /1117/,Дагалдах
Софи ацх body fit slim шөнө 290 N5 /2119/,Дагалдах
Софи ацх body fit slim шөнө N10 /6377/,Дагалдах
Софи ацх body fit өдөр N10 \2287\,Дагалдах
Софи ацх body fit өдөр N20 \5677\,Дагалдах
Софи ацх goodnight шөнө slim 22.5см N8 \8427/,Дагалдах
Софи ацх goodnight шөнө slim 29см N15,Дагалдах
Софи ацх goodnight шөнө slim 42см N4 /8366/,Дагалдах
Софи ацх goodnight шөнө US 29см N14 /8410/,Дагалдах
Софи ө/тут ultra slim pantiliners үнэргүй N20 \1976\,Дагалдах
Софи ө/тут ultra slim pantiliners үнэртэй N20,Дагалдах
Спимат ногоон замаг 200мг шахм №1200,Дагалдах
Сплат avtive буйл эрүүлжүүлэх оо 40мл /4758/,Дагалдах
Сплат оо Biocalcium 40мл 4789,Дагалдах
Сплат оо Medical herbal 40мл,Дагалдах
Сплат оо Ultracomplex 40мл,Дагалдах
Сплат оо white plus 40мл \4802\,Дагалдах
Сплат био 3000ш үстэй том толгойтой сойз дундаж /0423/,Дагалдах
Сплат био аюулгүй цайруулж паалан хамгаалах ОО 100гр фторгүй /0058/,Дагалдах
Сплат био буйл эрүүлжүүлж бэхжүүлэх ОО 100гр /2589/,Дагалдах
Сплат био буйл эрүүлжүүлж бэхжүүлэх ОО 100гр /2589/ ,Дагалдах
Сплат био цайруулж буйл хамгаалахм модны нүүрстэй ОО 100гр /0424/,Дагалдах
Сплат био япон сувдаар дүүргэсэн цайруулах сойз /0393/,Дагалдах
Сплат оо active 100мл \1108\,Дагалдах
Сплат оо Biocalcium 100мл,Дагалдах
Сплат оо Medical herbs 100мл \1139\,Дагалдах
Сплат оо Professional sensitive 100мл,Дагалдах
Сплат оо Ultracomplex 100мл,Дагалдах
Сплат оо White plus 100мл,Дагалдах
"Сплат оо буйл хамгаалж,шүд цооролтоос сэргийлэх 100мл /0414/",Дагалдах
"Сплат оо паалан бэхжүүлэх,буйлны үрэвсэл 100мл /5869/",Дагалдах
Сплат оо цайруулж сэнгэнэсэн амьсгал мэдрүүлэх 100мл /5890/,Дагалдах
Сплат оо Blackwood 75мл \1856\,Дагалдах
Сплат оо Extreme white 75мл \1016\,Дагалдах
сплат оо кофе өнгөр арилгагч 75мл \1704\,Дагалдах
Сплат оо Green tea 100мл,Дагалдах
Сплат оо Likvum-gel 100мл \1122\,Дагалдах
Сплат оо гүзээлзгэнэ интоорын амттай 6 нас биоктив 50мл N1,Дагалдах
Сплат оо жимсний зайрмагны амттай 2-6 нас 50мл N1,Дагалдах
Сплат оо жимсний амттай АЕ витаминтай 6-11 нас 55мл N1,Дагалдах
Сплат оо лийрийн амттай А Е Витаминтай 6-11 нас Splat Junior 55мл N1,Дагалдах
Сплат сойз Sensitive medium,Дагалдах
Сплат сойз бактер үржүүлэхгүй 2 түвшинт нарийн үстэй N1,Дагалдах
Сплат сойз медиум шар,Дагалдах
Сплат тусгай зориулалтын зөөлөн моно сойз /8741/,Дагалдах
Сплат шүдний аппараттай хүмүүст зориулсан зөөлөн сойз /8550/,Дагалдах
"Сплат шүдний завсарын сойз, гааны амттай хэмжээ /8536/",Дагалдах
"Стандарт бэлгэвч япон  0,01мм 3ш",Дагалдах
"Стандарт бэлгэвч япон 0,01мм 3ш",Дагалдах
Сүүн хүчлийн бактерийн хүч нунт 60гр N30,Дагалдах
Сүүн шүдний оо 1+ нас гүзээлзгэнэ,Дагалдах
сүүн шүдний оо 1+ нас ксилитол,Дагалдах
сүүн шүдний оо 1+ нас усан үзэм,Дагалдах
сүүн шүдний оо 1+ нас усан үзэм ,Дагалдах
Сүүний амттай сорбиттой вафли 100 гр /3996/,Дагалдах
Сэкрэто восэ прэмиум коллаген маск 5ш енко /8653/,Дагалдах
Сэрүүцүүлэгч дэр 14 цаг /0345/,Дагалдах
Сэрүүцүүлэгч дэр зөөлөн /0352/,Дагалдах
Сэрүүцүүлэгч наалт гелэн /4763/,Дагалдах
Тариур зүүгүй 50мл (luer lock) N1,Дагалдах
Тархины тэжээл Ginkgo Leaf Extract №100 /6894/,Дагалдах
Тархины тэжээл Ginkgo Leaf Extract №200 /6900/,Дагалдах
Татуурга /Gillette/ N5,Дагалдах
Толбо арилгагч 500мл /Lion Corp./+,Дагалдах
Толбо арилгагч OEM 220мл /Lion Corp./ дис,Дагалдах
Толбо арилгагч OEM 220мл /Lion Corp./+,Дагалдах
Толбо арилгагч хөөсөн цацлага 500мл /Lion Corp./+,Дагалдах
Том хүний живх XL №10,Дагалдах
Том хүний живх дэвсдэг comefor love L /нова /,Дагалдах
Том хүний живх дэвсдэг comefor love M /нова /,Дагалдах
Том хүний живх өмсдөг comefor love L /нова /,Дагалдах
Том хүний живх өмсдөг comefor love M /нова /,Дагалдах
Том хүний живх өмсдөг comefor love XL /нова/,Дагалдах
Тоор керамид нүүрний маск 10ш енко /0134/,Дагалдах
Тор ази /том/ N1,Дагалдах
Тосон клизм Ichijiku (0-5 нас) 10мл N4,Дагалдах
Тосон клизм Ichijiku (5-12 нас) 20мл N2,Дагалдах
Тосон клизм Ichijiku 30Е (нугаламтай) 30мл N2,Дагалдах
Тосон түрхлэг жүрж /3548/,Дагалдах
Тосон түрхлэг манго /3586/,Дагалдах
Тосон түрхлэг ойн жимс /3616/,Дагалдах
Төмрийн бэлдмэл+фолийн хүчил 40ш,Дагалдах
Төрсөний дараах бүс хятад / дэвжих /,Дагалдах
Тугалчинхүү-Ануужин 100% Коллагентай тос 125мл,Дагалдах
тэжээл өгөх маск /0217/ N1,Дагалдах
Тэмээ хаздаг тоглоом,Дагалдах
Увидасу бэлгийн багц 1 /5201 /,Дагалдах
Увидасу бэлгийн багц 2 /5133/,Дагалдах
Увидасу зөгийн балтай хар сармис 580гр,Дагалдах
Увидасу сахар бууруулагч цай 125гр 25ш,Дагалдах
Увидасу уушги боргоцойн ундаа 250мл,Дагалдах
Увидасу хар сармисны ундаа 250мл,Дагалдах
Увидасу хордлого тайлах ундаа 250мл,Дагалдах
Увидасу элэгний эмч цай 125гр 25ш,Дагалдах
Угаадаг сальфетка T-Duck,Дагалдах
Улаан чавганы цай 10ш,Дагалдах
Ундаа lemon Ginger ундаа 500мл N1,Дагалдах
Ундаа VitaminC Sparkling 0.5л N1,Дагалдах
Унтлагын өлгий Зузаан цагаан /эсү 8547/,Дагалдах
Унтлагын өлгий нимгэн саарал /эсү 8530/,Дагалдах
Ургана ангижруулагч 250мл,Дагалдах
Ургана шампуунь 500мл,Дагалдах
Уруул өнгөлөгч Glicemille SPF15,Дагалдах
Уруул өнгөлөгч Glicemille SPF20,Дагалдах
Уруулын эмчилгээний тос /1746/,Дагалдах
Уруулын эмчилгээний тос /7552/,Дагалдах
Ус супер H20 /Биеийн шингэн нөхдөг/ N1,Дагалдах
Ус эрдэсжүүлэгч 60ш таблет,Дагалдах
Усаар шүд цэвэрлэгч N1,Дагалдах
Усаар шүд цэвэрлэгч плас N1,Дагалдах
Усны темпартур хятад / дэвжих/,Дагалдах
устгах Пороро шумуулыг үргээгч наалт /6869/,Дагалдах
Устгах Цэнэг- Гоо сайхны бэлдмэл шин 100мл N10,Дагалдах
устгах Цэнэг э/ундаа алтангагнууртай 100мл N1,Дагалдах
устгахВим мед Өндөг хатгагч N100 1288,Дагалдах
Утлаганий аппарат мини /JSL-W302/,Дагалдах
Утлагын аппарат машинтай улаан /8777/,Дагалдах
Утлагын аппарат нохойтой/Цахиур Төмөр/,Дагалдах
"Уураг, витаминтай цэлцэгнүүрт ундаа N1 /1358/",Дагалдах
Уургийн цэлцэгнүүрт ундаа N1,Дагалдах
үе мөчний тос урга 100гр,Дагалдах
Үзлэгийн бээлий /Sritrang/size-L N50 хос,Дагалдах
Үзлэгийн бээлий /Sritrang/size-M N50 хос,Дагалдах
Үзлэгийн бээлий ариун L,Дагалдах
Үзлэгийн бээлий ариун M,Дагалдах
Үзлэгийн бээлий ариун S,Дагалдах
Үзлэгийн бээлий ариун S ,Дагалдах
Үзлэгийн дэвсгэр цаас рулонтой 100м N1,Дагалдах
Файн габа тархины тэжээл N60 /1250/,Дагалдах
Файн гингко ой ухаан сайжуурлах /1038/,Дагалдах
Файн глюкозамин хондротин N540 /1879/,Дагалдах
Файн мета кофе N60 /4924/,Дагалдах
Файн ногоон коктейл нунтаг /8472/,Дагалдах
Файн Омега3 N150 /8410/,Дагалдах
Файн өөх хайлуулагч 3781ш N150,Дагалдах
Файн хар сармис N120 /4696/,Дагалдах
Файн хөлний улны наалт N6,Дагалдах
Файн шөнийн коллаген /7375/,Дагалдах
"Фитне кофе Q10, L карнитин N10",Дагалдах
Фитне кофе with L-Carnitine 110гр № 10,Дагалдах
Фитне кофе колланген 150гр N10,Дагалдах
Фитне кофе цагаан шош 150гр N10,Дагалдах
"Фитне кофе эслэг, каллогентай N10",Дагалдах
Фитне ногоон цай N15,Дагалдах
Фитне цай /гүзээлзгэнэ/ 12ш,Дагалдах
Фитне цай оригинал  N20,Дагалдах
Фитне цай оригинал N20,Дагалдах
Фитне цай үхрийн нүдтэй 15ш,Дагалдах
Фолийн хүчил DHC шахм 400ОУН N30,Дагалдах
Хагас боди цагаан 12-18сар Би ирээдүйн дэлхийн иргэн  /эсү 3013/,Дагалдах
Хагас боди цагаан 12-18сар Би ирээдүйн дэлхийн иргэн /эсү 3013/,Дагалдах
Хагас боди цагаан 12-18сар Гоо марс /эсү 9442/,Дагалдах
Хагас боди цагаан 12-18сар Надад том мөрөөдөл бий /эсү 3259/,Дагалдах
Хагас боди цагаан 9-12сар Гоо марс /эсү 9435/,Дагалдах
Хагас боди цагаан 9-12сар Надад том мөрөөдөл бий /эсү 3242/,Дагалдах
Хаггис Baby Wipes тайвшруулах салфетка 72ш ягаан,Дагалдах
Хаггис гүн цэвэрлэгээнд зориулсан хүүхдийн салфетка 72ш улаан,Дагалдах
"Хаггис Baby Wipesэмзэг арьсны,чийгшүүлэх салфетка 64ш ногоон",Дагалдах
Хаггис н/сальф Aleo vera ногоон /0595/ N64,Дагалдах
Хаггис н/сальф Aleo vera ногоон N64 /9990/,Дагалдах
Хаггис н/сальф Aleo vera цэнхэр /0618/ N64,Дагалдах
Хаггис н/сальф Aleo vera шар /0601/ N64,Дагалдах
Хаггис maxdry  L 9-13кг  N60ш,Дагалдах
Хаггис maxdry  L 9-13кг N60ш,Дагалдах
Хаггис maxdry M 7-10кг N72ш,Дагалдах
Хаггис maxdry S 4-8кг N58,Дагалдах
Хаггис maxdry S 4-8кг N58,Дагалдах
Хаггис maxdry XL 11-16кг 50ш,Дагалдах
Хаггис М 5-9 кг №76,Дагалдах
Хаггис платинум L 10-14кг N20,Дагалдах
Хаггис платинум L 10-14кг N54,Дагалдах
Хаггис платинум M 7-11кг N24,Дагалдах
Хаггис платинум M 7-11кг N54,Дагалдах
Хаггис платинум NB 5кг N24,Дагалдах
Хаггис платинум № 0 0-4кг N30,Дагалдах
Хаггис платинум №2 N70,Дагалдах
Хаггис платинум №4 N74,Дагалдах
Хаггис Платинум №5 12-18кг N70,Дагалдах
Хаггис платинум S 3-8кг 24,Дагалдах
Хаггис платинум XL 11-18кг N46,Дагалдах
Хаггис платинум XL 12-18кг N20,Дагалдах
Хай хай сүү 0-9 сар 130гр,Дагалдах
Хай хай сүү 0-9 сар 300гр,Дагалдах
Хай хай сүү 0-9 сар 850гр,Дагалдах
Хайрцагтай өлгий даавуу цэнхэр,Дагалдах
Хайрцагтай өлгий даавуу яагаан,Дагалдах
"Халва /наран цэцгийн,фруктозтой/ 68гр",Дагалдах
"Халва /самрын, фруктозтой/ 68гр",Дагалдах
Халва газрын самар жимсний бүрхүүлтэй 50гр /5761/,Дагалдах
Халва наран цэцгийн жимсний бүрхүүлтэй 50гр /5754/,Дагалдах
Халдаг наалт 10ш Глюкозаминтай,Дагалдах
Халуун бууруулах наалт /8987/,Дагалдах
Хамгаалалтын комбинзон эмн/х /нэг удаагийн/ N1,Дагалдах
Хамрын үнэртүүлэгч гавар ванилтай /0769/,Дагалдах
Хамрын үнэртүүлэгч гавар жүржтэй /0394/,Дагалдах
Хамрын үнэртүүлэгч гавар лемонтой /0677/,Дагалдах
Хамрын үнэртүүлэгч гавар манго /0738/,Дагалдах
Хамрын үнэртүүлэгч гавар ойн жимстэй /0707/,Дагалдах
Хамрын үнэртүүлэгч гавар үндсэн /0219/,Дагалдах
Хамрын үнэртүүлэгч гавар хүчтэй /1131/,Дагалдах
Хар гааны ханд Black Ginger /2265/,Дагалдах
Хатаасан аарц аньстай N1,Дагалдах
Хатаасан аарц нунт N1,Дагалдах
Хатаасан аарц чацарганатай N1,Дагалдах
Хатаасан хар үзэм 250гр /Uzkand/,Дагалдах
Хатаасан чангаанз 200гр /Uzkand/,Дагалдах
Хатад өдрийн ац/хэрэглэл N10 /7058/,Дагалдах
Хатад өдрийн ац/хэрэглэл N20 /7065/,Дагалдах
Хатад шөнийн ац/хэрэглэл N16 /7072/,Дагалдах
Хатад шөнийн ац/хэрэглэл N8 /7041/,Дагалдах
Хатомуги+сувдан нүүрний маск 33ш енко /0097/,Дагалдах
Хигия бөөс/эсрэг шампунь 1% 120гр,Дагалдах
Хийжүүлсэн эрүүл мэндийн ундаа Алим 140мл,Дагалдах
Хийжүүлсэн эрүүл мэндийн ундаа Жүрж 140мл,Дагалдах
Хийжүүлсэн эрүүл мэндийн ундаа Лемон 140мл,Дагалдах
Хиймэл шүд ариутгагч 30ш,Дагалдах
Хиймэл шүд барицалдуулагч гель 40гр,Дагалдах
Хиймэл шүд цэвэрлэгч №96,Дагалдах
Хиймэл шүдний зориулалтын сав,Дагалдах
хоолой ам зайлах давс урга 80гр,Дагалдах
Хоолойн хүлхмэл hone №12,Дагалдах
Хоолойн хүлхмэл mentol №12,Дагалдах
Хоолойн хүлхмэл sag №12,Дагалдах
Хоргүйжүүлэх H2 ус,Дагалдах
Хөл дулаацуулагч L /0468/,Дагалдах
"Хөл дулаацуулагч,халаагч /0451/",Дагалдах
Хөхний памперс шар N60 /3777/,Дагалдах
Хөхний саалтуур/ зузаахай/ N1,Дагалдах
Хөхний сүү хадгалах уут 120мл 25уут,Дагалдах
Хөхний сүү хадгалах уут 120мл 25уут ,Дагалдах
Хөхний сүү хадгалах уут N25,Дагалдах
Хөхний сүү хадгалах уут N50,Дагалдах
Хөхүүл үеийн амин дэмDHC Perfect Supplement V & M Nursing капс N120,Дагалдах
Хувцас зайлагч шингэн 2.1л /Lion Corp./ дис,Дагалдах
Хувцас зайлагч шингэн 2.1л /Lion Corp./+,Дагалдах
"Хувцасны будаг, Хар , 230гр /7131/",Дагалдах
Хужирт /бөмбөлөгтэй/ 330мл,Дагалдах
Хужирт /бөмбөлөгтэй/ 500мл,Дагалдах
ХУЖИРТ байгалийн эрдэст ус 0.3,Дагалдах
ХУЖИРТ байгалийн эрдэст ус 0.5,Дагалдах
ХУЖИРТ байгалийн эрдэст ус 0.86,Дагалдах
ХУЖИРТ байгалийн эрдэст ус 1.5,Дагалдах
Хужирт иода /иоджуулсан эрдэст ус/ 860мл,Дагалдах
Хужирт иода/иоджуулсан эрдэст ус / 500мл,Дагалдах
"Хужирт ус цангистай 0,33л",Дагалдах
Хулуу амтат төмстэй чипсэн өрмөнцөр /2412/,Дагалдах
хумсны хутга А625R,Дагалдах
хумсны хутга А6611-2,Дагалдах
хумсны хутга А6611-5,Дагалдах
Хумсны хутга ком хүүхдийн 0+ сар / PETERBOO/,Дагалдах
Хумсны хутга томруулдаг шилтэй 0+ сар /гранд төгс ха/,Дагалдах
Хумсны хутга энгийн 0+ сар цэнхэр /Best-BB/ /гранд төгс ха/,Дагалдах
Хумсны хутга энгийн 0+ сар яагаан /Best-BB/ /гранд төгс ха/,Дагалдах
Хунчиртай эрүүл мэндийн тоник /хор саармагжуулах бүтээгдэхүүн/ N5,Дагалдах
Хуш модны самар 200гр,Дагалдах
Хуш модны самрын чөмөг 100гр,Дагалдах
Хуш модны самрын чөмөг 10гр N28,Дагалдах
Хуш модны самрын чөмөг 150гр,Дагалдах
Хуш модны самрын чөмөг 150гр1,Дагалдах
Хуш модны самрын чөмөг 300гр,Дагалдах
Хуш модны самрын чөмөг 50гр,Дагалдах
Хуш модны самрын чөмөг 60гр,Дагалдах
Хушга 150гр /Uzkand/,Дагалдах
Хүзүү мөр амраагч /0475/,Дагалдах
Хүүхдийн живх BB KITTY L №1,Дагалдах
Хүүхдийн живх BB KITTY L-46ш №1,Дагалдах
Хүүхдийн живх BB KITTY L-46ш №1 ,Дагалдах
Хүүхдийн живх BB KITTY M №1,Дагалдах
Хүүхдийн живх BB KITTY M-52ш №1,Дагалдах
Хүүхдийн живх BB KITTY M-52ш №1 ,Дагалдах
Хүүхдийн живх BB KITTY NB-32ш №1,Дагалдах
Хүүхдийн живх BB KITTY NB-32ш №1 ,Дагалдах
Хүүхдийн живх BB KITTY S №1,Дагалдах
Хүүхдийн живх BB KITTY S-60ш №1,Дагалдах
Хүүхдийн живх BB KITTY S-60ш №1 ,Дагалдах
Хүүхдийн живх BB KITTY XL №1,Дагалдах
Хүүхдийн живх BB KITTY XL-44ш №1,Дагалдах
Хүүхдийн живх BB KITTY XL-44ш №1 ,Дагалдах
Хүүхдийн живх BB KITTY XXL-40ш №1,Дагалдах
Хүүхдийн живх өмсдөг BB KITTY L №1,Дагалдах
Хүүхдийн живх өмсдөг BB KITTY L-46ш №1,Дагалдах
Хүүхдийн живх өмсдөг BB KITTY L-46ш №1 ,Дагалдах
Хүүхдийн живх өмсдөг BB KITTY M-48ш №1,Дагалдах
Хүүхдийн живх өмсдөг BB KITTY M-48ш №1 ,Дагалдах
Хүүхдийн живх өмсдөг BB KITTY XL №1,Дагалдах
Хүүхдийн живх өмсдөг BB KITTY XL-44ш №1,Дагалдах
Хүүхдийн живх өмсдөг BB KITTY XL-44ш №1 ,Дагалдах
Хүүхдийн живх өмсдөг BB KITTY XXL №1,Дагалдах
Хүүхдийн живх өмсдөг BB KITTY XXL-40ш №1,Дагалдах
Хүүхдийн живх өмсдөг BB KITTY XXL-40ш №1 ,Дагалдах
Хүүхдийн маск /6630/,Дагалдах
Хүүхдийн маск нэг удаа энгийн /Сайнаа/ N1,Дагалдах
Хүүхдийн нойтон салфетка BB KITTY-20ш №1,Дагалдах
Хүүхдийн нойтон салфетка BB KITTY-80ш №1,Дагалдах
"Хүүхдийн органик нухаш алим, банана, гүзээлзгэнэ /0024/",Дагалдах
"Хүүхдийн органик нухаш алим, банана, манго, гүйлс /0031/",Дагалдах
"Хүүхдийн органик нухаш алим, Гүзээлзгэнэ, Усан үзэм, овьёос",Дагалдах
"Хүүхдийн органик нухаш алим, лийр /0901/",Дагалдах
"Хүүхдийн органик нухаш алим, лийр, банана /0017/",Дагалдах
"Хүүхдийн органик нухаш алим, чавга /0918/",Дагалдах
Хүүхдийн тосгууртай энгэрэвч /8058/,Дагалдах
"Хүүхдийн үсний даахиралт арилгах шампунь-бальзам Витамин В5-тэй 3+, 350 мл",Дагалдах
Хүүхдийн хамар цэвэрлэгч N1,Дагалдах
Хүүхдийн хоолны шахдаг халбага /8881/,Дагалдах
Хүүхдийн хөнжил 110*110см /эсү 6987/,Дагалдах
Хүүхдийн чихний бөглөө 4ш /Ням/,Дагалдах
Хүүхдийн шампуунь BB KITTY GIRL №1,Дагалдах
Хүүхдийн шингэн тос /Лаванда/ 300мл,Дагалдах
Хүүхдийн шүдний оо B&B Rasebery 80гр,Дагалдах
хүүхдийн шүдний оо Ампамен 40гр,Дагалдах
Хүүхдийн шүдний оо гүзээлзгэнэтэй 80гр,Дагалдах
Хүүхдийн шүдний сойз 4-6нас /Lion Corp./ дис,Дагалдах
Хүүхдийн шүдний сойз 4-6нас /Lion Corp./+,Дагалдах
Хүүхдийн шүдний сойз 7-12нас /Lion Corp./+,Дагалдах
Хүүхдийн шүдний сойз 7-12нас /Lion Corp./дис,Дагалдах
Хүүхдийн шүлсэвч /6531/,Дагалдах
Хүүхдийн энгэрэвч /6524/,Дагалдах
Хүүхдийн ягаан дэвтэр,Дагалдах
Хүчилтөрөгчийн маск баллонтой heavy өндөр даралтад /0050/,Дагалдах
Хүчилтөрөгчийн маск баллонтой mint /0036/,Дагалдах
Хүчилтөрөгчийн маск баллонтой regular /0043/,Дагалдах
Хэл цэвэрлэгч хавтгай хятад №32,Дагалдах
Хэлний өнгөр цэвэрлэгч /1122/,Дагалдах
Хэлний өнгөр цэвэрлэгч /1191/,Дагалдах
Хэлний өнгөр цэвэрлэх сойз хусагчтай 6187,Дагалдах
Хээлэн адууны тос,Дагалдах
Хээлэн арцтай хатуу шампунь,Дагалдах
Хээлэн гангатай хатуу шампунь,Дагалдах
Хээлэн хуйх гүн цэвэрлэх хатуу шампунь,Дагалдах
Хээлэн чацарганатай хатуу шампунь,Дагалдах
Хээлэн бие угаагч бээлий,Дагалдах
Хээлэн биеийн хуурай сойз,Дагалдах
Хээлэн ванны давс,Дагалдах
Хээлэн гарын тэжээлийн тос,Дагалдах
Хээлэн кофе скраб,Дагалдах
"Хээлэн кофе, какоатой нүүр биеийн саван",Дагалдах
Хээлэн мянгат эсгий саван,Дагалдах
Хээлэн нохойн хошуун тостой уруулын тэжээлийн тос,Дагалдах
Хээлэн чацарганатай уруулын тэжээлийн тос,Дагалдах
Хээлэн нүүрстэй нүүр биеийн саван,Дагалдах
"Хээлэн овъёос, зөгийн балтай нүүр биеийн саван",Дагалдах
Хээлэн хүүхдийн нүүр биеийн саван,Дагалдах
Хээлэн шавартай нүүр биеийн саван,Дагалдах
Хээлэн толбо арилгагч саван,Дагалдах
Хээлэн угаалгын органик саван,Дагалдах
Хээлэн халгайтай ванны бөмбөг,Дагалдах
Хээлэн чацарганатай ванны бөмбөг,Дагалдах
Хээлэн халгайтай нүүр биеийн саван,Дагалдах
Хээлэн чацарганатай нүүр биеийн саван,Дагалдах
"Хээлэн халгайтай үс, хуйхны тэжээлийн тос",Дагалдах
Хээлэн халгайтай эмчилгээний тос,Дагалдах
Хээлэн хатуу ангижруулагч,Дагалдах
Хээлэн хонины сүүлний тос,Дагалдах
Хээлэн хулсан сам,Дагалдах
Хээлэн хүүхдийн массажны шингэн тос,Дагалдах
Хээлэн хүүхдийн тэжээлийн өтгөн тос,Дагалдах
Хээлэн хүүхдийн хатуу шампунь,Дагалдах
Хээлэн чацарганатай биеийн шингэн тос,Дагалдах
"Хээлэн шампунь, ангижруулагчны том сав",Дагалдах
Хялбар өлгий 0-6 сар /эсү 8523/,Дагалдах
Цаа буга хаздаг тоглоом,Дагалдах
"Цагаан гаа, улаан чавгатай цай N5",Дагалдах
Цагаан оймс /эсү 9275/,Дагалдах
Цайр DHC капс 15мг N30,Дагалдах
Цистон шахмал 130мг N180 /The Himalaya/,Дагалдах
"Цүнх baby багц 2 төрөл баавгайтай, туулайтай /гранд төгс ха/",Дагалдах
Цүнх анхны тусламж дөрвөлжин цагаан /гранд төгс ха/,Дагалдах
Цүнх бага насны ягаан /гранд төгс ха/,Дагалдах
Цүнх Бизнес эмэгтэй шаргал /гранд төгс ха/,Дагалдах
Цүнх Бизнес эрэгтэй хар /гранд төгс ха/,Дагалдах
Цүнх гэр бүлийн багц том цэнхэр /гранд төгс ха/,Дагалдах
"Цүнх өсвөр насных 3 өнгө / цагаан, ягаан, шар/ /гранд төгс ха/",Дагалдах
Цүнх сэтгэл амар /тунгалаг/ /гранд төгс ха/,Дагалдах
Цүнх тухтай нислэг улаан ороодог /гранд төгс ха/,Дагалдах
"Цэвэр ус 1,5мл N1",Дагалдах
Цэвэр ус 330мл N1,Дагалдах
Цэвэр ус 500мл N1,Дагалдах
Цэнэг Витос шин [Дархлаа сайжруулах бэлдмэл] 100мл N1,Дагалдах
Цэнэг Витос шин [Элэг хамгаалах бэлдмэл] 100мл N1,Дагалдах
Цэнэг Витос шин [Элэг хамгаалах бэлдмэл] 100мл N1 0253,Дагалдах
Цэнэг Витос шин [Дархлаа сайжруулах бэлдмэл] 100мл N10 0444,Дагалдах
Цэнэг Витос шин [Элэг хамгаалах бэлдмэл] 100мл N10,Дагалдах
Цэнэг- Гоо сайхны бэлдмэл шин 100мл N1 0215,Дагалдах
Цэнэг э/ундаа алтангагнууртай 100мл N1 /0222/,Дагалдах
Цэнэг э/ундаа Барагшун 100мл N1 0239,Дагалдах
Цэнэг э/ундаа бөөр хамгаалах 100мл N1 0246,Дагалдах
Цэнэг э/ундаа уушги хамгаалах 100мл N1 /1151/,Дагалдах
Цэнэг- Гоо сайхны бэлдмэл шин 100мл N10 0390,Дагалдах
Цэнэг э/ундаа алтангагнууртай 100мл N10 /0406/,Дагалдах
Цэнэг э/ундаа Барагшун 100мл N10 0413,Дагалдах
Цэнэг э/ундаа бөөр хамгаалах 100мл N10,Дагалдах
Цэнэг э/ундаа уушги хамгаалах 100мл N10 /1168/,Дагалдах
Чацаргана жимстэй Зөгийн балтай цай N10,Дагалдах
Чацаргана жимстэй Зөгийн балтай цай N5,Дагалдах
Чацаргана жимстэй эрүүл мэндийн тоник /хор саармагжуулах бүтээгдэхүүн/ N5,Дагалдах
"Чацарганатай гэмтсэн үсний бальзам, 400 мл",Дагалдах
"Чацарганатай хуурай болон энгийн үсний маск, 300 мл",Дагалдах
Чийгшүүлэх гель AQUAglide anal sex 100мл 7138,Дагалдах
Чийгшүүлэх гель JD anal sex 80мл 5219,Дагалдах
Чийгшүүлэх нүүрний маск И1,Дагалдах
Чийгшүүлэх уруул өнгөлөгч  Glicemille SPF15,Дагалдах
Чийгшүүлэх уруул өнгөлөгч Glicemille SPF15,Дагалдах
Чих уснаас хамгаалах наалт хүүхдийн №30 /2118/ /гранд төгс ха/,Дагалдах
Чих ухагч гэрэлтдэг / PETERBOO/ /гранд төгс ха/,Дагалдах
Чих цэвэрлэгч хөвөн N200 /Beauty/,Дагалдах
Чихний бөглөө жижиг хайрцагтай  /Ням /,Дагалдах
Чихний бөглөө жижиг хайрцагтай  /Ням / ,Дагалдах
Чихний бөглөө жижиг хайрцагтай /Ням /,Дагалдах
Чихний бөглөө жижиг шар /Ням/,Дагалдах
Чихний хөвөн /0299/,Дагалдах
Чихний хөвөн өнгийн 300ш /гранд төгс ха/,Дагалдах
Чихний хөвөн чих ухагчтай,Дагалдах
Чихний хөвөн чих ухагчтай ,Дагалдах
Чихрийн шижингийн цай 10ш,Дагалдах
Шивэрний тос 30гр /Япон/,Дагалдах
Шилмүүс ууттай /амгаланзаяа/,Дагалдах
"Шингэн вок, халдваргүйжүүлэгчтэй, 1л /0609/",Дагалдах
"Шингэн вок, халдваргүйжүүлэгчтэй, 500мл /5004/",Дагалдах
Шингэн нөхөгч электролит ус Витамин С-тэй 500мл N1,Дагалдах
Шингэн нөхөгч электролит ус Кальцитай 500мл N1,Дагалдах
Шингэн нөхөгч электролит ус Оригнал 500мл N1,Дагалдах
Шингэн нөхөгч электролит ус Цайртай 500мл N1,Дагалдах
Шингэн нөхөгч электролит ус Эслэгтэй 500мл N1,Дагалдах
Шингэн уудаг коллаген N1,Дагалдах
Шингэн хүчилтөрөгч /Spa O2 bar/ 30мл N1,Дагалдах
Шинэ төрсөн нярайн багц1 ягаан /эсү 9872/,Дагалдах
Шинэ төрсөн нярайн багц2 цэнхэр /эсү 9889/,Дагалдах
Шинэ төрсөн нярайн багц3 цагаан /эсү 9896/,Дагалдах
Шинэ угж угаах шингэн 200мл,Дагалдах
Шинэ угж угаах шингэн 650мл запас,Дагалдах
Шинэ угж угаах шингэн 650мл запас  юүзү,Дагалдах
Шинэ угж угаах шингэн 650мл запас юүзү,Дагалдах
Шинэ угж угаах шингэн 700мл,Дагалдах
Шинэ угж угаах шингэн 700мл Юүзү,Дагалдах
"Шоколад, самрын амттай сорбиттой вафли 100гр /4009/",Дагалдах
Шумуулны наалт И6 /7114 /,Дагалдах
Шумуулын наалт №60 /Abaj /,Дагалдах
Шумуулын түрхлэг 20мл,Дагалдах
"Шүдний аппарат, хиймэл шүд хайрцаг /1331/",Дагалдах
Шүдний оо 150г /Lion Corp./ дис,Дагалдах
Шүдний оо 150г /Lion Corp./+,Дагалдах
Шүдний утас 50м /2051/,Дагалдах
Шүдний утас Fresh up 50м,Дагалдах
Шүдний чигчлүүр 50ш,Дагалдах
Шүдний чигчлүүр №200 /Нахиа/,Дагалдах
Шүршдэг ванны нунтаг магни сэргээгч 750гр 523545,Дагалдах
Шүршдэг ванны нунтаг магни тайвшруулах 750гр 523514,Дагалдах
Шүршдэг ванны нунтаг магни тархи 750 гр 523576,Дагалдах
Шүршдэг витамин 1000D 15мл,Дагалдах
Шүршдэг витамин B12 N1 2893,Дагалдах
Шүршдэг витамин D+K2 хүүхэд /2050/,Дагалдах
Шүршдэг витамин D4000 N1 5529,Дагалдах
Шүршдэг витамин Dlux+K2 N1 5101,Дагалдах
Шүршдэг витамин В комплекс 25мл,Дагалдах
Шүршдэг витамин нярайн D400 N1 0816,Дагалдах
Шүршдэг витамин С 15мл 2463,Дагалдах
Шүршдэг витамин Том хүний Mult Vit N1 6292,Дагалдах
Шүршдэг витамин төмөр 25мл,Дагалдах
Шүршдэг витамин хүүхдийн D400 N1 0823,Дагалдах
Шүршдэг витамин Хүүхдийн Mult Vit N1 0396,Дагалдах
Шүршдэг витамин цайр 50мл,Дагалдах
Шүршдэг мagnesium Seep Kids Flakes 750g 3781,Дагалдах
Шүршдэг мagnesium Sleep Kids Spray 100ml 3705,Дагалдах
Шүршдэг магни биеийн тосон спрей 100мл 0100,Дагалдах
Шүршдэг магни булчин суллах биеийн спрей 100мл 2838,Дагалдах
Шүршдэг магни булчингий ванны нунтаг 1кг 3194,Дагалдах
Шүршдэг магни нойрны ванны нунтаг 1кг 2944,Дагалдах
Шүршдэг магни нойрны лосьон  180мл 2241,Дагалдах
Шүршдэг магни нойрны лосьон 180мл 2241,Дагалдах
Шүршдэг магни тайвшруулах биеийн спрей 100мл 0186,Дагалдах
Шүршдэг магни үе мөчний биеийн спрей 100мл 0315,Дагалдах
Шүршдэг магни хүүхдийн нойрны лосьон 135мл 2258,Дагалдах
Шүршдэг магни Эмзэг арьсны спрей 100мл 1374,Дагалдах
Шүршдэг магнитай биеийн лосьон  180мл 1251,Дагалдах
Шүршдэг магнитай биеийн лосьон 180мл 1251,Дагалдах
Шүршдэг магнитай ванны нунтаг 1кг 0339,Дагалдах
Шүршдэг магнитай ванны нунтаг 250гр 0575,Дагалдах
Шүршдэг магнитай гель 150мл 0469,Дагалдах
Шүршдэг магнитай нойрны ванны нунтаг 250гр 3675,Дагалдах
Эко ногоон ургамал 8132 10гр N30,Дагалдах
Эко ногоон ургамал N10,Дагалдах
Эко уусдаг цай / аньстай / 20гр N50,Дагалдах
Эко уусдаг цай / нэрстэй / 20гр N50,Дагалдах
Эко уусдаг цай / чацарганатай / 20гр N50,Дагалдах
Эко уусдаг цай / чацарганатай / 20гр N1,Дагалдах
Эко уусдаг цай /холимог/ N9,Дагалдах
Элэг хамгаалах hepalyse 100мл,Дагалдах
Элэг хамгаалах hepalyse 100мл ,Дагалдах
Элэг хамгаалах бэлдмэл нунт /Yoizame no ondo /12.7гр N10,Дагалдах
Эмийн сав  өнгийн нэмэх тэмдэгтэй /гранд төгс ха/,Дагалдах
Эмийн сав өнгийн нэмэх тэмдэгтэй /гранд төгс ха/,Дагалдах
Эмийн сав бантиктай,Дагалдах
Эмийн сав бантиктай ,Дагалдах
Эмийн сөд,Дагалдах
Эмнэлэгийн магадлагаа,Дагалдах
Энгэрэвч бамбарууштай S /эсү 2842/,Дагалдах
Энгэрэвч бамбарууштай М /эсү 4372/,Дагалдах
Энгэрэвч навчтай S /эсү 2859/,Дагалдах
Энгэрэвч навчтай М /эсү 4389/,Дагалдах
Энергийн ундаа 450мл Вишня Кола,Дагалдах
Энергийн ундаа 450мл Гуава персик,Дагалдах
Энергийн ундаа 450мл малина мята,Дагалдах
Энергийн ундаа 450мл Пина Колада,Дагалдах
Энергийн ундаа Gorilla can 250мл,Дагалдах
Энергийн ундаа Gorilla can 450мл,Дагалдах
Энергийн ундаа Gorilla mango coconut 450мл,Дагалдах
Энергийн ундаа Gorilla peach450мл,Дагалдах
Энергийн ундаа Wake up 250мл,Дагалдах
Энергийн цэлцэгнүүр ундаа N1,Дагалдах
Энхжин бөөрний цай N20,Дагалдах
Энхжин булцуут цэцгийн цай N20,Дагалдах
Энхжин гоолингоо тураах цай 2гр N25,Дагалдах
Энхжин гэдэс цэвэрлэх цай N20,Дагалдах
Энхжин дархлаа сэргээх цай 2гр N20,Дагалдах
Энхжин Зуу наслаарай цай 2гр N40,Дагалдах
Энхжин тайвшруулах цай N20,Дагалдах
Энхжин Уушги цэвэрлэх цай 30гр N20,Дагалдах
Энхжин цэвэрлэх цай нунт 40гр N20,Дагалдах
Энхжин Чихрийн шижингийн эсрэг нунт цай N20,Дагалдах
Энхжин элэг хамгаалах N20,Дагалдах
Эрдэнэ шиш бор будааны өрмөнцөр савхан /2436/,Дагалдах
"Эрт нярайн багц, цэнхэр /эсү/ 0930",Дагалдах
"Эрт нярайн багц, ягаан /эсү 0978/",Дагалдах
Эрүүл мэндийн ундаа Sos hangover шинг 250мл N1,Дагалдах
Эрчимтэй тураах цагаан гаа /5820/,Дагалдах
Эрчүүдийн амин дэм DHC Maca капс 405мг N90,Дагалдах
Эсэн-шүдний чигчлүүр утас N50,Дагалдах
Ээжийн малгай цэнхэр /эсү 9148/,Дагалдах
Ээжийн малгай ягаан /эсү 9131/,Дагалдах
Юүскин 180гр N1,Дагалдах
Юүскин 90гр N1,Дагалдах
Юүскин A крем 120гр N1,Дагалдах
Юүскин A крем шахдаг 40гр N1,Дагалдах
Юүскин I крем 110гр N1,Дагалдах
Юүскин I лосьон 130мл N1,Дагалдах
Юүскин S 120мл,Дагалдах
Юүскин S 40мл,Дагалдах
Юүскин S 40мл ,Дагалдах
Юүскин А 80гр N1,Дагалдах
Юүскин запас 180гр N1,Дагалдах
Юүскин Сисора лосьон /запас / 170гр,Дагалдах
Юүскин Сисора лосьон 170гр,Дагалдах
Юүскин Сисора лосьон шахдаг 76гр,Дагалдах
Юүскин сисора нарны тос SPF 38,Дагалдах
Юүскин сисора нарны тос SPF 50,Дагалдах
Юүскин сисора нүүрний маск,Дагалдах
Юүскин Сисора тос 110гр,Дагалдах
Юүскин Сисора тос шахдаг 38гр,Дагалдах
"Юүскин уруулын тос 3,5гр N1",Дагалдах
Юүскин уруулын тэжээлийн тос 8.5гр +,Дагалдах
Юүскин шингэн саван 500мл N1,Дагалдах
Яаралтай тусламжийн хуудас №100,Дагалдах
Ядаргаа тайлах цай  180гр,Дагалдах
Ядаргаа тайлах цай 180гр,Дагалдах
Япон цай 24гр мөөгтэй,Дагалдах
Япон цай 24гр чавгатай,Дагалдах
 Medicube (US) AGE-R BOOSTER PRO BLACK /4732/,Брэнд
 Medicube (US) AGE-R BOOSTER PRO PINK /4481/,Брэнд
Medicube (US) AGE-R BOOSTER PRO BLACK /4732/,Брэнд
Medicube (US) AGE-R BOOSTER PRO PINK /4481/,Брэнд
 Medicube BOOSTER PRO HEAD CASE /4566/,Брэнд
 Medicube BOOSTER PRO HEAD CASE BLACK /9913/,Брэнд
Medicube BOOSTER PRO HEAD CASE /4566/,Брэнд
Medicube BOOSTER PRO HEAD CASE BLACK /9913/,Брэнд
Arencia Fresh Red Smoothie Serum 30 2g /1773/,Брэнд
Arencia Holy Hyssop Serum 30 2g /1940/,Брэнд
Arencia Rice Mucin Glow Serum 30 2g /1780/,Брэнд
Arencia арьсны өнгийг сэргээх ягаан серум 30мл /1735/,Брэнд
Arencia арьсны өнгийг сэргээх ягаан серум 50гр /1889/,Брэнд
"Arencia гиссопын хандтай тайвшруулж, үрэвсэл намдаах серум 50гр /0820/",Брэнд
Arencia цагаан будааны муцин серум 50гр /1766/,Брэнд
"Arencia гиссопын хандтай тайвшруулж, үрэвсэл намдаах даавуун маск 5ш /1612/",Брэнд
"Arencia гиссопын хандтай тайвшруулж, үрэвсэл намдаах серум 30мл /1629/",Брэнд
Arencia цагаан будааны муцин серум 30мл /1742/,Брэнд
"Arencia гүн чийгшүүлэх, нарны хамгаалалттай sun serum 150гр /2121/",Брэнд
Arencia календулын хандтай будааны мочи цэвэрлэгч 120гр /1438/,Брэнд
Arencia ногоон будааны мочи цэвэрлэгч 120гр /0738/,Брэнд
Arencia нохойн хошууны будааны мочи цэвэрлэгч /0745/,Брэнд
Arencia хар цай будааны мочи цэвэрлэгч 120гр /1179/,Брэнд
Arencia цагаан будааны муцин цэвэрлэгч 120гр /1674/,Брэнд
Arencia цэнхэр гиссопын хандтай будааны мочи цэвэрлэгч 120гр /1070/,Брэнд
Arencia ногоон цай+ LHA нүхжилт цэвэрлэх хөөсөн цэвэрлэгч 150гр /1971/,Брэнд
Arencia нохойн хошуу + LHA нүхжилт цэвэрлэх хөөсөн цэвэрлэгч 150гр /2176/,Брэнд
Arencia усан суурьтай гүн чийгшүүлэх serum 30мл /2138/,Брэнд
Arencia усан суурьтай гүн чийгшүүлэх serum 50гр /2145/,Брэнд
Baby Gentle Wash Зөөлөн шингэн саван 400мл N1 /Sebamed/,Брэнд
Baby sebamed Алое агуулсан нойтон салфетка /Wipes with Aloe Vera_72 unit/,Брэнд
Baby sebamed Пантенол агуулсан нойтон салфетка  /Wipes with Panthenol_72unit/,Брэнд
Baby sebamed Пантенол агуулсан нойтон салфетка /Wipes with Panthenol_72unit/,Брэнд
Baby sebamed Биеийн тос /Body Lotion_200ml/,Брэнд
Baby Sebamed ванны хөөс /baby bubble bath_500мл/,Брэнд
Baby sebamed Живхний нуралтын тос /Diaper Rash Cream_100ml/,Брэнд
Baby sebamed Зөөлөн шингэн саван  /Gentle Wash_200ml/,Брэнд
Baby sebamed Зөөлөн шингэн саван /Gentle Wash_200ml/,Брэнд
"Baby sebamed Нүүр, биеийн хөөсөн саван /Face & Body Wash Foam_400ml/",Брэнд
Baby sebamed Нүүрний тос /Extra soft cream _50ml/,Брэнд
Baby sebamed Нүүрний хамгаалалтын тос /Protective Facial Cream_50ml/,Брэнд
Baby sebamed Сүүн шингэн /Body Milk_200ml/,Брэнд
Sebamed Anti-Dry  Чийгшүүлэх биеийн тос /Hydrating Body Lotion_200ml/,Брэнд
Sebamed Anti-Dry Чийгшүүлэх биеийн тос /Hydrating Body Lotion_200ml/,Брэнд
Baby sebamed Үсний шампунь /Shampoo_150ml/,Брэнд
Baby sebamed Үсний шампунь /Shampoo_250ml/,Брэнд
Baby sebamed Хүүхдийн тальк / Powder_100gr/,Брэнд
Baby sebamed Цэвэрлэгч хатуу саван /Cleaning Bar_100ml/,Брэнд
Baby sebamed Шингэн тос /Skin Care Oil_150ml/,Брэнд
Baby sebamed Эмчилгээний тос /Special Healing Cream_100ml/,Брэнд
Bewants cica collagen calming pad 10ш /5260/,Брэнд
Bewants cica collagen calming pad 60ш /5178/,Брэнд
"Bewants cica collagen арьс өргөх тос, өргөн роллэртой /4300/",Брэнд
"Bewants арьс цайруулах, глутатионтой толбо арилгах патч /5291/",Брэнд
Bewants далайн замагтай хуулдаг жел маск /5864/,Брэнд
Bewants коллаген агуулсан зовхины серум маск /3808/,Брэнд
Bewants пептид коллаген бүүстлэх нүдний серум роллэр /5949/,Брэнд
Bewants фито коллаген агуулсан нүдний серум роллэр /5246/,Брэнд
BRING GREEN Hyalu Fresh маск (10ш)/7656/,Брэнд
BRING GREEN Алоэтай  тайвшруулах Fresh маск (10ш)/2750/,Брэнд
BRING GREEN Алоэтай тайвшруулах Fresh маск (10ш)/2750/,Брэнд
BRING GREEN Артемисиа тайвшруулах Fresh маск (10ш)/7113/,Брэнд
BRING GREEN Лууван Vita чийгшүүлж гэрэлтүүлэгч Fresh маск (10ш)/2781/,Брэнд
BRING GREEN Супер Лимон Глутатион Fresh маск (10ш)/6529/,Брэнд
BRING GREEN Хулсан нүүрсний агууламжтай Fresh маск (10ш)/2811/,Брэнд
BRING GREEN Цайны мод & Сика тайвшруулах маск (10ш)/2699/,Брэнд
BRING GREEN Алоэ Fresh аяган маск 8г /6533/,Брэнд
BRING GREEN Артемисиа Fresh аяган маск 8г /1927/,Брэнд
BRING GREEN Нүүрсний Fresh аяган маск 8г /6526/,Брэнд
BRING GREEN Овьёос йогурт Fresh аяган маск 8г /2498/,Брэнд
BRING GREEN Төмсний Fresh аяган маск 8г /6540/,Брэнд
BRING GREEN Хар сахар Fresh аяган маск 8г /6557/,Брэнд
BRING GREEN Хулсан Fresh аяган маск 8г /6519/,Брэнд
BRING GREEN Цайны мод Fresh аяган маск 8г /6502/,Брэнд
Careplus Glutathione цайруулах микро-dot наалт 24ш/3048/,Брэнд
Careplus Zinc Trouble микро-dot наалт 24ш/3024/,Брэнд
Careplus Glutathione цайруулах микро-dot наалт өргөн 4ш (+ Glutathione цайруулах микро-dot наалт 8ш),Брэнд
Careplus Zinc Trouble микро-dot наалт өргөн 4ш (+ Zinc Trouble микро-dot наалт 8ш)/3277/,Брэнд
Careplus Retinal Pore микро-dot наалт 4ш/7198/,Брэнд
Careplus Scar Cover Spot Patch 102ш (Renewal 2503)/3093/,Брэнд
Careplus Scar Cover Spot Patch Slim 112ш/77/,Брэнд
Careplus Scar Cover өргөн наалт 12ш (AD 2504)/1131/,Брэнд
Careplus Zinc Trouble микро-dot наалт 12ш/3031/,Брэнд
"Careplus Батга хатаах, арьс тайвшруулах наалт 96ш (AD 2503)/3154/",Брэнд
"Careplus Батга хатаах, арьс тайвшруулах өргөн наалт 56ш/0053/",Брэнд
Careplus Унталгын хамрын наалт тайвшруулах/0046/,Брэнд
Careplus Хөл тайвшруулах наалт/6152/,Брэнд
Cherokee DK615 NYPS - S,Брэнд
Cherokee DK615 NYPS - S   ,Брэнд
Дикиес цамц DK615 CIPS-L,Брэнд
Дикиес цамц DK615 CIPS-M,Брэнд
Дикиес цамц DK615 NYPS-M,Брэнд
Дикиес цамц DK615 PWPS-XS,Брэнд
Дикиес цамц DK615 WNPS - XXS,Брэнд
Cherokee WW012 CIE XL,Брэнд
Cherokee WW012 NAV L,Брэнд
Cherokee WW012 NAV M,Брэнд
Черокий өмд men WW012 BLK-M,Брэнд
Черокий өмд men WW012 BLK-S,Брэнд
Черокий өмд men WW012 CIE-XS,Брэнд
Черокий өмд men WW012 HUN-M,Брэнд
Черокий өмд men WW012 HUN-S,Брэнд
Черокий өмд men WW012 NAV-S,Брэнд
Черокий өмд men WW012 ROY-M,Брэнд
Черокий өмд men WW012 ROY-S,Брэнд
Черокий өмд men WW012 TLB-M,Брэнд
Черокий өмд men WW012 TLB-S,Брэнд
Черокий өмд WW012 CIE - L,Брэнд
Черокий өмд WW012 CIE - M,Брэнд
Черокий өмд WW012 CIE - S,Брэнд
Черокий өмд WW012 HUN - M,Брэнд
Черокий өмд WW012 TLB - M,Брэнд
Черокий өмд WW012 TLB - S,Брэнд
Cherokee WW105 CIE XL,Брэнд
Cherokee WW105 NAV L,Брэнд
Чeрокий өмд WW105 BLK-XS,Брэнд
Черокий өмд WW105 BLK - L,Брэнд
Черокий өмд WW105 BLK- XXS,Брэнд
Черокий өмд WW105 BLK-M,Брэнд
Черокий өмд WW105 BLK-S,Брэнд
Черокий өмд WW105 CAR - L,Брэнд
Черокий өмд WW105 CAR - M,Брэнд
Черокий өмд WW105 CAR - S,Брэнд
Черокий өмд WW105 CAR - XS,Брэнд
Черокий өмд WW105 CAR - XXS,Брэнд
Черокий өмд WW105 CIE - L,Брэнд
Черокий өмд WW105 CIE - M,Брэнд
Черокий өмд WW105 CIE - S,Брэнд
Черокий өмд WW105 CIE - XS,Брэнд
Черокий өмд WW105 CIE - XXS,Брэнд
Черокий өмд WW105 ROY - L,Брэнд
Черокий өмд WW105 ROY - M,Брэнд
Черокий өмд WW105 ROY - S,Брэнд
Черокий өмд WW105 ROY - XS,Брэнд
Черокий өмд WW105 ROY - XXS,Брэнд
Черокий өмд WW105 WIN-M,Брэнд
Черокий өмд WW105 WIN-S,Брэнд
Черокий өмд WW105 WIN-XS,Брэнд
Черокий өмд WW105 WIN-XXS,Брэнд
Черокий өмд WW105P CAR-XS,Брэнд
Черокий өмд WW105P CAR-XXS,Брэнд
Черокий өмд WW105P NAV - S,Брэнд
Cherokee WW601 NAV L,Брэнд
Черокий цамц WW601 BLK-M,Брэнд
Черокий цамц WW601 BLK-S,Брэнд
Черокий цамц WW601 BLK-XS,Брэнд
Черокий цамц WW601 BLK-XXS,Брэнд
Черокий цамц WW601 CAR-M,Брэнд
Черокий цамц WW601 CAR-S,Брэнд
Черокий цамц WW601 CAR-XS,Брэнд
Черокий цамц WW601 CAR-XXS,Брэнд
Черокий цамц WW601 CIE-L,Брэнд
Черокий цамц WW601 CIE-M,Брэнд
Черокий цамц WW601 CIE-S,Брэнд
Черокий цамц WW601 CIE-XL,Брэнд
Черокий цамц WW601 CIE-XS,Брэнд
Черокий цамц WW601 CIE-XXS,Брэнд
Черокий цамц WW601 HUN XXS,Брэнд
Черокий цамц WW601 HUN-M,Брэнд
Черокий цамц WW601 HUN-S,Брэнд
Черокий цамц WW601 HUN-XS,Брэнд
Черокий цамц WW601 NAV M,Брэнд
Черокий цамц WW601 NAV XXS,Брэнд
Черокий цамц WW601 NAV-S,Брэнд
Черокий цамц WW601 NAV-XS,Брэнд
Черокий цамц WW601 ROY-L,Брэнд
Черокий цамц WW601 ROY-M,Брэнд
Черокий цамц WW601 ROY-S,Брэнд
Черокий цамц WW601 ROY-XS,Брэнд
Черокий цамц WW601 ROY-XXS,Брэнд
Черокий цамц WW601 WIN-M,Брэнд
Черокий цамц WW601 WIN-S,Брэнд
Черокий цамц WW601 WIN-XS,Брэнд
Черокий цамц WW601 WIN-XXS,Брэнд
Essenty Gift Card №1 /9980/,Брэнд
Essenty Gift Card №2 /9979/,Брэнд
Essenty Gift Card №3 /9978/,Брэнд
Essenty Mystery box №1 /9985/,Брэнд
Essenty Mystery box №2 /9984/,Брэнд
Essenty Mystery box №3 /9983/,Брэнд
Essenty Mystery box №4 /9982/,Брэнд
Essenty Mystery box №5 /9981/,Брэнд
Fermented (365 stick) Исгэсэн улаан хүн орхоодойн охь 10гр/300гр N30 Korea,Брэнд
"GROWUS Гэмтэлтэй үсний эмчилгээний мист, угаадаггүй /1404/",Брэнд
GROWUS Гэмтэлтэй үсний эмчилгээний угаадаггүй тэжээлийн тос /3538/,Брэнд
"GROWUS Эрдэс болон замаг, угаадаггүй тэжээлийн тос /1923/",Брэнд
GROWUS Гэмтэлтэй үсний эмчилгээний шампунь 500мл /3521/,Брэнд
GROWUS Далайн давстай эмчилгээний шампунь 500мл /3905/,Брэнд
GROWUS Эрдэс болон замаг хуйх чийгшүүлэх шампунь /1848/,Брэнд
GROWUS Далайн давсны эмчилгээ /2210/,Брэнд
HOLIKA 24K COLD Алттай хөгшрөлтийн эсрэг ампуль Repair Ampoule 100ml,Брэнд
HOLIKA 24K COLD Алттай хөгшрөлтийн эсрэг тонер Repair Toner 120ml,Брэнд
HOLIKA 24K COLD Алттай хөгшрөлтийн эсрэг тос Repair cream 55ml,Брэнд
HOLIKA 24K COLD Алттай хөгшрөлтийн эсрэг эмульс Repair Emulsion 120ml,Брэнд
"HOLIKA 99% Алоетой чийгшүүлж, сэргээх гель_ Fresh 250мл",Брэнд
"HOLIKA 99% Алоетой чийгшүүлж, тайвшруулах гель_Soothing Gel 250ml",Брэнд
"HOLIKA ACNENATOR Батга, үрэвслийн эсрэг 23% цайны модны хандтай цэвэрлэгч хөөс 150ml",Брэнд
"HOLIKA ACNENATOR Батга, үрэвслийн эсрэг 80% цайны модны хандтай тос 50ml",Брэнд
"HOLIKA ACNENATOR Батга, үрэвслийн эсрэг 90% цайны модны хандтай усан серум 100ml",Брэнд
HOLIKA BLACK SNAIL Хар эмгэн хумстай хөгшрөлтийн цэвэрлэгч хөөс 100ml,Брэнд
HOLIKA BLACK SNAIL Хар эмгэн хумстай хөгшрөлтийн эсрэг тонер 100ml,Брэнд
HOLIKA BLACK SNAIL Хар эмгэн хумстай хөгшрөлтийн эсрэг тос 50ml,Брэнд
HOLIKA BLACK SNAIL Хар эмгэн хумстай хөгшрөлтийн эсрэг эмульс 160ml,Брэнд
"HOLIKA CeraBarrier Улайлт, үрэвслийн эсрэг чийгшүүлэгч мист 120ml",Брэнд
"HOLIKA CeraBarrier Улайлт, үрэвслийн эсрэг чийгшүүлэгч серум 120мл",Брэнд
"HOLIKA CeraBarrier Улайлт, үрэвслийн эсрэг чийгшүүлэгч тонер 200ml",Брэнд
"HOLIKA CeraBarrier улайлт, үрэвслийн эсрэг чийгшүүлэгч тос 50ml",Брэнд
"HOLIKA CeraBarrier улайлт, үрэвслийн эсрэг чийгшүүлэгч эмульс 150ml",Брэнд
"HOLIKA CICA Үрэвсэл, нүхжилтын эсрэг тайвшруулах веган серум 30ml",Брэнд
HOLIKA GOLD KIWI+ VITA C  Цайруулах тонер 150ml,Брэнд
HOLIKA GOLD KIWI+ VITA C Цайруулах тонер 150ml,Брэнд
HOLIKA GOLD KIWI+ VITA C Цайруулах пад_80,Брэнд
HOLIKA LESS on SKIN 10% Пантенолтой баланс тэнцвэржүүлэх веган тос 50ml,Брэнд
HOLIKA LESS on SKIN 20% Пантенолтой баланс тэнцвэржүүлэх веган ампуль 30ml,Брэнд
HOLIKA LESS on SKIN 5% Пантенолтой баланс тэнцвэржүүлэх веган пад_100ш,Брэнд
HOLIKA LESS on SKIN 5% Пантенолтой баланс тэнцвэржүүлэх веган тонер 150ml,Брэнд
HOLIKA LESS on SKIN 5% Пантенолтой баланс тэнцвэржүүлэх веган эмульс 150ml,Брэнд
HOLIKA LESS on SKIN Ниацинамиадтай баланс тэнцвэржүүлэх веган серум 50ml,Брэнд
HOLIKA LESS on SKIN Ниацинамиадтай баланс тэнцвэржүүлэх веган тонер 170ml,Брэнд
HOLIKA LESS on SKIN Ниацинамиадтай баланс тэнцвэржүүлэх веган эмульс 150ml,Брэнд
HOLIKA SODA Нүхжилтийн эсрэг O2 хүчилтөрөгчтэй хөөсөн маск 100ml,Брэнд
HOLIKA SODA Нүхжилтийн эсрэг тосон нүүр цэвэрлэгч 150ml,Брэнд
HOLIKA SODA Нүхжилтийн эсрэг цэвэрлэгч хөөс 150ml,Брэнд
HOLIKA SPF40+ Центелла хандтай күюшн сет Cica Stay Cushion №02,Брэнд
HOLIKA SPF40+ Центелла хандтай күюшн сет Cica Stay Cushion №03,Брэнд
HOLIKA SPF50+ Центелла хандтай күюшн сет Cica Clear Cushion №02,Брэнд
HOLIKA SPF50+ Центелла хандтай күюшн сет Cica Clear Cushion №03,Брэнд
HOLIKA SPF50+ Алое эссенцтэй нарнаас хамгаалалах өнгөгүй күюшн Mild Sun Coushion,Брэнд
HOLIKA SPF50+ Өө дарагчтай күюшн сет Hard Cover Perfect Cushion №02,Брэнд
HOLIKA Будаг түгжигч нунтаг No Sebum Powder,Брэнд
HOLIKA Дэрвийлэгчтэй сормуусны будагны сет_арилгагчтай №02,Брэнд
HOLIKA Сормуусны будагны сет_2ш №01+03,Брэнд
HOLIKA Удаан барилттай сормуусны будагны сет_арилгагчтай  №01,Брэнд
HOLIKA Удаан барилттай сормуусны будагны сет_арилгагчтай №01,Брэнд
HOLIKA Жасминтай гарын тос Jasmin Bouchet Perfumed 30gr,Брэнд
HOLIKA Сарнай модтой гарын тос Rose Tree Perfumed 30gr,Брэнд
HOLIKA Тоор жимстэй гарын тос Peach Date 30gr,Брэнд
HOLIKA Цэцгийн үнэртэй гарын тос Blooming Perfumed 30gr,Брэнд
HOLIKA Зүрхэн уруулын тинт Bae №03,Брэнд
HOLIKA Зүрхэн уруулын тинт Cuddly №08,Брэнд
HOLIKA Зүрхэн уруулын тинт Wig №02,Брэнд
HOLIKA Зүрхэн уруулын тинт Winsome №01,Брэнд
HOLIKA Ногоон цайны хандтай өдөр тутмын нүүр цэвэрлэгч хөөс Daily Fresh 150ml,Брэнд
HOLIKA Олив жимстэй өдөр тутмын нүүр цэвэрлэгч хөөс Daily Fresh 150ml,Брэнд
HOLIKA Нүдний зөөлөн харандаа Washed Black №09,Брэнд
HOLIKA Нүдний тень Bello_1ш №32,Брэнд
HOLIKA Нүдний тень Heather_1ш №33,Брэнд
HOLIKA Нүдний тень Praline_1ш №36,Брэнд
HOLIKA Нүдний тень Rozely_4ш №03,Брэнд
HOLIKA Нүдний тень Witty_1ш №31,Брэнд
HOLIKA Нүүр будалтын суурь нарны тос SPF50+ Make Up Sun Cream 60ml,Брэнд
HOLIKA Нүүр будалтын чийгшүүлэгчтэй суурь нарны тос SPF50+ Moisture Make Up Sun Cream 60ml,Брэнд
HOLIKA Сүүдэрний сет Cool Crown №01,Брэнд
HOLIKA Сүүдэрний сет Warm Crown №02,Брэнд
HOLIKA Уруул бомбойлгогч Гелэн_Glowy Topper №02,Брэнд
HOLIKA Уруул матт бомбойлгогч Матт Matte Primer №01,Брэнд
HOLIKA Уруулын бальзам Balm all day,Брэнд
HOLIKA Уруулын өнгөгүй бальзам Balm Alive,Брэнд
HOLIKA Уруулын тосон өнгөлөгч Glowy Lip Oil,Брэнд
HOLIKA Уруулын гелэн өнгөлөгч Lip Gel,Брэнд
HOLIKA Уруулын маск Lip Mask,Брэнд
HOLIKA Уруулын тинт Foggy Blur Kissy №01,Брэнд
HOLIKA Уруулын тинт Foggy Blur_ Muffle №02,Брэнд
HOLIKA Уруулын тинт Foggy Blur_Cooing №03,Брэнд
HOLIKA Уруулын тинт Foggy Blur_Hazy №04,Брэнд
HOLIKA Усны хамгаалалттай алое нарны тос SPF50+ Aloe Water Proof Sun Cream 70ml,Брэнд
"Holle жимсний жүүс Blue Bird алим,тоор,нэрс,овьёостой 100мл",Брэнд
"Holle жимсний нухаш Apple Ant алим,банана,лийртэй 100гр",Брэнд
"Holle жимсний нухаш Banana Lama банана,манго,чангаанзтай 100гр",Брэнд
"Holle жимсний нухаш Red bee алим,гүзээлзгэнэтэй 100гр",Брэнд
"Holle жимсний нухаш Tropic Tiger алим,манго,хүслийн жимстэй 100гр",Брэнд
"Holle ногооны нухаш Carrot Cat лууван,манго,банана,лийртэй 100гр",Брэнд
"Holle ногооны нухаш Power parrot лийр,алим,бууцайтай 100гр",Брэнд
HYALCELL™ чийгшүүлэх маск/6024/,Брэнд
Medicube EXOSOME CICA агуулсан тайвшруулдаг тонер /2159/,Брэнд
Medicube нүх агшаах зориулалттай тонер /5167/,Брэнд
Medicube ONE DAY EXOSOME SHOT Нүхжилт агшаах серум 2000 30 мл/ 4928/,Брэнд
Medicube PDRN болон коллаген агуулсан ягаан гел бүтэцтэй нүүрний маск  /4399/,Брэнд
Medicube PDRN болон коллаген агуулсан ягаан гел бүтэцтэй нүүрний маск /4399/,Брэнд
Medicube PDRN болон пептид агуулсан ягаан серум 30 мл /8053/,Брэнд
Medicube PDRN болон ягаан коллаген агуулсан  капсултай нүүрний тос /8885/,Брэнд
Medicube PDRN болон ягаан коллаген агуулсан капсултай нүүрний тос /8885/,Брэнд
Medicube гүн тэжээл өгөх (С витаминтай) капсултай тос /9866/,Брэнд
Medicube PDRN Ягаан Ниасинамидтай Сүүн Тонер 150 мл /9653/,Брэнд
"Medicube SUPER CICA арьсыг тайвшруулж, үрэвслийг бууруулах маск /9897/",Брэнд
"Medicube коллаген агуулсан арьсыг чангалж, өргөх маск /1741/",Брэнд
Medicube ZERO гүн цэвэрлэгээний хар батганы тосон цэвэрлэгч 205 мл /4610/,Брэнд
"Medicube ZERO нүх агшаах, арьсыг тайвшруулах хүйтэн маск /9969/",Брэнд
"Medicube ZERO нүхжилт агшаах, арьс цэвэрлэх пад 2.0 /4665/",Брэнд
Medicube глутатион агуулсан арьс гялалзуулах серум /5174/,Брэнд
Medicube кожик ацид ба куркума агуулсан шөнийн нүүрний маск 75 мл /4580/,Брэнд
Medicube коллаген агуулсан шөнийн нүүрний маск /3217/,Брэнд
Medicube коллаген агуулсан жели бүтэцтэй нүүрний тос 50 мл /2227/,Брэнд
Medicube нүүрний маск болон серум түрхэх зориулалтын жели бүтэцтэй сойз /4088/,Брэнд
Mijin COENZYME Q10 эссенс агуулсан маск №1,Брэнд
Mijin алоетай маск №1,Брэнд
Mijin желли эссенс агуулсан маск №1,Брэнд
Mijin коллагентай маск №1,Брэнд
Mijin цайруулах маск №1,Брэнд
MJCARE COENZYME Q10 эссенс агуулсан маск №1,Брэнд
MJCARE алоетай маск №1,Брэнд
MJCARE гилариуны хүчил агуулсан маск №1,Брэнд
MJCARE желли эссенс агуулсан маск №1,Брэнд
MJCARE сика найрлагатай маск №1,Брэнд
MJCARE эмгэн хумсны найрлагатай маск №1,Брэнд
MJCARE MILD гуужуулагч тонер пад /30ш/,Брэнд
MJCARE MILD гуужуулагч тонер пад /30ш/ ,Брэнд
MJCARE MILD гуужуулагч тонер пад /60ш/,Брэнд
MJCARE ON COENZYME Q10 эссенс агуулсан маск №1,Брэнд
MJCARE ON алоетай маск маск №1,Брэнд
MJCARE ON анартай маск №1,Брэнд
MJCARE ON витаминтай маск №1,Брэнд
MJCARE ON гилариуны хүчил агуулсан маск №1,Брэнд
MJCARE ON желлитэй маск №1,Брэнд
MJCARE ON коллагентай маск №1,Брэнд
MJCARE ON эмгэн хумсны найрлагатай маск №1,Брэнд
MJCARE PREMIUM гар арчилгааны маск №1,Брэнд
MJCARE PREMIUM хөл арчилгааны маск №1,Брэнд
MJCARE гар арчилгааны маск №1,Брэнд
MJCARE хөл арчилгааны маск №1,Брэнд
Mommy care EMS V-THERA V-line үүсгэх төхөөрөмж /8811/,Брэнд
"Mommy care Perilla хар толбо, нөсөөг цайруулах тос /3656/",Брэнд
Mommy care Perilla цайруулах тос /9184/,Брэнд
Mommy care Seagrape ampoule serum /2109/,Брэнд
Mommy care Yulmu хуурайшилтийн эсрэг тос /9016/,Брэнд
"Mommy care арьсны тослог, pH тэнцвэржүүлэх софтнэр /2833/",Брэнд
Mommy care нүүр будалтыг гүнээс цэвэрлэх тосон цэвэрлэгч /2826/,Брэнд
MUIRI AMPOULE CORE MASK CICA AMPOULE /MIJIN/,Брэнд
MUIRI AMPOULE CORE MASK COLLAGEN AMPOULE /MIJIN/,Брэнд
MUIRI AMPOULE CORE MASK HYALURONIC ACID AMPOULE /MIJIN/,Брэнд
MUIRI AMPOULE CORE MASK VITA AMPOULE /MIJIN/,Брэнд
NS  Oblepikha Гэмтэлтэй үсний ангижруулагч [Keratin] 1000 мл,Брэнд
NS Oblepikha Гэмтэлтэй үсний ангижруулагч [Keratin] 1000 мл,Брэнд
"NS  Oblepikha Хуурай, гэмтэлтэй үсний ангижруулагч  [Hyaluron] 1000 мл",Брэнд
"NS Oblepikha Хуурай, гэмтэлтэй үсний ангижруулагч [Hyaluron] 1000 мл",Брэнд
"NS  Oblepikha Хуурай, гэмтэлтэй үсний ангижруулагч  [Hyaluron] 400 мл",Брэнд
"NS Oblepikha Хуурай, гэмтэлтэй үсний ангижруулагч [Hyaluron] 400 мл",Брэнд
"NS  Биеийн өнгө сэргээх, зөөллөх скраб [Oblepikha] 300 мл",Брэнд
"NS Биеийн өнгө сэргээх, зөөллөх скраб [Oblepikha] 300 мл",Брэнд
NS Үсний үзүүрийн тос [Oblepikha] 50 мл,Брэнд
NS  Биеийн саван [Lime] 500 мл,Брэнд
NS Биеийн саван [Coconut] 500 мл,Брэнд
NS Биеийн саван [Lime] 500 мл,Брэнд
NS  Өдрийн тос- кушон [Collagen] 50 мл,Брэнд
NS Өдрийн тос- кушон [Collagen] 50 мл,Брэнд
"NS  Өдрийн тос, бүх төрлийн арьсанд 50 мл [Anti-age / Coenzyme Q10]",Брэнд
"NS Өдрийн тос, бүх төрлийн арьсанд 50 мл [Anti-age / Coenzyme Q10]",Брэнд
"NS Өдрийн тос, эмзэг арьсны [Anti-age] 50 мл",Брэнд
NS  РБА Нүүрний цэвэрлэх маск 100 мл,Брэнд
NS РБА Нүүрний цэвэрлэх маск 100 мл,Брэнд
"NS  Шампунь, хуурай үсний [Aqua Cruch] 400 мл",Брэнд
NS Будагтай үсний шампунь [Color Luminaiser] 400 мл,Брэнд
"NS Үсний шампунь, ургалт эрчимжүүлэх [Hair Growth] 400 мл",Брэнд
NS  Шөнийн тос [Collagen] 50 мл,Брэнд
NS Oblepikha  Үс уналтын эсрэг шампунь [Эрчимтэй ургуулах үйлчилгээтэй] 400 мл,Брэнд
NS Oblepikha Үс уналтын эсрэг шампунь [Эрчимтэй ургуулах үйлчилгээтэй] 400 мл,Брэнд
NS Oblepikha Гэмтэлтэй үсний ангижруулагч [Keratin] 400 мл,Брэнд
NS Oblepikha Гэмтэлтэй үсний маск  [Keratin] 300 мл,Брэнд
NS Oblepikha Гэмтэлтэй үсний маск [Keratin] 300 мл,Брэнд
NS Oblepikha Гэмтэлтэй үсний шампунь [Keratin] 1000 мл,Брэнд
NS Oblepikha Үс уналтын эсрэг шампунь [Эрчимтэй ургуулах үйлчилгээтэй] 1000 мл,Брэнд
NS Oblepikha Гэмтэлтэй үсний шампунь [Keratin] 400 мл,Брэнд
NS Ариун цэврийн хэрэглэл [ULTRA. Night] 7 ш,Брэнд
NS Арьс гялалзуулагч хайлайтер 40 мл,Брэнд
NS Биеийн саван [Mango] 500 мл +,Брэнд
"NS Биеийн саван, нарс модны найрлагатай 400 мл",Брэнд
"NS Биеийн саван, олон төрөлт жимстэй 400 мл",Брэнд
"NS Биеийн саван, целлютын эсрэг 400 мл",Брэнд
"NS Биеийн саван, чацарганатай 50 мл",Брэнд
NS Биеийн скраб [Coffee] 250 мл,Брэнд
Биеийн гуужуулагч /Кени манготой/ 250мл №1 /Natura Siberica/,Брэнд
Биеийн скраб /Provence Lemongrass/ 250мл №1 /Natura Siberica/,Брэнд
Биеийн скраб /Бөөрөлзгөнөтэй/ 250мл №1 /Natura Siberica/,Брэнд
NS Биеийн скраб [Mango] 200 мл,Брэнд
"NS Биеийн скраб, арьс чангалах 300 мл",Брэнд
"NS Биеийн скраб, арьс чангалах 300 мл ",Брэнд
"NS Биеийн скраб, арьс чангалах 390 мл",Брэнд
NS Биеийн сүүн шингэн [Coconut  yogurt]  200 мл,Брэнд
NS Биеийн сүүн шингэн [Coconut yogurt] 200 мл,Брэнд
NS Биеийн сүүн шингэн [Oblepikha] 270 мл,Брэнд
NS Биеийн сүүн шингэн [Oblepikha] 50  мл,Брэнд
NS Биеийн сүүн шингэн [Oblepikha] 50 мл,Брэнд
NS Биеийн тос [Coconut  yogurt]  200 мл,Брэнд
NS Биеийн тос [Coconut yogurt] 200 мл,Брэнд
NS Биеийн тос [Mango] 200 мл,Брэнд
NS Биеийн тос [Strawberry] 450 мл,Брэнд
"NS Биеийн тос, арьс чангалах [Caramel]  450 мл",Брэнд
"NS Биеийн тос, арьс чангалах [Caramel] 450 мл",Брэнд
"NS Биеийн тос, чацарганатай 300 мл",Брэнд
"NS Биеийн тос, чийгшүүлэх  [Vanilla] 450 мл",Брэнд
"NS Биеийн тос, чийгшүүлэх [Vanilla] 450 мл",Брэнд
NS Будагтай үсний ангижруулагч 400 мл,Брэнд
"NS Бүх төрлийн үсний шампунь-ангижруулагч, хагны эсрэг 400 мл",Брэнд
"NS Шампунь, тослог үсний 400 мл",Брэнд
NS Будагтай үсний маск  [Coconut  yogurt]  250 мл,Брэнд
NS Будагтай үсний маск [Coconut yogurt] 250 мл,Брэнд
NS Будагтай үсний шампунь [Color Luminaiser] 250 мл,Брэнд
NS Гэмтэлтэй үсний шампунь [Keratin Injection] 250 мл,Брэнд
NS Будагтай үсний шампунь [Mango] 2000 мл,Брэнд
NS Будагтай үсний шампунь 400 мл,Брэнд
"NS Будагтай үсний шампунь, өнгө хамгаалах 400 мл",Брэнд
"NS Үс нөхөн сэргээх ангижруулагч, гэмтэлтэй үсэнд 400 мл",Брэнд
"NS Бүх төрлийн бохирдол, тос арилгах гель 500 мл",Брэнд
NS Бүх төрлийн гадаргуу цэвэрлэгч крем 500 мл,Брэнд
"NS Бүх төрлийн үсний ангижруулагч, refill савалгаатай [Oblepikha] 500 мл",Брэнд
"NS Бүх төрлийн үсний ангижруулагч, чацарганатай 400 мл рефилл",Брэнд
"NS Бүх төрлийн үсний шампунь, refill савалгаатай [Oblepikha] 500 мл",Брэнд
"NS Бүх төрлийн шал угаагч, зөгийн лавтай 1000 мл",Брэнд
NS Бүх төрлийн шампунь  [Oblepikha] 400 мл,Брэнд
NS Бүх төрлийн шампунь [Oblepikha] 400 мл,Брэнд
"NS Бэлгийн багц ""Дулаан тэврэлт""",Брэнд
NS Ванны хөөс  [Mango] 500 мл,Брэнд
NS Ванны хөөс [Mango] 500 мл,Брэнд
"NS Гар, хумсны тос 75 мл",Брэнд
NS Гарын тос [5% PANTHENOL] 500 мл,Брэнд
NS Гарын тос [7% COLLAGEN] 500 мл,Брэнд
"NS Гарын шингэн саван, хүүхдийн 500 мл",Брэнд
NS Гэмтэлтэй үсний ангижруулагч [Keratin Injection] 250 мл,Брэнд
NS Гэмтэлтэй үсний кератинтай крем 200мл,Брэнд
NS Гэмтэлтэй үсний маск  [Coconut  yogurt]  250 мл,Брэнд
NS Гэмтэлтэй үсний маск [Coconut yogurt] 250 мл,Брэнд
"NS Гэмтэлтэй үсний маск, нөхөн сэргээх [Egg] 200 мл",Брэнд
NS Гэмтэлтэй үсний шампунь [Egg] 250 мл,Брэнд
"NS Гэмтэлтэй үсний шампунь, кератинтай [Keratin Injection] 250 мл",Брэнд
"NS Гэмтэлтэй үсний шампунь, нөхөн сэргээх  [Coconut  yogurt]  280 мл",Брэнд
"NS Гэмтэлтэй үсний шампунь, нөхөн сэргээх [Coconut yogurt] 280 мл",Брэнд
"NS Гэмтэлтэй үсний шампунь, чацарганатай 50 мл",Брэнд
"NS Гэмтэлтэй, цайралттай үсний ангижруулагч  [Oblepikha] 400 мл",Брэнд
"NS Гэмтэлтэй, цайралттай үсний ангижруулагч [Oblepikha] 400 мл",Брэнд
NS Даахиралт арилгах цацлага 150 мл,Брэнд
"NS Зовхи чангалах,маск  [Anti-age] 60 ш",Брэнд
"NS Зовхи чангалах,маск [Anti-age] 60 ш",Брэнд
NS Зовхины өнгө сэргээх маск [Lab Biome] 60 ш,Брэнд
NS Зовхины чийгшүүлэх маск [Hyaluron] 60 ш,Брэнд
NS Зовхины маск [Лифтинг] 60 ш,Брэнд
NS Зовхины тос [Oblepikha] 30 мл,Брэнд
"NS Зовхины чийгшүүлэх маск, түрхдэг 30 мл",Брэнд
"NS Мицелляр ус, бүх төрлийн арьсанд [Hydration] 450 мл",Брэнд
"NS Мицелляр ус, хуурай эмзэг арьсны 450 мл",Брэнд
"NS Мицелляр ус, бүх төрлийн арьсанд [Hydration] 75 мл",Брэнд
"NS Мицелляр ус, тослог тэнцвэржүүлэх 450 мл",Брэнд
"NS Мицелляр ус, чийгшүүлэх  [Coconut  yogurt]  200 мл",Брэнд
"NS Мицелляр ус, чийгшүүлэх [Coconut yogurt] 200 мл",Брэнд
"NS Мицелляр ус, эмзэг арьсны  [Beauty] 170 мл",Брэнд
"NS Мицелляр ус, эмзэг арьсны [Beauty] 170 мл",Брэнд
NS Мицелляртай угаагч шингэн 150 мл,Брэнд
"NS Нүүр гуужуулагч, энзимын агууламжтай 50 мл",Брэнд
NS Нүүр гуужуулах падь [Blueberry] 20 ш,Брэнд
NS Нүүр цэвэрлэгч гель  [Hydration] 150 мл,Брэнд
NS Нүүр цэвэрлэгч гель [Hydration] 150 мл,Брэнд
NS Нүүр цэвэрлэгч гель [Oblepikha] 150 мл,Брэнд
NS Нүүр цэвэрлэгч падь [Hyaluron] 20 ш,Брэнд
"NS Нүүр цэвэрлэгч пилинг-падь, арьс шинэчлэн гуужуулах",Брэнд
"NS Нүүр цэвэрлэгч пилинг-падь, арьсны өнгө сэргээх",Брэнд
"NS Нүүр цэвэрлэх пилинг-падь, арьс гэрэлтүүлэх [Oblepikha] 20 ш",Брэнд
NS Нүүр цэвэрлэгч хөөс  [Coconut  yogurt]  150 мл,Брэнд
NS Нүүр цэвэрлэгч хөөс [Coconut yogurt] 150 мл,Брэнд
NS Нүүрний антиоксидант серум [Oblepikha] 30 мл,Брэнд
NS Нүүрний серум [Blueberry] 30 мл,Брэнд
NS Нүүрний супер серум [Oblepikha] 30 мл,Брэнд
NS Нүүрний будаг арилгагч лосьон 200 мл,Брэнд
NS Нүүрний гидрогель-маск [Hydration] 75 мл,Брэнд
"NS Нүүрний гуужуулагч, эмзэг арьсны 100 мл",Брэнд
NS Нүүрний джем гуужуулагч [Blueberry] 50 мл,Брэнд
NS Нүүрний маск  [COLLAGEN THERAPY],Брэнд
NS Нүүрний маск [COLLAGEN THERAPY],Брэнд
NS Нүүрний маск  [HYALURON THERAPY],Брэнд
NS Нүүрний маск [HYALURON THERAPY],Брэнд
"NS Нүүрний маск, арьсны өнгө сэргээх [Oblepikha] 100 мл",Брэнд
"NS Нүүрний маск, нөхөн сэргээх [Oblepikha] 100 мл",Брэнд
"NS Нүүрний маск, цайруулах [Cherriffic Beauty] 100 мл",Брэнд
"NS Нүүрний маск, цэвэрлэх [Broc’N’Roll] 100 мл",Брэнд
NS Нүүрний серум [Гүн чийгшүүлэх] 30 мл,Брэнд
"NS Нүүрний тоник, нүхжилт арилгах 170 мл",Брэнд
NS Нүүрний тоник-спрей  [Hyaluron] 170 мл,Брэнд
NS Нүүрний тоник-спрей [Hyaluron] 170 мл,Брэнд
"NS Нүүрний тоник-мист, чийгшүүлэх 100 мл",Брэнд
"NS Нүүрний тос, нүүр будалтад бэлтгэх [Blueberry] 50 мл",Брэнд
"NS Нүүрний флюид тос, арьс чангалах  [Oblepikha] 50 мл",Брэнд
"NS Нүүрний флюид тос, арьс чангалах [Oblepikha] 50 мл",Брэнд
NS Өдрийн гуравласан үйлчилгээтэй тос  [Hyaluron] 50 мл,Брэнд
NS Өдрийн гуравласан үйлчилгээтэй тос [Hyaluron] 50 мл,Брэнд
"NS Өдрийн тос, аминхүчилтэй 50 мл",Брэнд
"NS Өдрийн флюид тос, азелаины хүчилтэй 50 мл",Брэнд
NS Нүүрний хөөс [Blueberry] 100 мл,Брэнд
"NS Нүүрний цайруулах серум, 50 мл",Брэнд
NS Нүүрний чийгшүүлэх тоник [Hyaluron] 250 мл,Брэнд
"NS Охидын шампунь, нүд хорсгохгүй 250 мл",Брэнд
"NS Хүүхдийн үсний шампунь, хөвгүүдэд 250 мл",Брэнд
NS Өдөр тутмын ариун цэврийн хэрэглэл [ULTRA. Maxi] 18 ш,Брэнд
NS Өдөр тутмын ариун цэврийн хэрэглэл [ULTRA. Maxi] 50 ш,Брэнд
NS Өдрийн цайруулах тос 50 мл,Брэнд
NS РБА Гэмтэлтэй үсний ангижруулагч  500 мл,Брэнд
NS РБА Гэмтэлтэй үсний ангижруулагч 500 мл,Брэнд
NS РБА Гэмтэлтэй үсний шампунь 500 мл,Брэнд
NS РБА Хуурай үсний ангижруулагч 500 мл,Брэнд
NS Тослог тэнцвэржүүлэх маск 75 мл,Брэнд
NS Тослог тэнцвэржүүлэх тоник 150 мл,Брэнд
NS Тослог тэнцвэржүүлэх угаагч детокс гель 150 мл,Брэнд
NS Уруул өнгөлөгч [Aqua Glossy]  10 мл,Брэнд
NS Уруул өнгөлөгч [Aqua Glossy] 10 мл,Брэнд
NS Уруул өнгөлөгч [Genlte Protection] 10 мл,Брэнд
NS Уруул өнгөлөгч [Intense Sos Repair]  10 мл,Брэнд
NS Уруул өнгөлөгч [Intense Sos Repair] 10 мл,Брэнд
NS Үсний ангижруулагч  [D-TOX.Super] 250 мл,Брэнд
NS Үсний ангижруулагч [D-TOX.Super] 250 мл,Брэнд
"NS Үсний ангижруулагч,  уг бэхжүүлэх 400 мл",Брэнд
"NS Үсний ангижруулагч, уг бэхжүүлэх 400 мл",Брэнд
"NS Үсний ангижруулагч, будагтай цайралттай үсэнд, чацарганатай  400 мл",Брэнд
"NS Үсний ангижруулагч, будагтай цайралттай үсэнд, чацарганатай 400 мл",Брэнд
"NS Үсний ангижруулагч, гэмтэлтэй үсний [Oblepikha] 50 мл",Брэнд
"NS Үсний ангижруулагч, ургалт эрчимжүүлэх [Hair Growth] 250 мл",Брэнд
"NS Үсний ангижруулагч, чийгшүүлэх  [Aqua Cruch ] 250 мл",Брэнд
"NS Үсний ангижруулагч, чийгшүүлэх [Aqua Cruch ] 250 мл",Брэнд
NS Үсний маск  [Color Luminaiser] 200 мл,Брэнд
NS Үсний маск [Color Luminaiser] 200 мл,Брэнд
"NS Үсний маск, чийгшүүлэх  [Aqua Cruch ] 200 мл",Брэнд
"NS Үсний маск, чийгшүүлэх [Aqua Cruch ] 200 мл",Брэнд
"NS Үсний маск-тос, будагтай үсний  [Color Luminaiser] 200 мл",Брэнд
"NS Үсний маск-тос, будагтай үсний [Color Luminaiser] 200 мл",Брэнд
"NS Үсний маск-цацлага, будагтай үсний [Color Luminaiser] 200 мл",Брэнд
"NS Үсний праймер, чийгшүүлэх [Aqua Cruch ] 200 мл",Брэнд
NS Үсний ургалт эрчимжүүлэх ангижруулагч [Coffee] 250 мл,Брэнд
NS Үсний ургалт эрчимжүүлэх шампунь [Coffee] 250 мл,Брэнд
"NS Хуурай үсний шампань, чийгшүүлэх [Coco] 250 мл",Брэнд
"NS Шампунь, гүн чийгшүүлэх [Coco] 250 мл",Брэнд
"NS Үсний шампунь, нарс модны найрлагатай 500 мл",Брэнд
NS Хуйхны гуужуулагч  [RE-GROW] 120 мл,Брэнд
NS Хуйхны гуужуулагч [RE-GROW] 120 мл,Брэнд
NS Хуйхны гуужуулагч [D-TOX.Super] 150 мл,Брэнд
NS Хуйхны гуужуулагч [Oblepikha] 200 мл,Брэнд
NS Хуйхны гуужуулагч маск [Hair Growth] 200 мл,Брэнд
"NS Хуйхны гүн цэвэрлэх гуужуулагч, чацарганатай 400 гр",Брэнд
NS Хуйхны маск  [Hair Growth] 200 мл,Брэнд
NS Хуйхны маск [Hair Growth] 200 мл,Брэнд
"NS Хуйхны серум, гэмтэлтэй үсний [Oblepikha] 100 мл",Брэнд
NS Хүүхдийн биеийн саван 250 мл,Брэнд
NS Хүүхдийн ванны хөөс 250 мл,Брэнд
"NS Хүүхдийн сүүн шингэн, чийгшүүлэх [Цасан ширхэг]250 мл",Брэнд
"NS Хүүхдийн сүүн шингэн, чийгшүүлэх 250 мл",Брэнд
"NS Хүүхдийн үсний ангижруулагч,даахирахгүй 250 мл",Брэнд
NS Хүүхдийн шүдний оо 0+ [Oblepikha] 60 гр,Брэнд
"NS Хүүхдийн шүдний оо, бөөрөлзгөнөтэй +0 60 гр",Брэнд
"NS Шампунь, үс уналтын эсрэг [AntiStress] 280 мл",Брэнд
"NS Шампунь, үсний эзэлхүүн нэмэх 400 мл",Брэнд
"NS Шампунь, хуурай үсний [Aqua Cruch] 400 мл",Брэнд
"NS Шампунь, хуурайшсан үсний 400 мл",Брэнд
"NS Шампунь, чийгшүүлэх  [Aqua Cruch ] 250 мл",Брэнд
"NS Шампунь, чийгшүүлэх [Aqua Cruch ] 250 мл",Брэнд
NS Шампунь-цацлага [Aqua Cruch] 100 мл,Брэнд
NS Шөнийн тос [Collagen] 50 мл,Брэнд
NS Шөнийн тос [Hyaluron] 50 мл,Брэнд
"NS Шөнийн тос, азелаины хүчилтэй 50 мл",Брэнд
"NS Шөнийн тос, аминхүчилтэй 50 мл",Брэнд
NS Шөнийн тос-маск [Blueberry]  50 мл,Брэнд
NS Шөнийн тос-маск [Blueberry] 50 мл,Брэнд
O'earth 7сек гүн чийгшүүлэх серум 105мл /0139/,Брэнд
O'earth Tea Tree-тэй арьс тайвшруулах зуурдаг маск /0146/,Брэнд
O'earth мэдрэг арьсны тайвшруулах toner pad /0153/,Брэнд
PANTHECELL™ Cica Micro сэргээгч спот патч (9+3ш)/2148/,Брэнд
PANTHECELL™ Cica-Some сэргээгч ампул маск (1ш)/476/,Брэнд
Parnell Cicamanu 92 мэдрэг арьсны сэрүм /4702/,Брэнд
Parnell Cicamanu Serum күшн #21 (SPF45 PA++) /0544/,Брэнд
Parnell Cicamanu Serum күшн #23 (SPF45 PA++) /0551/,Брэнд
Parnell Cicamanu Skin Fit Foundation #0.5 маш цайвар арьсанд /1039/,Брэнд
Parnell Cicamanu Skin Fit Foundation #1 натурал цайвар арьсанд /4056/,Брэнд
Parnell Cicamanu Skin Fit Foundation #1 натурал цайвар арьсанд /4056/ ,Брэнд
Parnell Cicamanu Skinfit Cover өө дарагч #21/1949/,Брэнд
Parnell Cicamanu Skinfit Cover өө дарагч #23 /1956/,Брэнд
"Parnell Cicamanu матт күшн  #19 (SPF50+, PA+++) /1343/",Брэнд
"Parnell Cicamanu матт күшн  #21 (SPF50+, PA+++) /1350/",Брэнд
"Parnell Cicamanu матт күшн  #23 (SPF50+, PA+++) /1367/",Брэнд
"Parnell Cicamanu матт күшн #19 (SPF50+, PA+++) /1343/",Брэнд
"Parnell Cicamanu матт күшн #21 (SPF50+, PA+++) /1350/",Брэнд
"Parnell Cicamanu матт күшн #23 (SPF50+, PA+++) /1367/",Брэнд
"Parnell Cicamanu мэдрэг, улаалттай арьсны гелэн тос /1244/",Брэнд
Parnell Cicamanu олон төрлийн витаминтай цэвэрлэх хөөс /0759/,Брэнд
Parnell Cicamanu сэрүм мист 50мл /4696/,Брэнд
Parnell Glacial Biome тослог арьсан зориулсан күшн /1260/,Брэнд
Pinky  бэлгийн багц жижиг  1 /хумсны наалт +хумсны будаг цэнхэр+бөгж/,Брэнд
Pinky бэлгийн багц жижиг 1 /хумсны наалт +хумсны будаг цэнхэр+бөгж/,Брэнд
Pinky  бэлгийн багц жижиг 10  /хумсны наалт +уруулын будаг улаан+бөгж/,Брэнд
Pinky бэлгийн багц жижиг 10 /хумсны наалт +уруулын будаг улаан+бөгж/,Брэнд
Pinky  бэлгийн багц жижиг 11  /хумсны наалт +уруулын будаг ягаан+бөгж/,Брэнд
Pinky бэлгийн багц жижиг 11 /хумсны наалт +уруулын будаг ягаан+бөгж/,Брэнд
Pinky  бэлгийн багц жижиг 12  /хумсны наалт +уруулын будаг улбар шар+бөгж/,Брэнд
Pinky бэлгийн багц жижиг 12 /хумсны наалт +уруулын будаг улбар шар+бөгж/,Брэнд
Pinky  бэлгийн багц жижиг 13  /3ш хумсны будаг +1 уруулын будаг /,Брэнд
Pinky бэлгийн багц жижиг 13 /3ш хумсны будаг +1 уруулын будаг /,Брэнд
Pinky  бэлгийн багц жижиг 2 /хумсны наалт +хумсны будаг саатай ягаан+бөгж/,Брэнд
Pinky бэлгийн багц жижиг 2 /хумсны наалт +хумсны будаг саатай ягаан+бөгж/,Брэнд
Pinky  бэлгийн багц жижиг 3 /хумсны наалт +хумсны будаг ягаан+бөгж/,Брэнд
Pinky бэлгийн багц жижиг 3 /хумсны наалт +хумсны будаг ягаан+бөгж/,Брэнд
Pinky  бэлгийн багц жижиг 4 /хумсны наалт +хумсны будаг нил ягаан+бөгж/,Брэнд
Pinky бэлгийн багц жижиг 4 /хумсны наалт +хумсны будаг нил ягаан+бөгж/,Брэнд
Pinky  бэлгийн багц жижиг 7/хумсны наалт +хумсны будаг сүүн ягаан+бөгж/,Брэнд
Pinky бэлгийн багц жижиг 7/хумсны наалт +хумсны будаг сүүн ягаан+бөгж/,Брэнд
Pinky  бэлгийн багц жижиг 8  /хумсны наалт +хумсны будаг улаан+бөгж/,Брэнд
Pinky бэлгийн багц жижиг 8 /хумсны наалт +хумсны будаг улаан+бөгж/,Брэнд
Pinky  бэлгийн багц жижиг 9  /хумсны наалт +хумсны будаг саатай+бөгж/,Брэнд
Pinky бэлгийн багц жижиг 9 /хумсны наалт +хумсны будаг саатай+бөгж/,Брэнд
Pinky  бэлгийн багц хумсны будаг /8ш /,Брэнд
Pinky бэлгийн багц хумсны будаг /8ш /,Брэнд
"Pinky  хумсны будаг бэлгийн багц /3ш хумсны будаг ягаан, улаан, улбар шар/",Брэнд
"Pinky хумсны будаг бэлгийн багц /3ш хумсны будаг ягаан, улаан, улбар шар/",Брэнд
Pinky Tonky Aloe soothing gel 200ml,Брэнд
Pinky бэлгийн багц том /5ш хумсны будаг + 1 уруулын будаг/,Брэнд
Pinky Хүүхдиийн интимэйт угаагч 150гр №1,Брэнд
Pinky Хүүхдийн Гаатай хөөсөн угаагч /шампунь+бие/,Брэнд
Pinky Хүүхдийн Лавандатай хөөсөн угаагч /шампунь+бие/,Брэнд
Pinky Хүүхдийн Лаймтай хөөсөн угаагч /шампунь+бие/,Брэнд
Pinky Хүүхдийн Тоортой хөөсөн угаагч /шампунь+бие/,Брэнд
Pinky Хүүхдийн Чихэртэй хөөсөн угаагч /шампунь+бие/,Брэнд
Pinky Хүүхдийн нүүрний лоүшн-1 /3-7нас/ 150гр,Брэнд
Pinky Хүүхдийн нүүрний лоүшн-2 /8-10нас / 150гр,Брэнд
Pinky Хүүхдийн нүүрний лоүшн-3 /11-13нас / 150гр,Брэнд
Pinky Хүүхдийн нүүрний маск /3-7 нас/ №5,Брэнд
Pinky Хүүхдийн нүүрний маск /8+/ №5,Брэнд
Pinky Хүүхдийн уруул өнгөлөгч /оранж/,Брэнд
Pinky Хүүхдийн уруул өнгөлөгч /улаан/,Брэнд
Pinky Хүүхдийн уруул өнгөлөгч /ягаан/,Брэнд
Pinky Хүүхдийн уруул өнгөлөгч /ягаан/ ,Брэнд
Pinky Хүүхдийн үсний вакс -зөөлөн,Брэнд
Pinky Хүүхдийн үсний вакс -хатуу,Брэнд
Pinky Хүүхдийн үсний резин /олон өнгийн/,Брэнд
Pinky Хүүхдийн үсний тос,Брэнд
Pinky Хүүхдийн үсний хэлбэржүүлэгч,Брэнд
Pinky Хүүхдийн үсний цацлага /ширэлдээ гаргагч/ 120гр №1,Брэнд
Pinky Хүүхдийн хөөсөн нүүр цэвэрлэгч 150гр №1,Брэнд
Pinky Хүүхдийн хөөсөн нүүр цэвэрлэгч 150гр №1 ,Брэнд
Pinky Хүүхдийн хумсны будаг /неон ногоон/ 0273,Брэнд
Pinky Хүүхдийн хумсны будаг /неон ягаан/ 0259,Брэнд
Pinky Хүүхдийн хумсны будаг /нил ягаан/ 0327,Брэнд
Pinky Хүүхдийн хумсны будаг /оранж/ 0266,Брэнд
Pinky Хүүхдийн хумсны будаг /өнгөгүй/ 0341,Брэнд
Pinky Хүүхдийн хумсны будаг /саатай нил ягаан/ 0235,Брэнд
Pinky Хүүхдийн хумсны будаг /саатай ногоон/ 0211,Брэнд
Pinky Хүүхдийн хумсны будаг /саатай шар/ 0242,Брэнд
Pinky Хүүхдийн хумсны будаг /саатай ягаан/ 0228,Брэнд
Pinky Хүүхдийн хумсны будаг /улаан/ 0310,Брэнд
Pinky Хүүхдийн хумсны будаг /цагаан саатай / 0334,Брэнд
Pinky Хүүхдийн хумсны будаг /цайвар ягаан/ 0297,Брэнд
Pinky Хүүхдийн хумсны будаг /цэнхэр/ 0303,Брэнд
Pinky Хүүхдийн хумсны будаг /цэнхэр/ 0303 ,Брэнд
Pinky Хүүхдийн хумсны будаг /шар/ 0280,Брэнд
Pinky Хүүхдийн хумсны наалт №1,Брэнд
Pinky Хүүхдийн хумсны наалт №1 ,Брэнд
Pinky Хүүхдийн чихний наадаг ээмэг №1,Брэнд
PROBIODERM™ 3D Лифтинг маск (1ш)/5493/,Брэнд
PROBIODERM™ Коллагентай арьс нөхөн сэргээх гелэн маск (6ш)/4084/,Брэнд
Sebamed Anti Age Q10 Биеийн чангалах тос_Хөгшрөлтийн эсрэг /Q10 Firming Body Lotion_200ml/,Брэнд
Sebamed Anti Age Q10 Хамгаалах нүүрний тос_Үрчлээний эсрэг /Q10 Protection Cream_50ml/,Брэнд
Sebamed Anti Age Гиалурон комплекс нүүрний дүүргэгч_Үрчлээний эсрэг /Wrinkle-Filler_50ml/,Брэнд
Sebamed Anti Age Гиалурон комплекс серум_Үрчлээний эсрэг /Lifting Serum_30ml/,Брэнд
Sebamed Anti-Age Q10 Зовхины тос_Үрчлээний эсрэг /Q10 Lifting Eye Cream_15ml/,Брэнд
Sebamed Anti-Dry  Нөхөн сэргээх шампунь /Revitalizing Shampoo_200ml/,Брэнд
Sebamed Anti-Dry Нөхөн сэргээх шампунь /Revitalizing Shampoo_200ml/,Брэнд
Sebamed Anti-Dry  Өдрийн тос_Хамгаалах /Day Defence Cream_50ml/,Брэнд
Sebamed Anti-Dry Өдрийн тос_Хамгаалах /Day Defence Cream_50ml/,Брэнд
Sebamed Anti-Dry  Шөнийн тос _Эрчимтэй чийгшүүлэх тос /Night Intensive Cream_50ml/,Брэнд
Sebamed Anti-Dry Шөнийн тос _Эрчимтэй чийгшүүлэх тос /Night Intensive Cream_50ml/,Брэнд
Sebamed Anti-Dry Эмульсэн цэвэрлэгч_Дерма зөөлрүүлэгч /Derma-Soft Wash Emulsion_200ml/,Брэнд
"Sebamed Anti-pollution Мицелляр ус_Тослог, холимог арьс /Oily & Combination_200ml/",Брэнд
"Sebamed Anti-pollution Мицелляр ус_Хэвийн, хуурай арьс /Normal & Dry_200ml/",Брэнд
Sebamed Anti-pollution Нүүрний чийгшүүлэгч /Hydrating Fluid_30ml/,Брэнд
Sebamed Clear Face  Бактерийн эсрэг эмчилгээний хөөс /Antibacterial Cleansing Foam_150ml/,Брэнд
Sebamed Clear Face Бактерийн эсрэг эмчилгээний хөөс /Antibacterial Cleansing Foam_150ml/,Брэнд
Sebamed Clear Face  Зөөлөн гуужуулагч /Gentle Scrub_150ml/,Брэнд
Sebamed Clear Face Зөөлөн гуужуулагч /Gentle Scrub_150ml/,Брэнд
Sebamed Clear Face  Нүүрний тонер_батганы эсрэг /Facial Toner_150ml/,Брэнд
Sebamed Clear Face Нүүрний тонер_батганы эсрэг /Facial Toner_150ml/,Брэнд
Sebamed Clear Face  Тослог тэнцвэржүүлэгч тос /Mattifying Cream_50ml/,Брэнд
Sebamed Clear Face Тослог тэнцвэржүүлэгч тос /Mattifying Cream_50ml/,Брэнд
Sebamed Clear Face  Эмчилгээний нүүрний гель_Батганы эсрэг /Care Gel_50ml/,Брэнд
Sebamed Clear Face Эмчилгээний нүүрний гель_Батганы эсрэг /Care Gel_50ml/,Брэнд
Sebamed Clear Face Үрэвсэл хатаах гел_Батганы эсрэг /Anti Pimple Gel_50ml/,Брэнд
Sebamed Extreme-Dry  Эмчилгээний шампунь /Relief Shampoo_5% urea_200ml/,Брэнд
Sebamed Extreme-Dry Эмчилгээний шампунь /Relief Shampoo_5% urea_200ml/,Брэнд
Sebamed Extreme-Dry Эмчилгээний биеийн тос / Repair Lotion_10% urea_200ml/,Брэнд
Sebamed Extreme-Dry Эмчилгээний гарын тос /Relief Hand Cream_5% urea_75ml/,Брэнд
Sebamed Extreme-Dry Эмчилгээний нүүрний тос /Relief Face Cream_5% urea_50ml/,Брэнд
Sebamed Extreme-Dry Эмчилгээний хөлний тос /Repair Foot Cream_10% urea_100ml/,Брэнд
Sebamed Hair  Будагтай үсний шампунь /Color Care Shampoo_200ml/,Брэнд
Sebamed Hair Будагтай үсний шампунь /Color Care Shampoo_200ml/,Брэнд
Sebamed Hair  Гэмтэлтэй үсний шампунь /Repair Shampoo_200ml/,Брэнд
Sebamed Hair Гэмтэлтэй үсний шампунь /Repair Shampoo_200ml/,Брэнд
Sebamed Hair  Үсний ангижруулагч /Repair Conditioner_200ml/,Брэнд
Sebamed Hair Үсний ангижруулагч /Repair Conditioner_200ml/,Брэнд
Sebamed Hair Өдөр тутмын шампунь /Hair Everyday shampoo_200ml/,Брэнд
Sebamed Hair Үс уналтын эсрэг шампунь /Аnti-Hairloss Shampoo_200ml/,Брэнд
Sebamed Hair Хагны эсрэг шампунь /Аnti-Dandruff Shampoo_200ml/,Брэнд
"Sebamed PRO!  Арьсны эсийг шинэчилэх, залуужуулах тос_Пробиотик /Regenerating Cream 50ml/",Брэнд
"Sebamed PRO! Арьсны эсийг шинэчилэх, залуужуулах тос_Пробиотик /Regenerating Cream 50ml/",Брэнд
Sebamed PRO! Гүн чийгшүүлэх серум_Пробиотик /Hydro Serum 30ml/,Брэнд
Sebamed PRO! Нөхөн сэргээх серум_Пробиотик /Vital Serum 30ml/,Брэнд
Sebamed PRO! Эрчимжүүлсэн серум_Пробиотик /Intensive Serum 30ml/,Брэнд
Sebamed PRO! Зовхины тос_Пробиотик /Revitalizing Еye Сream 15ml/,Брэнд
Sebamed PRO! Хамгаалах нүүрний тос_Пробиотик /Active Protection Cream 50ml/,Брэнд
Sebamed Sensitive Биеийн сүүн шингэн /Nourishing Body Milk_200ml/,Брэнд
Sebamed Sensitive Биеийн сэргээх шингэн саван /Fresh Shower_200ml/,Брэнд
Sebamed Sensitive Биеийн тайвшруулах шингэн саван /Spa Shower_200ml/,Брэнд
"Sebamed Sensitive Нүүр, бие ш.саван_Чидун /Olive Face & Body Wash 200ml/",Брэнд
Sebamed Sensitive Биеийн тайвшруулах тос /Relaxing SPA Lotion_200ml/,Брэнд
Sebamed Sensitive Биеийн тосон угаагч /Shower oil_200ml/,Брэнд
Sebamed Sensitive Биеийн чийгшүүлэх тос /Moisturizing body lotion_200ml/,Брэнд
Sebamed Sensitive Биеийн шахдаг тос /Moisturizing Body Lotion_400ml/,Брэнд
Sebamed Sensitive Гар хумс чийгшүүлэгч бальзам /Hydrating Hand+ Nail Balm_75ml/,Брэнд
"Sebamed Sensitive Мицелляр ус_Холимог, тослог арьс /Oily&Combi 200ml/",Брэнд
"Sebamed Sensitive Мицелляр ус_Энгийн, хуурай арьс /Normal&Dry_200ml/",Брэнд
"Sebamed Sensitive Нүүр цэвэрлэгч_Холимог, тослог арьс /Gentle Facial cleanser_Oily&Combi 200ml/",Брэнд
"Sebamed Sensitive Нүүр, бие ш. саван /Liquid Face & Body Wash_200ml/",Брэнд
"Sebamed Sensitive Нүүр, бие ш.саван_Чидун /Olive Face & Body Wash 400ml/",Брэнд
Sebamed Sensitive Тэжээлтэй гарын тос /Nourishing hand cream_75ml/,Брэнд
Sebamed Sensitive Эрчимтэй чийгшүүлэгч гарын тос /Intensive Hand Cream_75ml/,Брэнд
Sebamed Sensitive Уруулны хамгаалалтын тос /Lip Defense_SPF-30_4.8gr/,Брэнд
Sebamed Sensitive Уруулны эмчилгээний тос  /Lip Repair_10ml/,Брэнд
Sebamed Sensitive Үнэр дарагч /Intimate Deodorant_125ml/,Брэнд
"Sebamed Sensitive Хамгаалах, Эдгээх эмчилгээний тос /Healing & Protective Ointment_50ml/",Брэнд
Sebamed Sensitive Хөлс дарагч Roll-on /Fresh Deo blossom_50ml/,Брэнд
Sebamed Sensitive Хөлс дарагч Roll-on /Fresh Deo lime_50ml/,Брэнд
Sebamed Sensitive Хөлс дарагч Roll-on /Fresh Deo_50ml/,Брэнд
Sebamed Sensitive Хөлс дарагч Spray /Fresh Deo active_75ml/,Брэнд
Sebamed Sensitive Хөлс дарагч Spray /Fresh Deo lime_75ml/,Брэнд
Sebamed Sensitive Цэвэрлэгч хатуу саван /Cleansing Bar_100gr/,Брэнд
Sebamed Sensitive Цэвэрлэгч хатуу саван_Чидун /Olive Cleansing Bar_150gr/,Брэнд
Sebamed Sensitive Чийгшүүлэгч тос_E витамин /Moisturizing cream_50ml/,Брэнд
Sebamed Sensitive Чийгшүүлэгч тос_E витамин /Moisturizing cream_75ml/,Брэнд
Sebamed Sensitive Эмэгтэйчүүдийн эмульсэн цэвэрлэгч 15-50 /Intimate Wash Emulsion_200ml/,Брэнд
Sebamed Sensitive Эрчүүдийн сахлын бальзам /After Shave Balm 100ml/,Брэнд
Sebamed Sensitive Язралтын эсрэг тос /Anti-Stretch Mark Cream_200ml/,Брэнд
Sebamed арьсны цэвэрлэгээний тестер N1,Брэнд
Sebamed үсний бүтээгдэхүүний тестер N1,Брэнд
Sebamed цаасан тор том N1,Брэнд
SKIN PLANET AMINO чийгшүүлэх тос агуулсан маск №1,Брэнд
SKIN PLANET BIOMEFLORA арьс тайвшруулах бүүстер маск №1,Брэнд
"SKIN PLANET BIOMEFLORA арьс чангалах, өргөх бүүстер маск №1",Брэнд
"SKIN PLANET BIOMEFLORA арьс чийгшүүлэх, цайруулах бүүстер маск №1",Брэнд
"SKIN PLANET M-NMF чийгшүүлэгчтэй, залуужуулах маск №1",Брэнд
SKIN PLANET N.M.F AQUA гүн чийгшүүлэх маск №1,Брэнд
SKIN PLANET PEPTIDE  хөгшрөлтийн эсрэг маск №1,Брэнд
SKIN PLANET VITA REAL гэрэлтүүлэн цайруулах маск №1,Брэнд
SKIN PLANET коллагены агууламжтай арьс өргөгчтөй  маск №1,Брэнд
SKIN PLANET коллагены агууламжтай арьс өргөгчтөй маск №1,Брэнд
SKIN PLANET ногоон цайны найрлагатай тайвшруулах маск №1,Брэнд
SKIN PLANET эмгэн хумсны найрлагатай залуужуулах маск №1,Брэнд
SKIN PLANET DAILY FRESH GARDEN алоетай маск №1,Брэнд
SKIN PLANET DAILY FRESH GARDEN анартай маск №1,Брэнд
SKIN PLANET DAILY FRESH GARDEN желлитэй маск №1,Брэнд
SKIN PLANET PEPTIDE  арьс өргөгчтөй алтан маск №1,Брэнд
SKIN PLANET PEPTIDE арьс өргөгчтөй алтан маск №1,Брэнд
SKIN PLANET PEPTIDE хөгшрөлтийн эсрэг маск №1,Брэнд
SKIN PLANET SELECTION  хүн орхоодойн найрлагатай сэргээх маск №1,Брэнд
SKIN PLANET SELECTION хүн орхоодойн найрлагатай сэргээх маск №1,Брэнд
Sliced Улаан хүн орхоодойн хатаамал 20гр/200гр N10 Korea,Брэнд
"Sungboon Editor арьсийг коллаген бүүстлэх маск 37гр, 4ш /3601/",Брэнд
"Sungboon Editor арьсны өнгийг жигдлэх, хар толбыг бүдрэгүүлэх пад 60ш /4844/",Брэнд
"Sungboon Editor арьсны пигмент, толбыг бүдгэрүүлэх ампул /4820/",Брэнд
Sungboon Editor нүхжилт агшаах ампул + 30мл /2086/,Брэнд
"Sungboon Editor арьсны тослог, pH тэнцвэржүүлэх нүхжилт гаргах ампул 30мл /0297/",Брэнд
Sungboon Editor Колеган агуулсан сэрүм мист 145мл /2833/,Брэнд
"Sungboon Editor коллаген агуулсан, хөгшрөлтийн эсрэг капсул тос /2413/",Брэнд
Sungboon Editor нүхжилт агшаах тонер /4110/,Брэнд
"Sungboon Editor нүхжилт цэвэрлэж, агшаах тосон цэвэрлэгч /5186/",Брэнд
Sungboon Editor нүхжилт цэвэрлэх хөөсөн цэвэрлэгч /8309/,Брэнд
"Sungboon Editor торгон уургийн нэгдэл, арьс өргөх ампул /8934/",Брэнд
Sungboon Editor үрчлээний эсрэг коллаген бүүстлэх сэрүм /2840/,Брэнд
Sungboon Editor цайруулах хар толботой тос /7043/,Брэнд
"Sungboon нүх агшааж, зөөлөн гуйжуулах тонэр пад /8750/",Брэнд
TONEfitSUN веган нарны тос SPF50+ PA++++ /0200/,Брэнд
TONEfitSUN хуурай арьсанд зориулсан нарны тос SPF50+ PA++++ /0040/,Брэнд
TONEfitSUN нарны хамгаалттай күшн SPF50+  /0019/,Брэнд
TONEfitSUN нарны хамгаалттай күшн SPF50+ /0019/,Брэнд
TONEfitSUN нарны хамгаалттай күшн SPF50+  /0095/,Брэнд
TONEfitSUN нарны хамгаалттай күшн SPF50+ /0095/,Брэнд
TONEfitSUN тослог арьсанд зориулсан стик нарны тос SPF50+ PA++++ /0033/,Брэнд
TONEfitSUN Уруулын бальзам бөөрөлзгөнө 03 SPF11 /0194/,Брэнд
TONEfitSUN Уруулын бальзам таро 03 SPF10 /0170/,Брэнд
TONEfitSUN Уруулын бальзам тоор 03 SPF10 /0163/,Брэнд
TONEfitSUN Уруулын бальзам чангаанз 03 SPF10 /0187/,Брэнд
VT 100 COLLAGEN REEDLE SHOT STICK POUCH (10ш) /7317/,Брэнд
VT 100 PRO CICA REEDLE SHOT SHOT STICK POUCH (10ш) /7324/,Брэнд
VT 100 REEDLE SHOT STICK POUCH (10ш) /7294/,Брэнд
VT 100 RETI-A REEDLE SHOT STICK POUCH (10ш) /7249/,Брэнд
VT 100 VITA-LIGHT STICK POUCH (10ш) /7256/,Брэнд
VT 300 REEDLE SHOT STICK POUCH (10ш) /7300/,Брэнд
VT COLLAGEN REEDLE SHOT 100 /3692/,Брэнд
VT RED BOOSTER REEDLE SHOT 100 50мл /9175/,Брэнд
VT батганы эсрэг RETI-A REEDLE SHOT 100 /6396/,Брэнд
VT тослогийг тэнцвэршүүлэх VITA-LIGHT REEDLE SHOT 100 /6402/,Брэнд
VT MILD REEDLE SHOT 50 2-STEP MASK /6020/,Брэнд
VT REEDLE SHOT 100 /8363/,Брэнд
VT REEDLE SHOT 100 2-STEP MASK №1 /6037/,Брэнд
VT REEDLE SHOT 1000 15мл /3500/,Брэнд
VT REEDLE SHOT 300  50мл /8431/,Брэнд
VT REEDLE SHOT 300 50мл /8431/,Брэнд
VT чийгшүүлэх HYDROP REEDLE SHOT 300hL /7553/,Брэнд
"VT REEDLE SHOT 50, 50мл /6196/",Брэнд
"VT REEDLE SHOT 700, 30мл /8448/",Брэнд
VT REEDLE SHOT EX CICA MODELING PACK /6143/,Брэнд
VT REEDLE SHOT EX COLLAGEN MODELING PACK зуурдаг 25гр /6150/,Брэнд
VT REEDLE SHOT EX HYALURONIC MODELING PACK /6174/,Брэнд
VT REEDLE SHOT EX VITAMIN MODELING PACK /6167/,Брэнд
VT антиоксидантаар баялаг BLACK TRUFFLE REEDLE SHOT® 100 /0867/,Брэнд
VT антиоксидантаар баялаг BLACK TRUFFLE REEDLE SHOT® 100 /0867/ ,Брэнд
VT батга үүсэхээс сэргийлэх CICA DAILY SOOTHING MASK /7490/,Брэнд
VT батганы эсрэг CICA RETI-A MASK /8028/,Брэнд
VT сорви болон гэмтсэн арьсыг SNAIL REEDLE SHOT 100B /9182/,Брэнд
VT сорви болон гэмтсэн арьсыг SNAIL REEDLE SHOT 100B /9182/ ,Брэнд
VT чийгшүүлэх HYDROP REEDLE SHOT 100hL /7546/,Брэнд
VT тослогийг тэнцвэршүүлэх VITA-LIGHT BRIGHTENING MASK /6242/,Брэнд
Агафийн хар саван 500мл №1 /Natura Siberica/,Брэнд
Агафья /Хусны шүүстэй шампунь 500мл №1 /Natura Siberica/,Брэнд
Агафьягийн цагаан саван 500мл №1 /Natura Siberica/,Брэнд
Бойрер BC27 blood pressure N1,Брэнд
Бойрер BC40 даралт э/ап бугуй,Брэнд
Бойрер BC44 даралтны э/ап бугуй,Брэнд
Бойрер BC51 даралтны аппарат бугалга,Брэнд
Бойрер BM23 даралтны аппарат бугалга,Брэнд
Бойрер BM26 даралтны аппарат бугалга,Брэнд
Бойрер BM26 даралтны э/апп бугалга,Брэнд
Бойрер BM40 даралт э/ап буга ONPACK,Брэнд
Бойрер BM40 даралтны э/ап бугалганы,Брэнд
Бойрер BM44 даралтны э/ап бугалга,Брэнд
Бойрер BM45 даралтны аппарат бугалга,Брэнд
Бойрер FB12 хөлийн усан мас ап,Брэнд
Бойрер FC72 Ионжуулсан нүүрний саун,Брэнд
Бойрер FC95 эмн/х нүүр цэвэрлэгч сойз N2,Брэнд
Бойрер FT09 биеийн х/э термометр/э,Брэнд
Бойрер FT09/1 биеийн х/э термометр/э,Брэнд
Бойрер FT16 Хэмжилтийн хугацаа богино биеийн х/э  термометр/э,Брэнд
Бойрер FT16 Хэмжилтийн хугацаа богино биеийн х/э термометр/э,Брэнд
Бойрер FT65 Олон үйлдэлт биеийн х/э  термометр/э,Брэнд
Бойрер FT65 Олон үйлдэлт биеийн х/э термометр/э,Брэнд
Бойрер GL44 Сахарын аппарат,Брэнд
Бойрер HA20 сонсголын аппарат,Брэнд
Бойрер HD90 халдаг хөнжил энгийн,Брэнд
Бойрер IH18 утлагын аппарат,Брэнд
Бойрер IH18 утлагын аппаратын запас N1,Брэнд
Бойрер IH21 утлагын аппарат,Брэнд
Бойрер IH26 утлагын аппарат,Брэнд
Бойрер IH51 утлагын аппарат №1 (небулайзер),Брэнд
Бойрер IL11 нэг удаагийн ламп 100W,Брэнд
Бойрер IL11 хэт улаан туяаг-р шарлагын аппарат,Брэнд
Бойрер IL21  хэт улаан туяаг-р шарх ла,Брэнд
Бойрер IL21 хэт улаан туяаг-р шарх ла,Брэнд
Бойрер IL21 нэг удаагийн ламп 150W,Брэнд
Бойрер IL35 шарлагын аппарат,Брэнд
Бойрер LA30 үнэртүүлэгч,Брэнд
Бойрер LA30 үнэртүүлэгч sample,Брэнд
Бойрер LB37 агаар чийгшүүлэгч,Брэнд
Бойрер LW220 амин тос /harmony/,Брэнд
Бойрер LW220 амин тос /relax/,Брэнд
Бойрер LW220 амин тос /sleep well/,Брэнд
Бойрер LW220 амин тос /vitality/,Брэнд
Бойрер MG 18 биеийн массажёр,Брэнд
Бойрер MG 18 биеийн массажёр ,Брэнд
Бойрер MG16 биеийн массажёр энгийн N1,Брэнд
"Бойрер PO13 хүүхдийн зүрх/цохилт, хүч/төр хэмжигч апп",Брэнд
"Бойрер PO30 зүрх/цохилт, хүч/төр хэмжигч апп",Брэнд
"Бойрер PO35 зүрх/цохилт, хүч/төр хэмжигч апп",Брэнд
"Бойрер PO80 зүрх/цохилт, хүч/төр хэмжигч апп",Брэнд
Бойрер Өвчин намдаагч EM50,Брэнд
Бойрер Сахар хэмжигч аппаратны тест N50,Брэнд
Бойрер Сахар хэмжигч үзэг,Брэнд
Бойрер Сахар хэмжигч үзэгний зүү N100,Брэнд
Бойрер хэт улаан туяаг-р шарлагын аппарат IL50,Брэнд
"Будагтай үсний өнгө түгжигч ангижруулагч, 250 мл",Брэнд
"Гэмтэлтэй үсний  эрчимтэй нөхөн сэргээх ""Ультра"" бальзам-ангижруулагч, 250 мл",Брэнд
"Гэмтэлтэй үсний эрчимтэй нөхөн сэргээх ""Ультра"" бальзам-ангижруулагч, 250 мл",Брэнд
"Гэмтэлтэй үсний кератинтай крем, 200 мл",Брэнд
Дикиес малгай DK513 MRSW-OS,Брэнд
Дикиес малгай unisex DK513 PBPD-OS,Брэнд
Дикиес өмд 86106 PTWZ-XXS,Брэнд
Дикиес өмд DK010P CIPS-L,Брэнд
Дикиес өмд DK010P CIPS-M,Брэнд
Дикиес өмд DK010P NYPS - XS,Брэнд
Дикиес өмд DK010P NYPS-M,Брэнд
Дикиес өмд DK010P NYPS-S,Брэнд
Дикиес өмд DK010P PWPS - M,Брэнд
Дикиес өмд DK010P PWPS - XS,Брэнд
Дикиес өмд DK010P RYPS - XXS,Брэнд
Дикиес өмд DK010P RYPS-XS,Брэнд
Дикиес өмд DK010P WNPS - XXS,Брэнд
дикиес өмд DK015 CIPS - M,Брэнд
дикиес өмд DK015 CIPS - S,Брэнд
Дикиес өмд DK015 CIPS - XS,Брэнд
Дикиес өмд DK015 PWPS-M,Брэнд
Дикиес өмд DK015 RYPS - L,Брэнд
Дикиес өмд men DK015 BAPS-L,Брэнд
Дикиес өмд men DK015 BAPS-M,Брэнд
Дикиес өмд men DK015 CIPS-L,Брэнд
Дикиес өмд men DK015 NYPS-L,Брэнд
Дикиес өмд DK130 CIE - L,Брэнд
Дикиес өмд DK130 NAV - L,Брэнд
Дикиес өмд DK130 ROY - L,Брэнд
Дикиес өмд DK135 CAR - XS,Брэнд
Дикиес өмд DK135 ROY – M,Брэнд
Дикиес өмд DK135 ROY – XS,Брэнд
Дикиес өмд DK135 WIN-M,Брэнд
Дикиес өмд DK135 WIN-S,Брэнд
Дикиес өмд DK135 WIN-XS,Брэнд
Дикиес өмд DK135P CAR - M,Брэнд
Дикиес өмд DK135P CAR - S,Брэнд
Дикиес өмд DK135P CAR - XS,Брэнд
Дикиес өмд DK135P CAR - XXS,Брэнд
Дикиес өмд DK135P CIE - M,Брэнд
Дикиес өмд DK135P CIE - S,Брэнд
Дикиес өмд DK135P WIN – M,Брэнд
Дикиес өмд DK135P WIN – S,Брэнд
Дикиес өмд DK135P WIN – XS,Брэнд
Дикиес өмд DK155 BLK-M,Брэнд
Дикиес өмд DK155 BLK-S,Брэнд
Дикиес өмд DK155 CAR-M,Брэнд
Дикиес өмд DK155 CAR-S,Брэнд
Дикиес өмд DK155 CAR-XXS,Брэнд
Дикиес өмд DK155 HTNA-XS,Брэнд
Дикиес өмд DK155 PWT - S,Брэнд
Дикиес өмд DK155 PWT - XS,Брэнд
Дикиес өмд DK155 PWT - XXS,Брэнд
Дикиес өмд DK155 PWT-M,Брэнд
Дикиес өмд DK155 ROY-XXS,Брэнд
Дикиес өмд DK155 WIN-M,Брэнд
Дикиес өмд DK155 WIN-S,Брэнд
Дикиес өмд DK155 WIN-XS,Брэнд
Дикиес өмд DK155 WIN-XXS,Брэнд
Дикиес өмд DK155P BLK M,Брэнд
Дикиес өмд DK155P BLK S,Брэнд
Дикиес өмд DK155P BLK XS,Брэнд
Дикиес өмд DK155P BLK XXS,Брэнд
Дикиес өмд DK155P CAR M,Брэнд
Дикиес өмд DK155P CAR S,Брэнд
Дикиес өмд DK155P CAR XS,Брэнд
Дикиес өмд DK155P CAR XXS,Брэнд
Дикиес өмд DK155P HUN M,Брэнд
Дикиес өмд DK155P HUN S,Брэнд
Дикиес өмд DK155P HUN XS,Брэнд
Дикиес өмд DK155P HUN XXS,Брэнд
Дикиес өмд DK155P NAV M,Брэнд
Дикиес өмд DK155P NAV S,Брэнд
Дикиес өмд DK155P NAV XS,Брэнд
Дикиес өмд DK155P NAV XXS,Брэнд
Дикиес өмд men DK055 CIE-L,Брэнд
Дикиес өмд men DK055 CIE-S,Брэнд
Дикиес өмд men DK055 CIE-XL,Брэнд
Дикиес өмд men DK055 NAV-XL,Брэнд
Дикиес өмд men DK055 PWT-XL,Брэнд
Дикиес өмд men DK055 ROY-S,Брэнд
Дикиес өмд men DK055 ROY-XL,Брэнд
Дикиес өмд men DK055 ROY-XS,Брэнд
Дикиес халад 81404 DWHZ-M,Брэнд
Дикиес халад 81404 DWHZ-S,Брэнд
Дикиес халад men 81404 DHWZ-XS,Брэнд
Черокий men Халад 81404 DWHZ -M,Брэнд
Дикиес халад 82401 DWHZ-M,Брэнд
Дикиес халад 82401 DWHZ-S,Брэнд
Дикиес халад 82401 DWHZ-XS,Брэнд
Дикиес халат unisex 83402 DWHZ - L,Брэнд
Дикиес цамц DK616 WZMC-XS,Брэнд
Дикиес цамц DK645 BAPS- L,Брэнд
Дикиес цамц men DK645 BAPS-L,Брэнд
Дикиес цамц DK678 ROY- M,Брэнд
Дикиес цамц DK678 ROY- S,Брэнд
Дикиес цамц DK678 ROY- XS,Брэнд
Дикиес цамц DK678 ROY-S,Брэнд
Дикиес цамц DK678 WIN - S,Брэнд
Дикиес цамц DK678 WIN - XS,Брэнд
Дикиес цамц DK678 WIN-S,Брэнд
Дикиес цамц DK678 WIN-XS,Брэнд
Дикиес цамц DK870 CAR M,Брэнд
Дикиес цамц DK870 CAR S,Брэнд
Дикиес цамц DK870 CAR XXS,Брэнд
Дикиес цамц DK870 ROY-M,Брэнд
Дикиес цамц DK870 ROY-S,Брэнд
Дикиес цамц DK870 ROY-XS,Брэнд
Дикиес цамц DK870 WIN S,Брэнд
Дикиес цамц DK870 WIN-M,Брэнд
Дикиес цамц DK870 WIN-S,Брэнд
Дикиес цамц DK870 WIN-XS,Брэнд
Дикиес цамц DK875 BLK - M,Брэнд
Дикиес цамц DK875 BLK-M,Брэнд
Дикиес цамц DK875 BLK-S,Брэнд
Дикиес цамц DK875 BLK-XS,Брэнд
Дикиес цамц DK875 BLK-XXS,Брэнд
Дикиес цамц DK875 CAR-M,Брэнд
Дикиес цамц DK875 CAR-S,Брэнд
Дикиес цамц DK875 CAR-XS,Брэнд
Дикиес цамц DK875 CAR-XXS,Брэнд
Дикиес цамц DK875 HUN M,Брэнд
Дикиес цамц DK875 HUN S,Брэнд
Дикиес цамц DK875 HUN XS,Брэнд
Дикиес цамц DK875 HUN XXS,Брэнд
Дикиес цамц DK875 NAV M,Брэнд
Дикиес цамц DK875 NAV S,Брэнд
Дикиес цамц DK875 NAV XS,Брэнд
Дикиес цамц DK875 NAV XXS,Брэнд
Дикиес цамц DK875 PWT - M,Брэнд
Дикиес цамц DK875 PWT - S,Брэнд
Дикиес цамц DK875 PWT-XS,Брэнд
Дикиес цамц DK875 ROY - XXS,Брэнд
Дикиес цамц DK875 WIN-M,Брэнд
Дикиес цамц DK875 WIN-S,Брэнд
Дикиес цамц DK875 WIN-XXS,Брэнд
Дикиес цамц men DK635 BAPS-L,Брэнд
Дикиес цамц men DK635 BAPS-M,Брэнд
Дикиес цамц men DK635 BAPS-S,Брэнд
Дикиес цамц men DK635 CIPS-L,Брэнд
Дикиес цамц men DK635 CIPS-M,Брэнд
Дикиес цамц men DK635 NYPS-L,Брэнд
Дикиес цамц men DK635 RYPS-L,Брэнд
Дикиес цамц men DK930 BLK-XS,Брэнд
Дикиес цамц men DK930 CIE-XS,Брэнд
Дикиес цамц men DK930 NAV-S,Брэнд
Дикиес цамц men DK930 NAV-XS,Брэнд
Дикиес цамц men DK930 ROY-S,Брэнд
Дикиес цамц men DK930 ROY-XS,Брэнд
Дикиес цамц ханцуйтай men эмн/х DK370 NAV-XS N1,Брэнд
"Нип 31000 Хөхөлт х/бүт ""Фамили"" латекс №1 /0-6сар/ N2",Брэнд
"Нип 31001 Хөхөлт х/бүт ""Фамили""латекс №2 /5-18сар/ N2",Брэнд
"Нип 31003 Хөхөлт х/бүт ""Фамили"" силикон №1 /0-6сар/ N2",Брэнд
"Нип 31004 Хөхөлт х/бүт ""Фамили"" силикон №2 /5-18сар/ N2",Брэнд
"Нип 31301 Хөхөлт х/бүт ""Лайф"" силикон №1 /0-6сар/ N2",Брэнд
"Нип 31302 Хөхөлт х/бүт ""Лайф"" силикон №2 /5-18сар/ N2",Брэнд
"Нип 31305 хөхөлт ""Фийл""силикон/0-6сар/ N2",Брэнд
"Нип 31309 Хөхөлт ""Найт"" силикон №1  /0-6сар/ N2",Брэнд
"Нип 31309 Хөхөлт ""Найт"" силикон №1 /0-6сар/ N2",Брэнд
"Нип 31310 Хөхөлт ""Найт"" силикон №2 /5-18сар/ N2",Брэнд
"НИП 31610 Хөхөлт х/бүт ""Butterfly"" силикон /0-6сар/ N1",Брэнд
"НИП 31611 Хөхөлт х/бүт ""Butterfly"" силикон /5-18сар/ N1",Брэнд
"Нип 31618 Хөхөлт х/бүт ""Эрвээхий ногоон"" силикон №1 /0-6сар/ N2",Брэнд
"Нип 31619 Хөхөлт х/бүт ""Эрвээхий ногоон"" силикон №2 /5-18сар/ N2",Брэнд
"Нип 31618 Хөхөлт, “Butterfly”, greenline цуврал, хэмжээ №2 /5–18 сар/",Брэнд
"Нип 31619 Хөхөлт, “Butterfly”, greenline цуврал, хэмжээ №2 /5–18 сар/",Брэнд
"Нип 31624 Хөхөлт,  “Butterfly Night”, greenline цуврал, хэмжээ №1 /0–6 сар/",Брэнд
"Нип 31624 Хөхөлт, “Butterfly Night”, greenline цуврал, хэмжээ №1 /0–6 сар/",Брэнд
"Нип 31625 Хөхөлт,  “Butterfly Night”, greenline цуврал, хэмжээ №2 /5–18 сар/",Брэнд
"Нип 31625 Хөхөлт, “Butterfly Night”, greenline цуврал, хэмжээ №2 /5–18 сар/",Брэнд
"Нип 31800 Хөхөлт х/бүт ""Мисс Денти"" силикон №1 /0-6сар/ N2",Брэнд
Нип 33000 Хөхөлтүүр х/бүт латекс S №1 /0-6сар/ угжны N2,Брэнд
Нип 33004 Хөхөлтүүр х/бүт латекс М №1 /0-6сар/ угжны N2,Брэнд
Нип 33005 Хөхөлтүүр х/бүт латекс М №2 /6сар+/ угжны N2,Брэнд
Нип 33002 Хөхөлтүүр х/бүт силикон S №1 /0-6сар/ угжны N2,Брэнд
Нип 33003 Хөхөлтүүр х/бүт силикон S №2 /6сар+/ угжны N2,Брэнд
Нип 33006 Хөхөлтүүр х/бүт силикон М №1 /0-6сар/ угжны N2,Брэнд
Нип 33009 Хөхөлтүүр х/бүт латекс L №2 /6сар+/ угжны N2,Брэнд
Нип 33007 Хөхөлтүүр х/бүт силикон М №2 /6сар+/ угжны N2,Брэнд
Нип 33011 Хөхөлтүүр х/бүт силикон L №2 /6сар+/ угжны N2,Брэнд
"Нип 33030 Угжны хөхөлт, өргөн амсартай, /0+ сар/, урсгал S",Брэнд
"Нип 33031 Угжны хөхөлт, өргөн амсартай, /0+ сар/, урсгал M",Брэнд
Нип 33034 Хөхөлтүүр өргөн силикон /6+сар/ N1,Брэнд
Нип 33039 Хөхөлтүүр х/бүт силикон өргөн S №1 /0-6сар/ N2,Брэнд
Нип 33040 Хөхөлтүүр өргөн силикон өргөн M №2 /6+сар/ N1,Брэнд
Нип 33041 Хөхөлтүүр силикон L №2 /0сар+/ угжны,Брэнд
"Нип 33042 Хөхөлтүүр ""Черри ногоон"" латекс S /+0 сар/ N2",Брэнд
"Нип 33043 Хөхөлтүүр ""Черри ногоон"" латекс M /+0 сар/ N2",Брэнд
Нип 35004 Угж х/бүт бариулгүй латекс №1 /0-6сар/ 125мл N1,Брэнд
Нип 35014 Угж х/бүт Стандарт шилэн 0-6 сар 125мл N1,Брэнд
Нип 35015 Угж х/бүт Стандарт шилэн  /0-6/сар 250мл N1,Брэнд
Нип 35015 Угж х/бүт Стандарт шилэн /0-6/сар 250мл N1,Брэнд
"Нип 35034 Угж х/бүт хуванцар ""Тренди"" №1 /0-6сар/ 125мл N1",Брэнд
"Нип 35035 Угж х/бүт хуванцар ""Тренди Гёрл"" №1 250мл N1",Брэнд
"Нип 35036 Угж х/бүт хуванцар ""Тренди"" бой 250мл N1",Брэнд
"Нип 35041 Хүүхдийн угж, ПП материалтай, өргөн амсартай, хүү, 260 мл, /0+ сар/, урсгал M",Брэнд
"Нип 35042 Хүүхдийн угж, ПП материалтай, өргөн амсартай, охин, 260 мл, /0+ сар/, урсгал M",Брэнд
"Нип 35049 Ундааны сав х/бүт ""Кидс кап бой"" 330мл N1",Брэнд
Нип 35050 Ундааны сав х/бүт 330мл N1,Брэнд
"Нип 35051 Ундааны сав х/бүт ""Фирст кап бой"" 330мл N1",Брэнд
"Нип 35052 Ундааны сав х/бүт ""Кидс кап гёрл"" 330мл N1",Брэнд
"Нип 35051 Хүүхдийн ундааны сав, ПП материалтай, “Kids cup”, хүү, 330 мл",Брэнд
"Нип 35052 Хүүхдийн ундааны сав, ПП материалтай, “Kids cup”, охин, 330 мл",Брэнд
"Нип 35055 Хүүхдийн угж, ПП материалтай, өргөн амсартай, хүү, 150 мл, /0+ сар/, урсгал S",Брэнд
"Нип 35056 Хүүхдийн угж, ПП материалтай, өргөн амсартай, охин, 150 мл, /0+ сар/, урсгал S",Брэнд
"Нип 35057 Ундааны сав х/бүт ""Машин"" /6сар+/ 150мл N1",Брэнд
"Нип 35058 Ундааны сав х/бүт ""Гүзээлзгэнэ"" /6сар+/ 150мл N1",Брэнд
"Нип 35057 Хүүхдийн өөрөө уух угж, ПП материалтай, хүү, 150 мл",Брэнд
"Нип 35058 Хүүхдийн өөрөө уух угж, ПП материалтай, охин, 150 мл",Брэнд
"Нип 35063 Хүүхдийн угж, шилэн, өргөн амсартай, хүү, 240 мл, /0+ сар/, урсгал S",Брэнд
"Нип 35065 Хүүхдийн угж, шилэн, өргөн амсартай, хүү, 120 мл, /0+ сар/, урсгал S",Брэнд
"Нип 35066 Хүүхдийн угж, шилэн, өргөн амсартай, охин, 120 мл, /0+ сар/, урсгал S",Брэнд
"Нип 35067 Ундааны сав х/бүт ""Cowboy"" соруултай /12сар+/ 330мл N1",Брэнд
"Нип 35067 Хүүхдийн соруултай ундааны сав, ПП материалтай, “Straw cup”, хүү, /12+ сар/, 330 мл",Брэнд
"Нип 35068 Хүүхдийн соруултай ундааны сав, ПП материалтай, “Straw cup”, охин, /12+ сар/, 330 мл",Брэнд
"Нип 35068 Ундаанй сав х/бүт ""Indian girl"" соруултай /12сар+/ 330мл N1",Брэнд
Нип 35069 Угж шилэн х/бүт №1 /0-6 сар / хүү 125мл N1,Брэнд
Нип 35070 Угж шилэн х/бүт №1 /0-6 сар / охин 125мл,Брэнд
"Нип 35099 Аяга х/бүт ""Trainer cup"" boy 260мл",Брэнд
"Нип 35100 Аяга х/бүт ""Trainer cup"" girl 260мл",Брэнд
"Нип 35119 Угж том амсартай ""Черри ногоон охин"" 240мл латекс М /+0сар/ N1",Брэнд
"Нип 35120 Угж том амсартай ""Черри ногоон"" 240мл латекс М /+0сар/ N1",Брэнд
Нип 35600 Угж х/бүт өргөн амсартай  /0+/ 150мл N1,Брэнд
Нип 35600 Угж х/бүт өргөн амсартай /0+/ 150мл N1,Брэнд
Нип 35603 Угж х/бүт өргөн амсартай /0+/ 270мл N1,Брэнд
Нип 35606 Сүү хадгалах сав 150мл N4,Брэнд
"НИП 35607 Угж х/б хуванцар бариултай ""Day&Night"" холимог 270 мл N1",Брэнд
"НИП 35609 Угж х/б хуванцар бариултай  ""Day&Night"" охин 270 мл N1",Брэнд
"НИП 35609 Угж х/б хуванцар бариултай ""Day&Night"" охин 270 мл N1",Брэнд
"НИП 35608 Угж х/б хуванцар бариултай  ""Day&Night"" хүү 270 мл N1",Брэнд
"НИП 35608 Угж х/б хуванцар бариултай ""Day&Night"" хүү 270 мл N1",Брэнд
"Нип 37005 Хөхөлтийн оосор, greenline цуврал, /0+ сар/",Брэнд
Нип 37010 Угж угаагч том х/бүт N1,Брэнд
Нип 37011 Угж угаагч жижиг х/бүт N1,Брэнд
Нип 37032 хайрцаг х/бүт N1,Брэнд
Нип 37040 Сүү хөргөөгч х/бүт Cool Twister N1,Брэнд
Нип 37048 Хуурай сүүний сав,Брэнд
Нип 37061 Ундааны аяга /18+ сар / N4,Брэнд
Нип 37062 Хоолны таваг /6+ сар/ N4,Брэнд
Нип 37064  х/тавга х/бүт N1,Брэнд
Нип 37064 х/тавга х/бүт N1,Брэнд
Нип 37065 Хоолны таваг /4+ сар хүнхэр N2,Брэнд
Нип 37066 Халбага 4+сар N3,Брэнд
Нип 37067 Аяга 250 мл /12+ сар N2,Брэнд
"НИП 37069 ""Eat green"" зуушны сав х/бүт N1",Брэнд
"Нип 37069 Хүүхдийн зуушны сав, “Snackbox 2in1”, greenline цуврал",Брэнд
Нип 37070 Ам цэвэрлэх хуруувч /0-12сар/,Брэнд
Нип 37071 Бүлээн жин х/бүт Belly Well /0сар+/,Брэнд
Нип 37073 Шүдний хазуур дугуй х/бүт,Брэнд
Нип 37076 Хүүхдийн хумсны хайч х/бүт /0сар+/,Брэнд
Нип 37079 Хүүхдийн халбага урт х/бүт / 0+ сар / N3,Брэнд
Нип 37083 Гишгүүр х/бүт N1,Брэнд
Нип 37085 Зуушны сав х/бүт,Брэнд
Нип 37086 Нярайн сойз /4+ сар/,Брэнд
Нип 37100 угж халаагч х/бүт N1,Брэнд
Нип 37101 угж ариутгагч 3-үйлд х/бүт N1,Брэнд
Нип 37600 Хөхөлтүүр /Савтай/ size M 20 mm N2,Брэнд
Нип 37601 Хөхний саалтуурны ком N1,Брэнд
Нип 39024 Аяганы ком х/бүт цэнхэр N1,Брэнд
Нип 39025 Аяганы ком х/бүт ягаан N1,Брэнд
Нип 70326 Хөхөлтний сав 200ш,Брэнд
"Нип 91011 Хөхөлт х/бүт ""Черри""найт латекс №1 /6+сар/ N2",Брэнд
"Нип 91012 Хөхөлт х/бүт ""Черри грийн"" латекс /0-6 сар/",Брэнд
"Нип 91013 Хөхөлт х/бүт ""Черри грийн"" латекс /6+ сар/",Брэнд
"Нип 91029 Хөхөлт х/бүт ""Черри эйр найт"" латекс №1 /0-6сар/ N2",Брэнд
"Нип 91030 Хөхөлт х/бүт ""Черри эйр найт"" латекс №2 /+6сар/ N2",Брэнд
"Нип 93000 Хөхөлтүүр х/бүт ""Черри"" латекс №1 /0сар+/ S N2",Брэнд
"Нип 93001 Хөхөлтүүр х/бүт ""Черри"" латекс №1 /0сар+/ M N2",Брэнд
Нип 93003 Хөхөлтүүр х/бүт '' Черри '' силикон №2 /0+ сар / S N2,Брэнд
Нип хүүхэд гишгүүр х/бүт 37083/1VE N1,Брэнд
Октобус Octopus Хүүхдийн эрчимтэй чийгшүүлэх тос 350мл /Dr.Novamedi/,Брэнд
Октобус Хүүхдийн бие угаагч ба шампунь 500мл /Dr.Novamedi/,Брэнд
Охидын пантенол бүхий цэвэрлэгээний гель-хөөс 0-10 нас 350мл №1 /Natura Siberica/,Брэнд
Охидын пантенол бүхий цэвэрлэгээний гель-хөөс 0-10 нас 350мл №1 /Natura Siberica/ ,Брэнд
Пантенол агуулсан сүүн шампунь 0+; 350мл №1 /Natura Siberica/,Брэнд
Пантенол агуулсан чийгшүүлэгч гель саван 0+; 300мл №1 /Natura Siberica/,Брэнд
Пантенол бүхий саармаг гель-хөөс 0+; 500мл №1 /Natura Siberica/,Брэнд
"Пантенол, аллантоин агуулсан саармаг гель 0+; 500мл №1 /Natura Siberica/",Брэнд
Плэйсэйф бэлгэвч 02158 Deluxe fit-tex Нано гэрлэн загвар N3,Брэнд
Плэйсэйф бэлгэвч 02165 Deluxe fit-tex003 N3,Брэнд
Плэйсэйф бэлгэвч 02172 Deluxe барын загвар N3,Брэнд
"Плэйсэйф бэлгэвч 02189 long shock/уртасгасан, үнэртэй N3",Брэнд
Плэйсэйф бэлгэвч 73370 Deluxe товруутай N2,Брэнд
Плэйсэйф бэлгэвч 73387 fit-tex deluxe маш нарийн N2,Брэнд
Плэйсэйф бэлгэвч 73394 Deluxe урт хугацааны+товруутай N2,Брэнд
Плэйсэйф бэлгэвч 73400 Deluxe хээтэй товруутай N2,Брэнд
Плэйсэйф бэлгэвч 75602 Deluxe маш нарийн N10,Брэнд
"Плэйсэйф бэлгэвч 75619 long love, ribbed/уртасгасан, судалтай, үнэртэй N10",Брэнд
Плэйсэйф бэлгэвч 75626 Deluxe хээтэй+товруутай N10,Брэнд
"Плэйсэйф бэлгэвч 75633 dotted/цэгэн, үнэртэй N10",Брэнд
Топ каш алим банан оранж 6+ х/бүт 200гр,Брэнд
Топ каш алим ванил 6+ х/бүт 200гр,Брэнд
Топ каш алим лийр 6+ х/бүт 200гр,Брэнд
"Топ каш бүхэл үр, амуу буудай, сүү 200гр",Брэнд
Топ каш Алим Ванил Овьёос 200гр 6045906,Брэнд
Топ каш Алим Гадил Жүрж 200гр 6045607,Брэнд
Топ каш Алим Лийр Олон үрийн овьёос 200гр 6046108,Брэнд
Топ сүү органик /ямааны /х/сүү 400гр №2 6018602,Брэнд
Топ сүү органик /ямааны/ х/сүү 400гр №1 6018502,Брэнд
Топ сүү органик №1 х/сүү 600гр,Брэнд
Топ сүү органик №2 х/сүү 600гр,Брэнд
Топ сүү органик №3 х/сүү 600гр,Брэнд
Топ сүү органик №1 х/сүү 600гр 6053101,Брэнд
Топ сүү органик №2 х/сүү 600гр 6053201,Брэнд
Уутан тор - черокий хослол,Брэнд
"Үс, биеийн В5 витаминтай хүүхдийн шампунь-гель 3+; 500мл №1 /Natura Siberica/",Брэнд
Хүүхдийн арьс арчилгааны пантенолтой хүүхдийн сүү 0+; 250мл №1 /Natura Siberica/,Брэнд
Хүүхдийн ванны хөөс 3+; 500мл №1 /Natura Siberica/,Брэнд
Хүүхдийн витамин В5 үсний шампунь 0+; 350мл №1 /Natura Siberica/,Брэнд
"Цайр, пантенол агуулсан живхний хамгаалалтын тос 0+; 100мл №1 /Natura Siberica/",Брэнд
Чeрокий өмд men WW250AB BLK-L,Брэнд
Черокий өмд men WW250AB HUN-L,Брэнд
Черокий өмд men WW250AB HUN-XL,Брэнд
Черокий өмд men WW250AB NAV-L,Брэнд
Черокий өмд men WW250AB NAV-XL,Брэнд
Черокий өмд men WW250AB ROY-S,Брэнд
Черокий өмд men WW250AB ROY-XS,Брэнд
Черокий өмд men WW250AB TLB-L,Брэнд
Черокий өмд men WW250AB TLB-M,Брэнд
Черокий өмд men WW250AB TLB-S,Брэнд
Черокий өмд men WW250AB TLB-XS,Брэнд
Черокий өмд men WW250ABS  NAV-L,Брэнд
Черокий өмд men WW250ABS  ROY-L,Брэнд
Черокий өмд men WW250ABS  ROY-XS,Брэнд
Черокий өмд men WW250ABS CIE-L,Брэнд
Черокий өмд men WW250ABS CIE-XS,Брэнд
Черокий өмд men WW250ABS NAV-L,Брэнд
Черокий өмд men WW250ABS ROY-L,Брэнд
Черокий өмд men WW250ABS ROY-XS,Брэнд
Чамомиль хүүхдийн хувцас угаах шингэн саван 2л №1 /Natura Siberica/,Брэнд
Чацарганатай шүршүүрийн гель 400мл №1 /Natura Siberica/,Брэнд
Черокий гутал Rush.THMW.women.size 10.0,Брэнд
Черокий гутал Rush.THMW.women.size 9.5,Брэнд
Черокий гутал хар BKCM size 8,Брэнд
Черокий гутал хар BKCM size 9,Брэнд
Черокий кист CK506 CIEWIN-OS,Брэнд
Черокий малгай unisex 2506 BLKW-OS,Брэнд
Черокий малгай unisex 2506 NAVW-OS,Брэнд
Черокий малгай unisex 2506 PWTW-OS,Брэнд
Черокий малгай unisex 2506 WINW-OS,Брэнд
Черокий маск WW560AB CIE-M/L,Брэнд
Черокий маск WW560AB-TLB-S/M,Брэнд
Черокий өмд 4200P BLKW M,Брэнд
Черокий өмд 4200P BLKW S,Брэнд
Черокий өмд 4200P BLKW XS,Брэнд
Черокий өмд 4200P CIEW M,Брэнд
Черокий өмд 4200P CIEW S,Брэнд
Черокий өмд 4200P CIEW XS,Брэнд
Черокий өмд 4200P NAVW M,Брэнд
Черокий өмд 4200P NAVW S,Брэнд
Черокий өмд 4200P NAVW XS,Брэнд
Черокий өмд 4200P OLVW M,Брэнд
Черокий өмд 4200P OLVW S,Брэнд
Черокий өмд 4200P OLVW XS,Брэнд
Черокий өмд 4044P BLKW M,Брэнд
Черокий өмд 4044P BLKW S,Брэнд
Черокий өмд 4044P BLKW XS,Брэнд
Черокий өмд 4044P BLKW XXS,Брэнд
Черокий өмд 4044P CIEW M,Брэнд
Черокий өмд 4044P CIEW S,Брэнд
Черокий өмд 4044P CIEW XS,Брэнд
Черокий өмд 4044P CIEW XXS,Брэнд
Черокий өмд 4044P HUNW M,Брэнд
Черокий өмд 4044P HUNW S,Брэнд
Черокий өмд 4044P HUNW XS,Брэнд
Черокий өмд 4044P HUNW XXS,Брэнд
Черокий өмд 4044P NAVW M,Брэнд
Черокий өмд 4044P NAVW S,Брэнд
Черокий өмд 4044P NAVW XS,Брэнд
Черокий өмд 4044P NAVW XXS,Брэнд
Черокий өмд 4044P ROYW M,Брэнд
Черокий өмд 4044P ROYW S,Брэнд
Черокий өмд 4044P ROYW XS,Брэнд
Черокий өмд 4044P ROYW XXS,Брэнд
Черокий өмд 4044P TRQW - L,Брэнд
Черокий өмд 4044P WINW M,Брэнд
Черокий өмд 4044P WINW S,Брэнд
Черокий өмд 4044P WINW XS,Брэнд
Черокий өмд 4044P WINW XXS,Брэнд
Черокий өмд CK065A CIPS - L,Брэнд
Черокий өмд CK065A CIPS - M,Брэнд
Черокий өмд CK065A CIPS - S,Брэнд
Черокий өмд CK065A CIPS - XS,Брэнд
Черокий өмд CK065A CIPS - XXS,Брэнд
Черокий өмд CK065A NYPS - M,Брэнд
Черокий өмд CK065A NYPS - S,Брэнд
Черокий өмд CK065A NYPS - XS,Брэнд
Черокий өмд CK065A NYPS - XXS,Брэнд
Черокий өмд CK065A PWPS - M,Брэнд
Черокий өмд CK065A PWPS - S,Брэнд
Черокий өмд CK065A PWPS - XS,Брэнд
Черокий өмд CK065A PWPS - XXS,Брэнд
Черокий өмд CK065A RYPS - L,Брэнд
Черокий өмд CK065A RYPS - M,Брэнд
Черокий өмд CK065A RYPS - S,Брэнд
Черокий өмд CK065A RYPS - XS,Брэнд
Черокий өмд CK065A RYPS - XXS,Брэнд
Черокий өмд CK065A WTPS - L,Брэнд
Черокий өмд CK065AP RYPS - L,Брэнд
Черокий өмд CK065AP RYPS - XXS,Брэнд
Черокий өмд CK065AP WTPS - L,Брэнд
Черокий өмд CK091 CAR - L,Брэнд
Черокий өмд CK091 ROY - L,Брэнд
Черокий өмд CK091 ROY - M,Брэнд
Черокий өмд CK091 WIN - L,Брэнд
Черокий өмд CK092P BLK M,Брэнд
Черокий өмд CK092P BLK S,Брэнд
Черокий өмд CK092P BLK XS,Брэнд
Черокий өмд CK092P BLK XXS,Брэнд
Черокий өмд CK092P IRON M,Брэнд
Черокий өмд CK092P IRON S,Брэнд
Черокий өмд CK092P IRON XS,Брэнд
Черокий өмд CK095 TLB - L,Брэнд
Черокий өмд CK095 TLB - XS,Брэнд
Черокий өмд CK095 TLB - XXS,Брэнд
Черокий өмд CK096P BLKN M,Брэнд
Черокий өмд CK096P BLKN S,Брэнд
Черокий өмд CK096P BLKN XS,Брэнд
Черокий өмд CK096P BLKN XXS,Брэнд
Черокий өмд CK096P CARN M,Брэнд
Черокий өмд CK096P CARN S,Брэнд
Черокий өмд CK096P CARN XS,Брэнд
Черокий өмд CK096P CARN XXS,Брэнд
Черокий өмд CK096P CIEN M,Брэнд
Черокий өмд CK096P CIEN S,Брэнд
Черокий өмд CK096P CIEN XS,Брэнд
Черокий өмд CK096P CIEN XXS,Брэнд
Черокий өмд CK096P HUNN M,Брэнд
Черокий өмд CK096P HUNN S,Брэнд
Черокий өмд CK096P HUNN XS,Брэнд
Черокий өмд CK096P HUNN XXS,Брэнд
Черокий өмд CK096P NAVN M,Брэнд
Черокий өмд CK096P NAVN S,Брэнд
Черокий өмд CK096P NAVN XS,Брэнд
Черокий өмд CK096P NAVN XXS,Брэнд
Черокий өмд CK096P PWTN M,Брэнд
Черокий өмд CK096P PWTN S,Брэнд
Черокий өмд CK096P PWTN XS,Брэнд
Черокий өмд CK096P PWTN XXS,Брэнд
Черокий өмд CK096P WHTN M,Брэнд
Черокий өмд CK096P WHTN XXS,Брэнд
Черокий өмд CK096P WINN M,Брэнд
Черокий өмд CK096P WINN S,Брэнд
Черокий өмд CK096P WINN XS,Брэнд
Черокий өмд CK096P WINN XXS,Брэнд
Черокий өмд CK096P WMBR M,Брэнд
Черокий өмд CK096P WMBR S,Брэнд
Черокий өмд CK096P WMBR XS,Брэнд
Черокий өмд CK140A BLK - L,Брэнд
Черокий өмд CK140A NAV - XXS,Брэнд
Черокий өмд CK140A PWT - L,Брэнд
Черокий өмд CK140A ROY - L,Брэнд
Черокий өмд CK140A ROY - M,Брэнд
Черокий өмд CK140A ROY - XS,Брэнд
Черокий өмд CK140A ROY - XXS,Брэнд
Черокий өмд CK140AP CIE - L,Брэнд
Черокий өмд CK140AP NAV - XS,Брэнд
Черокий өмд CK140AP NAV - XXS,Брэнд
Черокий өмд CK249A HTPT-XS,Брэнд
Черокий өмд CK272AP BLK M,Брэнд
Черокий өмд CK272AP BLK S,Брэнд
Черокий өмд CK272AP BLK XS,Брэнд
Черокий өмд CK272AP CAR M,Брэнд
Черокий өмд CK272AP CAR S,Брэнд
Черокий өмд CK272AP CAR XS,Брэнд
Черокий өмд CK272AP CAR XXS,Брэнд
Черокий өмд CK272AP CIE M,Брэнд
Черокий өмд CK272AP CIE S,Брэнд
Черокий өмд CK272AP CIE XXS,Брэнд
Черокий өмд CK272AP EELV S,Брэнд
Черокий өмд CK272AP EELV XS,Брэнд
Черокий өмд CK272AP GRY M,Брэнд
Черокий өмд CK272AP GRY S,Брэнд
Черокий өмд CK272AP GRY XS,Брэнд
Черокий өмд CK272AP GRY XXS,Брэнд
Черокий өмд CK272AP KAKC M,Брэнд
Черокий өмд CK272AP KAKC S,Брэнд
Черокий өмд CK272AP KAKC XS,Брэнд
Черокий өмд CK272AP KAKC XXS,Брэнд
Черокий өмд CK272AP NAV S,Брэнд
Черокий өмд CK272AP NAV XS,Брэнд
Черокий өмд CK272AP NAV XXS,Брэнд
Черокий өмд CKA065AP RYPS-S,Брэнд
Черокий өмд CKA184 BLK-M,Брэнд
Черокий өмд CKA184 BLK-S,Брэнд
Черокий өмд CKA184 BLK-XS,Брэнд
Черокий өмд CKA184 BLK-XXS,Брэнд
Черокий өмд CKA184 CIE-M,Брэнд
Черокий өмд CKA184 CIE-S,Брэнд
Черокий өмд CKA184 CIE-XS,Брэнд
Черокий өмд CKA184 CIE-XXS,Брэнд
Черокий өмд CKA184 HTGR-XS,Брэнд
Черокий өмд CKA184 HUN-M,Брэнд
Черокий өмд CKA184 HUN-S,Брэнд
Черокий өмд CKA184 HUN-XS,Брэнд
Черокий өмд CKA184 HUN-XXS,Брэнд
Черокий өмд CKA184 WHT-M,Брэнд
Черокий өмд CKA184 WHT-S,Брэнд
Черокий өмд CKA184 WHT-XS,Брэнд
Черокий өмд CKA184 WHT-XXS,Брэнд
Черокий өмд IN012AP SPPG M,Брэнд
Черокий өмд IN012AP SPPG S,Брэнд
Черокий өмд IN012AP SPPG XS,Брэнд
Черокий өмд IN023AP BLKN M,Брэнд
Черокий өмд IN023AP BLKN S,Брэнд
Черокий өмд IN023AP BLKN XS,Брэнд
Черокий өмд IN023AP BLKN XXS,Брэнд
Черокий өмд IN023AP CARN M,Брэнд
Черокий өмд IN023AP CARN S,Брэнд
Черокий өмд IN023AP CARN XS,Брэнд
Черокий өмд IN023AP CARN XXS,Брэнд
Черокий өмд IN023AP NAVN M,Брэнд
Черокий өмд IN023AP NAVN S,Брэнд
Черокий өмд IN023AP NAVN XS,Брэнд
Черокий өмд IN023AP NAVN XXS,Брэнд
Черокий өмд IN023AP PWTN M,Брэнд
Черокий өмд IN023AP PWTN S,Брэнд
Черокий өмд IN023AP PWTN XS,Брэнд
Черокий өмд IN023AP PWTN XXS,Брэнд
Черокий өмд IN023AP WINN M,Брэнд
Черокий өмд IN023AP WINN S,Брэнд
Черокий өмд IN023AP WINN XS,Брэнд
Черокий өмд IN023AP WINN XXS,Брэнд
Черокий өмд IN025AP BLKN M,Брэнд
Черокий өмд IN025AP BLKN S,Брэнд
Черокий өмд IN025AP BLKN XS,Брэнд
Черокий өмд IN025AP NAVN M,Брэнд
Черокий өмд IN025AP NAVN S,Брэнд
Черокий өмд IN025AP NAVN XS,Брэнд
Черокий өмд IN025AP PWTN M,Брэнд
Черокий өмд IN025AP PWTN S,Брэнд
Черокий өмд IN025AP PWTN XS,Брэнд
Черокий өмд IN103AP BLK M,Брэнд
Черокий өмд IN103AP BLK S,Брэнд
Черокий өмд IN103AP BLK XS,Брэнд
Черокий өмд IN103AP NAV M,Брэнд
Черокий өмд IN103AP NAV S,Брэнд
Черокий өмд IN103AP NAV XS,Брэнд
Черокий өмд IN103AP PWT M,Брэнд
Черокий өмд IN103AP PWT S,Брэнд
Черокий өмд IN103AP PWT XS,Брэнд
Черокий өмд men WW140 / BLK - M,Брэнд
Черокий өмд men WW140 / BLK - XS,Брэнд
Черокий өмд men WW140 / BLK -L,Брэнд
Черокий өмд men WW140 CIE- L,Брэнд
Черокий өмд men WW140 CIE- M,Брэнд
Черокий өмд men WW140 CIE- S,Брэнд
Черокий өмд men WW140 CIE- XS,Брэнд
Черокий өмд men WW140 NAV- L,Брэнд
Черокий өмд men WW140 NAV- M,Брэнд
Черокий өмд men WW140 NAV- S,Брэнд
Черокий өмд men WW140 NAV- XS,Брэнд
Черокий өмд men WW140 ROY-L,Брэнд
Черокий өмд men WW140 ROY-M,Брэнд
Черокий өмд men WW140 ROY-S,Брэнд
Черокий өмд men WW140 ROY-XS,Брэнд
Черокий өмд men WW251 BLK-M,Брэнд
Черокий өмд men WW251 BLK-S,Брэнд
Черокий өмд men WW251 NAV-M,Брэнд
Черокий өмд men WW251 NAV-S,Брэнд
Черокий өмд men WW251 PWT-M,Брэнд
Черокий өмд men WW251 PWT-S,Брэнд
Черокий өмд men эмн/х WW190 CIE-L N1,Брэнд
Черокий өмд WW011 BLK-S,Брэнд
Черокий өмд WW011 BLK-XS,Брэнд
Черокий өмд WW011 BLK-XXS,Брэнд
Черокий өмд WW011 HUN-M,Брэнд
Черокий өмд WW011 HUN-XL,Брэнд
Черокий өмд WW011 NAV-M,Брэнд
Черокий өмд WW011 NAV-S,Брэнд
Черокий өмд WW011 NAV-XS,Брэнд
Черокий өмд WW011 PWT-M,Брэнд
Черокий өмд WW011 PWT-XXS,Брэнд
Черокий өмд WW011 ROY-XL,Брэнд
Черокий өмд WW011 TLB-XXS,Брэнд
Черокий өмд WW011 WIN-M,Брэнд
Черокий өмд WW011 WIN-S,Брэнд
Черокий өмд WW011 WIN-XS,Брэнд
Черокий өмд WW011 WIN-XXS,Брэнд
Черокий өмд WW120 BLK -XS,Брэнд
Черокий өмд WW120 BLK-M,Брэнд
Черокий өмд WW120 BLK-S,Брэнд
Черокий өмд WW120 NAV -XS,Брэнд
Черокий өмд WW120 NAV -XXS,Брэнд
Черокий өмд WW120 NAV-M,Брэнд
Черокий өмд WW120 NAV-S,Брэнд
Черокий өмд WW120 PWT-M,Брэнд
Черокий өмд WW120 PWT-S,Брэнд
Черокий өмд WW120P BLK M,Брэнд
Черокий өмд WW120P BLK S,Брэнд
Черокий өмд WW120P BLK XS,Брэнд
Черокий өмд WW120P BLK XXS,Брэнд
Черокий өмд WW120P CAR M,Брэнд
Черокий өмд WW120P CAR S,Брэнд
Черокий өмд WW120P CAR XS,Брэнд
Черокий өмд WW120P CAR XXS,Брэнд
Черокий өмд WW120P CIE M,Брэнд
Черокий өмд WW120P CIE S,Брэнд
Черокий өмд WW120P CIE XS,Брэнд
Черокий өмд WW120P CIE XXS,Брэнд
Черокий өмд WW120P HUN M,Брэнд
Черокий өмд WW120P HUN S,Брэнд
Черокий өмд WW120P HUN XS,Брэнд
Черокий өмд WW120P HUN XXS,Брэнд
Черокий өмд WW120P KAK M,Брэнд
Черокий өмд WW120P KAK S,Брэнд
Черокий өмд WW120P KAK XS,Брэнд
Черокий өмд WW120P KAK XXS,Брэнд
Черокий өмд WW120P NAV M,Брэнд
Черокий өмд WW120P NAV S,Брэнд
Черокий өмд WW120P NAV XS,Брэнд
Черокий өмд WW120P NAV XXS,Брэнд
Черокий өмд WW120P OLV S,Брэнд
Черокий өмд WW120P OLV XS,Брэнд
Черокий өмд WW120P OLV XXS,Брэнд
Черокий өмд WW120P PWT M,Брэнд
Черокий өмд WW120P PWT S,Брэнд
Черокий өмд WW120P PWT XS,Брэнд
Черокий өмд WW120P PWT XXS,Брэнд
Черокий өмд WW120P WIN M,Брэнд
Черокий өмд WW120P WIN S,Брэнд
Черокий өмд WW120P WIN XS,Брэнд
Черокий өмд WW170 CAR-M,Брэнд
Черокий өмд WW170 CAR-S,Брэнд
Черокий өмд WW170 CAR-XS,Брэнд
Черокий өмд WW170 CAR-XXS,Брэнд
Черокий өмд WW170 CIE-L,Брэнд
Черокий өмд WW170 CIE-M,Брэнд
Черокий өмд WW170 GAB-S,Брэнд
Черокий өмд WW170 GAB-XL,Брэнд
Черокий өмд WW170 GAB-XS,Брэнд
Черокий өмд WW170 GRP-L,Брэнд
Черокий өмд WW170 GRY-L,Брэнд
Черокий өмд WW170 GRY-M,Брэнд
Черокий өмд WW170 HUN-L,Брэнд
Черокий өмд WW170 HUN-M,Брэнд
Черокий өмд WW170 NAV-L,Брэнд
Черокий өмд WW170 NAV-M,Брэнд
Черокий өмд WW170 NAV-S,Брэнд
Черокий өмд WW170 NAV-XS,Брэнд
Черокий өмд WW170 RED-L,Брэнд
Черокий өмд WW170 ROY-L,Брэнд
Черокий өмд WW170 ROY-XS,Брэнд
Черокий өмд WW170 ROY-XXS,Брэнд
Черокий өмд WW170 TRQ-M,Брэнд
Черокий өмд WW170 WIN-L,Брэнд
Черокий өмд эмн/х WW170 GRY-XL N1,Брэнд
Черокий өмд эмн/х WW170 ROY-XL N1,Брэнд
Черокий өмд эмн/х WW170 ROY-XXS N1,Брэнд
Черокий Халад 82401 DWHZ -M,Брэнд
Черокий халад CK401 WHT-L,Брэнд
Черокий халад CK401 WHT-M,Брэнд
Черокий халад CK401 WHT-S,Брэнд
Черокий халад CK412 WHT-S,Брэнд
Черокий халад CK421 WHT-M,Брэнд
Черокий халад CK421 WHT-S,Брэнд
Черокий халад CK421 WHT-XS,Брэнд
Черокий халад CK421 WHT-XXS,Брэнд
Черокий халад CK451 WHT-L,Брэнд
Черокий халад CK451 WHT-M,Брэнд
Черокий халад CK451 WHT-S,Брэнд
Черокий халад CK451 WHT-XS,Брэнд
Черокий халад CK451 WHT-XXS,Брэнд
Черокий халад CK452 WHT L,Брэнд
Черокий халад CK452 WHT-M,Брэнд
Черокий халад CK452 WHT-S,Брэнд
Черокий халад CK452 WHT-XS,Брэнд
Черокий халад CK452 WHT-XXS,Брэнд
Черокий халад men WW410AB WHT-M,Брэнд
Черокий халад эмн/х 2319 WHTC-L N1,Брэнд
Черокий ханцуйтай цамц CK303 CAR-XS,Брэнд
Черокий ханцуйтай цамц CK303 CAR-XXS,Брэнд
Черокий ханцуйтай цамц CK303 CIE-XXS,Брэнд
Черокий ханцуйтай цамц CK303 WHT-XXS,Брэнд
Черокий цамц ханцуйтай CK303 CAR-XS,Брэнд
Черокий цамц ханцуйтай CK303 CAR-XXS,Брэнд
Черокий цамц ханцуйтай CK303 CIE-XS,Брэнд
Черокий цамц ханцуйтай CK303 NAV-M,Брэнд
Черокий цамц ханцуйтай CK303 WHT-M,Брэнд
Черокий цамц ханцуйтай CK303 WHT-S,Брэнд
Черокий цамц ханцуйтай CK303 WHT-XS,Брэнд
Черокий цамц ханцуйтай CK303 WHT-XXS,Брэнд
Черокий цамц ханцуйтай CK303 WIN-M,Брэнд
Черокий цамц ханцуйтай CK303 WIN-XS,Брэнд
Черокий цамц ханцуйтай CK303 WIN-XXS,Брэнд
Черокий ханцуйтай цамц men WW320 BLK-XS,Брэнд
Черокий цамц men ханцуйтай WW320 ROY-S,Брэнд
Черокий цамц ханцуйтай men WW320 BLK-L,Брэнд
ЧЕРОКИЙ ЦАМЦ ХАНЦУЙТАЙ WW320 BLK-S,Брэнд
Черокий цамц ханцуйтай WW320 NAV-M,Брэнд
Черокий цамц ханцуйтай WW320 NAV-S,Брэнд
Черокий цамц ханцуйтай WW320 NAV-XS,Брэнд
Черокий цамц ханцуйтай WW320 PWT-S,Брэнд
Черокий цамц ханцуйтай WW320 PWT-XS,Брэнд
Черокий цамц 2624A CIPS-L,Брэнд
Черокий цамц 2624A CIPS-M,Брэнд
Черокий цамц 2624A CIPS-S,Брэнд
Черокий цамц 2624A CIPS-XS,Брэнд
Черокий цамц 2624A CIPS-XXS,Брэнд
Черокий цамц 2624A NYPS-M,Брэнд
Черокий цамц 2624A NYPS-S,Брэнд
Черокий цамц 2624A NYPS-XS,Брэнд
Черокий цамц 2624A NYPS-XXS,Брэнд
Черокий цамц 2624A PWPS-L,Брэнд
Черокий цамц 2624A PWPS-M,Брэнд
Черокий цамц 2624A PWPS-S,Брэнд
Черокий цамц 2624A PWPS-XS,Брэнд
Черокий цамц 2624A PWPS-XXS,Брэнд
Черокий цамц 2624A RYPS-L,Брэнд
Черокий цамц 2624A RYPS-M,Брэнд
Черокий цамц 2624A RYPS-S,Брэнд
Черокий цамц 2624A RYPS-XS,Брэнд
Черокий цамц 2624A RYPS-XXS,Брэнд
Черокий цамц 4700 BLKW M,Брэнд
Черокий цамц 4700 BLKW S,Брэнд
Черокий цамц 4700 BLKW XS,Брэнд
Черокий цамц 4700 BLKW XXS,Брэнд
Черокий цамц 4700 CIEW M,Брэнд
Черокий цамц 4700 CIEW S,Брэнд
Черокий цамц 4700 CIEW XS,Брэнд
Черокий цамц 4700 CIEW XXS,Брэнд
Черокий цамц 4700 NAVW M,Брэнд
Черокий цамц 4700 NAVW S,Брэнд
Черокий цамц 4700 NAVW XS,Брэнд
Черокий цамц 4700 NAVW XXS,Брэнд
Черокий цамц 4700 OLVW M,Брэнд
Черокий цамц 4700 OLVW S,Брэнд
Черокий цамц 4700 OLVW XS,Брэнд
Черокий цамц 4700 OLVW XXS,Брэнд
Черокий цамц 4727 BLKW M,Брэнд
Черокий цамц 4727 BLKW S,Брэнд
Черокий цамц 4727 BLKW XS,Брэнд
Черокий цамц 4727 BLKW XXS,Брэнд
Черокий цамц 4727 CIEW M,Брэнд
Черокий цамц 4727 CIEW S,Брэнд
Черокий цамц 4727 CIEW XS,Брэнд
Черокий цамц 4727 CIEW XXS,Брэнд
Черокий цамц 4727 HUNW M,Брэнд
Черокий цамц 4727 HUNW S,Брэнд
Черокий цамц 4727 HUNW XS,Брэнд
Черокий цамц 4727 HUNW XXS,Брэнд
Черокий цамц 4727 NAVW M,Брэнд
Черокий цамц 4727 NAVW S,Брэнд
Черокий цамц 4727 NAVW XS,Брэнд
Черокий цамц 4727 NAVW XXS,Брэнд
Черокий цамц 4727 ROYW M,Брэнд
Черокий цамц 4727 ROYW S,Брэнд
Черокий цамц 4727 ROYW XS,Брэнд
Черокий цамц 4727 ROYW XXS,Брэнд
Черокий цамц 4727 WINW M,Брэнд
Черокий цамц 4727 WINW S,Брэнд
Черокий цамц 4727 WINW XS,Брэнд
Черокий цамц 4727 WINW XXS,Брэнд
Черокий цамц 4728 TRQW-XS,Брэнд
Черокий цамц CK685 BLK-M,Брэнд
Черокий цамц CK786A PWT-L,Брэнд
Черокий цамц CK786A ROY-L,Брэнд
Черокий цамц CK832 BLKN M,Брэнд
Черокий цамц CK832 BLKN S,Брэнд
Черокий цамц CK832 BLKN XS,Брэнд
Черокий цамц CK832 BLKN XXS,Брэнд
Черокий цамц CK832 CARN M,Брэнд
Черокий цамц CK832 CARN S,Брэнд
Черокий цамц CK832 CARN XS,Брэнд
Черокий цамц CK832 CARN XXS,Брэнд
Черокий цамц CK832 CIEN M,Брэнд
Черокий цамц CK832 CIEN S,Брэнд
Черокий цамц CK832 CIEN XS,Брэнд
Черокий цамц CK832 CIEN XXS,Брэнд
Черокий цамц CK832 HUNN M,Брэнд
Черокий цамц CK832 HUNN S,Брэнд
Черокий цамц CK832 HUNN XS,Брэнд
Черокий цамц CK832 HUNN XXS,Брэнд
Черокий цамц CK832 NAVN M,Брэнд
Черокий цамц CK832 NAVN S,Брэнд
Черокий цамц CK832 NAVN XS,Брэнд
Черокий цамц CK832 NAVN XXS,Брэнд
Черокий цамц CK832 PWTN M,Брэнд
Черокий цамц CK832 PWTN S,Брэнд
Черокий цамц CK832 PWTN XS,Брэнд
Черокий цамц CK832 PWTN XXS,Брэнд
Черокий цамц CK832 WHTN M,Брэнд
Черокий цамц CK832 WHTN XXS,Брэнд
Черокий цамц CK832 WINN M,Брэнд
Черокий цамц CK832 WINN S,Брэнд
Черокий цамц CK832 WINN XS,Брэнд
Черокий цамц CK832 WINN XXS,Брэнд
Черокий цамц CK832 WMBR S,Брэнд
Черокий цамц CK832 WMBR XS,Брэнд
Черокий цамц CK840 BLK M,Брэнд
Черокий цамц CK840 BLK S,Брэнд
Черокий цамц CK840 BLK XS,Брэнд
Черокий цамц CK840 BLK XXS,Брэнд
Черокий цамц CK840 IRON M,Брэнд
Черокий цамц CK840 IRON S,Брэнд
Черокий цамц CK840 IRON XS,Брэнд
Черокий цамц CK840 TLB-L,Брэнд
Черокий цамц CK961A BLK M,Брэнд
Черокий цамц CK961A BLK S,Брэнд
Черокий цамц CK961A BLK XS,Брэнд
Черокий цамц CK961A CAR M,Брэнд
Черокий цамц CK961A CAR S,Брэнд
Черокий цамц CK961A CAR XS,Брэнд
Черокий цамц CK961A CAR XXS,Брэнд
Черокий цамц CK961A CIE M,Брэнд
Черокий цамц CK961A CIE S,Брэнд
Черокий цамц CK961A CIE XXS,Брэнд
Черокий цамц CK961A EELV S,Брэнд
Черокий цамц CK961A EELV XS,Брэнд
Черокий цамц CK961A GRY M,Брэнд
Черокий цамц CK961A GRY S,Брэнд
Черокий цамц CK961A GRY XS,Брэнд
Черокий цамц CK961A GRY XXS,Брэнд
Черокий цамц CK961A KAKC M,Брэнд
Черокий цамц CK961A KAKC S,Брэнд
Черокий цамц CK961A KAKC XS,Брэнд
Черокий цамц CK961A KAKC XXS,Брэнд
Черокий цамц CK961A NAV S,Брэнд
Черокий цамц CK961A NAV XS,Брэнд
Черокий цамц CK961A NAV XXS,Брэнд
Черокий цамц CKA685 BLK-M,Брэнд
Черокий цамц CKA685 BLK-S,Брэнд
Черокий цамц CKA685 BLK-XS,Брэнд
Черокий цамц CKA685 BLK-XXS,Брэнд
Черокий цамц CKA685 CIE XS,Брэнд
Черокий цамц CKA685 CIE-M,Брэнд
Черокий цамц CKA685 CIE-S,Брэнд
Черокий цамц CKA685 CIE-XS,Брэнд
Черокий цамц CKA685 CIE-XXS,Брэнд
Черокий цамц CKA685 HUN-M,Брэнд
Черокий цамц CKA685 HUN-S,Брэнд
Черокий цамц CKA685 HUN-XS,Брэнд
Черокий цамц CKA685 HUN-XXS,Брэнд
Черокий цамц CKA685 NAV M,Брэнд
Черокий цамц CKA685 NAV S,Брэнд
Черокий цамц CKA685 NAV XS,Брэнд
Черокий цамц CKA685 NAV XXS,Брэнд
Черокий цамц CKA685 PWT M,Брэнд
Черокий цамц CKA685 PWT S,Брэнд
Черокий цамц CKA685 PWT XS,Брэнд
Черокий цамц CKA685 PWT XXS,Брэнд
Черокий цамц CKA685 WHT-M,Брэнд
Черокий цамц CKA685 WHT-S,Брэнд
Черокий цамц CKA685 WHT-XS,Брэнд
Черокий цамц CKA685 WHT-XXS,Брэнд
Черокий цамц CKA685 WIN M,Брэнд
Черокий цамц CKA685 WIN S,Брэнд
Черокий цамц CKA685 WIN XS,Брэнд
Черокий цамц IN00033 BLKN M,Брэнд
Черокий цамц IN00033 BLKN S,Брэнд
Черокий цамц IN00033 BLKN XS,Брэнд
Черокий цамц IN00033 BLKN XXS,Брэнд
Черокий цамц IN00033 CARN M,Брэнд
Черокий цамц IN00033 CARN S,Брэнд
Черокий цамц IN00033 CARN XS,Брэнд
Черокий цамц IN00033 CARN XXS,Брэнд
Черокий цамц IN00033 NAVN M,Брэнд
Черокий цамц IN00033 NAVN S,Брэнд
Черокий цамц IN00033 NAVN XS,Брэнд
Черокий цамц IN00033 NAVN XXS,Брэнд
Черокий цамц IN00033 PWTN M,Брэнд
Черокий цамц IN00033 PWTN S,Брэнд
Черокий цамц IN00033 PWTN XS,Брэнд
Черокий цамц IN00033 PWTN XXS,Брэнд
Черокий цамц IN00033 WINN S,Брэнд
Черокий цамц IN00033 WINN XXS,Брэнд
Черокий цамц IN650A BLKN M,Брэнд
Черокий цамц IN650A BLKN S,Брэнд
Черокий цамц IN650A BLKN XS,Брэнд
Черокий цамц IN650A NAVN M,Брэнд
Черокий цамц IN650A NAVN S,Брэнд
Черокий цамц IN650A NAVN XS,Брэнд
Черокий цамц IN650A PWTN S,Брэнд
Черокий цамц IN650A PWTN XS,Брэнд
Черокий цамц IN650A WINN M,Брэнд
Черокий цамц IN650A WINN S,Брэнд
Черокий цамц IN650A WINN XS,Брэнд
Черокий цамц IN811A BLK M,Брэнд
Черокий цамц IN811A BLK S,Брэнд
Черокий цамц IN811A BLK XS,Брэнд
Черокий цамц IN811A BLK XXS,Брэнд
Черокий цамц IN811A NAV M,Брэнд
Черокий цамц IN811A NAV S,Брэнд
Черокий цамц IN811A NAV XS,Брэнд
Черокий цамц IN811A NAV XXS,Брэнд
Черокий цамц IN811A PWT M,Брэнд
Черокий цамц IN811A PWT S,Брэнд
Черокий цамц IN811A PWT XS,Брэнд
Черокий цамц IN811A PWT XXS,Брэнд
Черокий цамц IN811A SPPG M,Брэнд
Черокий цамц IN811A SPPG S,Брэнд
Черокий цамц IN811A SPPG XS,Брэнд
Черокий цамц men WW603 BLK-M,Брэнд
Черокий цамц men WW603 BLK-S,Брэнд
Черокий цамц men WW603 CIE XL,Брэнд
Черокий цамц men WW603 CIE-M,Брэнд
Черокий цамц men WW603 CIE-S,Брэнд
Черокий цамц men WW603 CIE-XS,Брэнд
Черокий цамц men WW603 HUN-M,Брэнд
Черокий цамц men WW603 HUN-S,Брэнд
Черокий цамц men WW603 NAV-S,Брэнд
Черокий цамц men WW603 ROY-M,Брэнд
Черокий цамц men WW603 ROY-S,Брэнд
Черокий цамц men WW603 TLB-M,Брэнд
Черокий цамц men WW603 TLB-S,Брэнд
Черокий цамц WW603 HUN - M,Брэнд
Черокий цамц WW603 NAV - M,Брэнд
Черокий цамц men WW615 BLK-M,Брэнд
Черокий цамц men WW615 BLK-S,Брэнд
Черокий цамц men WW615 NAV-S,Брэнд
Черокий цамц men WW615 PWT-M,Брэнд
Черокий цамц men WW615 PWT-S,Брэнд
Черокий цамц men WW690 BLK-L,Брэнд
Черокий цамц men WW690 BLK-M,Брэнд
Черокий цамц men WW690 BLK-S,Брэнд
Черокий цамц men WW690 BLK-XS,Брэнд
Черокий цамц men WW690 CIE-L,Брэнд
Черокий цамц men WW690 CIE-M,Брэнд
Черокий цамц men WW690 CIE-S,Брэнд
Черокий цамц men WW690 CIE-XS,Брэнд
Черокий цамц men WW690 NAV-M,Брэнд
Черокий цамц men WW690 NAV-S,Брэнд
Черокий цамц men WW690 NAV-XS,Брэнд
Черокий цамц men WW690 ROY-M,Брэнд
Черокий цамц men WW690 ROY-S,Брэнд
Черокий цамц men WW690 ROY-XS,Брэнд
Черокий цамц men WW695 NAV-S,Брэнд
Черокий цамц men эмн/х WW695 CIE-XS N1,Брэнд
Черокий цамц men WW760AB BLK- L,Брэнд
Черокий цамц men WW760AB BLK -XS,Брэнд
Черокий цамц men WW760AB CIE-L,Брэнд
Черокий цамц men WW760AB CIE-S,Брэнд
Черокий цамц men WW760AB CIE-XS,Брэнд
Черокий цамц men WW760AB HUN-L,Брэнд
Черокий цамц men WW760AB HUN-XS,Брэнд
Черокий цамц men WW760AB NAV-L,Брэнд
Черокий цамц men WW760AB NAV-XS,Брэнд
Черокий цамц men WW760AB ROY-L,Брэнд
Черокий цамц men WW760AB ROY-S,Брэнд
Черокий цамц men WW760AB ROY-XS,Брэнд
Черокий цамц men WW760AB TLB-L,Брэнд
Черокий цамц men WW760AB TLB-XS,Брэнд
Черокий цамц WW610 KAK M,Брэнд
Черокий цамц WW610 KAK S,Брэнд
Черокий цамц WW610 KAK XS,Брэнд
Черокий цамц WW610 KAK XXS,Брэнд
Черокий цамц WW610 OLV S,Брэнд
Черокий цамц WW610 OLV XS,Брэнд
Черокий цамц WW610 OLV XXS,Брэнд
Черокий цамц WW622 BLK-S,Брэнд
Черокий цамц WW622 BLK-XS,Брэнд
Черокий цамц WW622 NAV-M,Брэнд
Черокий цамц WW622 NAV-S,Брэнд
Черокий цамц WW622 NAV-XS,Брэнд
Черокий цамц WW622 PWT-M,Брэнд
Черокий цамц WW622 PWT-S,Брэнд
Черокий цамц WW655 CIE-L,Брэнд
Черокий цамц WW655 GRY-M,Брэнд
Черокий цамц WW655 NAV-XXS,Брэнд
Черокий цамц WW665 CAR-XS,Брэнд
Черокий цамц WW665 CIE-L,Брэнд
Черокий цамц WW665 CIE-M,Брэнд
Черокий цамц WW665 CIE-S,Брэнд
Черокий цамц WW665 GAB- XXS,Брэнд
Черокий цамц WW665 GAB-XS,Брэнд
Черокий цамц WW665 GRP-L,Брэнд
Черокий цамц WW665 GRP-XXS,Брэнд
Черокий цамц WW665 NAV-L,Брэнд
Черокий цамц WW665 NAV-XS,Брэнд
Черокий цамц WW665 NAV-XXS,Брэнд
Черокий цамц WW665 ROY-L,Брэнд
Черокий цамц WW665 ROY-M,Брэнд
Черокий цамц WW665 ROY-S,Брэнд
Черокий цамц WW665 ROY-XS,Брэнд
Черокий цамц WW665 TRQ-XS,Брэнд
Черокий цамц WW665 TRQ-XXS,Брэнд
Черокий цамц эмн/х WW665 CIE-XXS N1,Брэнд
Черокий цамц эмн/х WW665 ROY-XXS N1,Брэнд
Черокий цамц WW698 BLK-M,Брэнд
Черокий цамц WW698 BLK-S,Брэнд
Черокий цамц WW698 BLK-XS,Брэнд
Черокий цамц WW698 BLK-XXS,Брэнд
Черокий цамц WW698 NAV-M,Брэнд
Черокий цамц WW698 NAV-S,Брэнд
Черокий цамц WW698 NAV-XS,Брэнд
Черокий цамц WW698 PWT-M,Брэнд
Черокий цамц WW698 WIN-M,Брэнд
Черокий цамц WW698 WIN-S,Брэнд
Черокий цамц WW698 WIN-XS,Брэнд
Черокий цамц WW698 WIN-XXS,Брэнд
Черокий цамц ханцуйтай WW310 BLK-L,Брэнд
Черокий цамц ханцуйтай WW310 BLK-M,Брэнд
Черокий цамц ханцуйтай WW310 BLK-S,Брэнд
Черокий цамц ханцуйтай WW310 BLK-XS,Брэнд
Черокий цамц ханцуйтай WW310 BLK-XXS,Брэнд
Черокий цамц ханцуйтай WW310 CAR M,Брэнд
Черокий цамц ханцуйтай WW310 CAR S,Брэнд
Черокий цамц ханцуйтай WW310 CAR XS,Брэнд
Черокий цамц ханцуйтай WW310 CAR XXS,Брэнд
Черокий цамц ханцуйтай WW310 CIE-L,Брэнд
Черокий цамц ханцуйтай WW310 CIE-M,Брэнд
Черокий цамц ханцуйтай WW310 CIE-S,Брэнд
Черокий цамц ханцуйтай WW310 CIE-XS,Брэнд
Черокий цамц ханцуйтай WW310 CIE-XXS,Брэнд
Черокий цамц ханцуйтай WW310 NAV-L,Брэнд
Черокий цамц ханцуйтай WW310 NAV-M,Брэнд
Черокий цамц ханцуйтай WW310 NAV-S,Брэнд
Черокий цамц ханцуйтай WW310 NAV-XS,Брэнд
Черокий цамц ханцуйтай WW310 NAV-XXS,Брэнд
Черокий цамц ханцуйтай WW310 OLV M,Брэнд
Черокий цамц ханцуйтай WW310 OLV S,Брэнд
Черокий цамц ханцуйтай WW310 OLV XS,Брэнд
Черокий цамц ханцуйтай WW310 OLV XXS,Брэнд
Черокий цамц ханцуйтай WW310 PWT-L,Брэнд
Черокий цамц ханцуйтай WW310 PWT-M,Брэнд
Черокий цамц ханцуйтай WW310 PWT-S,Брэнд
Черокий цамц ханцуйтай WW310 PWT-XS,Брэнд
Черокий цамц ханцуйтай WW310 PWT-XXS,Брэнд
Черокий цамц ханцуйтай WW310 ROY-L,Брэнд
Черокий цамц ханцуйтай WW310 ROY-M,Брэнд
Черокий цамц ханцуйтай WW310 ROY-S,Брэнд
Черокий цамц ханцуйтай WW310 ROY-XS,Брэнд
Черокий цамц ханцуйтай WW310 WHT-M,Брэнд
Черокий цамц ханцуйтай WW310 WHT-S,Брэнд
Черокий цамц ханцуйтай WW310 WHT-XS,Брэнд
Черокий цамц ханцуйтай WW310 WHT-XXS,Брэнд
Черокий цамц ханцуйтай/цахилгаантай CK00013A BLK M,Брэнд
Черокий цамц ханцуйтай/цахилгаантай CK00013A BLK S,Брэнд
Черокий цамц ханцуйтай/цахилгаантай CK00013A BLK XS,Брэнд
Черокий цамц ханцуйтай/цахилгаантай CK00013A CAR M,Брэнд
Черокий цамц ханцуйтай/цахилгаантай CK00013A CAR XS,Брэнд
Черокий цамц ханцуйтай/цахилгаантай CK00013A HUN M,Брэнд
Черокий цамц ханцуйтай/цахилгаантай CK00013A HUN S,Брэнд
Черокий цамц ханцуйтай/цахилгаантай CK00013A HUN XS,Брэнд
Черокий цамц ханцуйтай/цахилгаантай CK00013A NAV M,Брэнд
Черокий цамц ханцуйтай/цахилгаантай CK00013A NAV S,Брэнд
Черокий цамц ханцуйтай/цахилгаантай CK00013A NAV XS,Брэнд
Черокий цамц ханцуйтай/цахилгаантай CK00013A PWT M,Брэнд
Черокий цамц ханцуйтай/цахилгаантай CK00013A PWT S,Брэнд
Черокий цамц ханцуйтай/цахилгаантай CK00013A PWT XS,Брэнд
Черокий цамц ханцуйтай/цахилгаантай CK00013A WHT M,Брэнд
Черокий цамц ханцуйтай/цахилгаантай CK00013A WHT S,Брэнд
Черокий цамц ханцуйтай/цахилгаантай CK00013A WHT XS,Брэнд
Черокий цамц ханцуйтай/цахилгаантай CK00013A WIN M,Брэнд
Черокий цамц ханцуйтай/цахилгаантай CK00013A WIN S,Брэнд
Черокий цамц ханцуйтай/цахилгаантай CK00013A WIN XS,Брэнд
Черокий цамц ханцуйтай/цахилгаантай CK353 BLKN M,Брэнд
Черокий цамц ханцуйтай/цахилгаантай CK353 BLKN S,Брэнд
Черокий цамц ханцуйтай/цахилгаантай CK353 BLKN XS,Брэнд
Черокий цамц ханцуйтай/цахилгаантай CK353 BLKN XXS,Брэнд
Черокий цамц ханцуйтай/цахилгаантай CK353 HUNN M,Брэнд
Черокий цамц ханцуйтай/цахилгаантай CK353 HUNN S,Брэнд
Черокий цамц ханцуйтай/цахилгаантай CK353 HUNN XS,Брэнд
Черокий цамц ханцуйтай/цахилгаантай CK353 HUNN XXS,Брэнд
Черокий цамц ханцуйтай/цахилгаантай CK353 NAVN M,Брэнд
Черокий цамц ханцуйтай/цахилгаантай CK353 NAVN S,Брэнд
Черокий цамц ханцуйтай/цахилгаантай CK353 NAVN XS,Брэнд
Черокий цамц ханцуйтай/цахилгаантай CK353 NAVN XXS,Брэнд
Черокий цамц ханцуйтай/цахилгаантай CK353 PWTN M,Брэнд
Черокий цамц ханцуйтай/цахилгаантай CK353 PWTN S,Брэнд
Черокий цамц ханцуйтай/цахилгаантай CK353 PWTN XS,Брэнд
Черокий цамц ханцуйтай/цахилгаантай CK353 PWTN XXS,Брэнд
Черокий цамц ханцуйтай/цахилгаантай CK381 BLK M,Брэнд
Черокий цамц ханцуйтай/цахилгаантай CK381 BLK S,Брэнд
Черокий цамц ханцуйтай/цахилгаантай CK381 BLK XS,Брэнд
Черокий цамц ханцуйтай/цахилгаантай CK381 BLK XXS,Брэнд
Черокий цамц ханцуйтай/цахилгаантай CK381 NAV M,Брэнд
Черокий цамц ханцуйтай/цахилгаантай CK381 NAV S,Брэнд
Черокий цамц ханцуйтай/цахилгаантай CK381 NAV XS,Брэнд
Черокий цамц ханцуйтай/цахилгаантай CK381 NAV XXS,Брэнд
Черокий цамц ханцуйтай/цахилгаантай CK381 PWT M,Брэнд
Черокий цамц ханцуйтай/цахилгаантай CK381 PWT S,Брэнд
Черокий цамц ханцуйтай/цахилгаантай CK381 PWT XS,Брэнд
Черокий цамц ханцуйтай/цахилгаантай CK381 PWT XXS,Брэнд
Черокий цамц ханцуйтай/цахилгаантай IN525A BLKN M,Брэнд
Черокий цамц ханцуйтай/цахилгаантай IN525A BLKN S,Брэнд
Черокий цамц ханцуйтай/цахилгаантай IN525A BLKN XS,Брэнд
Черокий цамц ханцуйтай/цахилгаантай IN525A BLKN XXS,Брэнд
Черокий цамц ханцуйтай/цахилгаантай IN525A NAVN M,Брэнд
Черокий цамц ханцуйтай/цахилгаантай IN525A NAVN S,Брэнд
Черокий цамц ханцуйтай/цахилгаантай IN525A NAVN XS,Брэнд
Черокий цамц ханцуйтай/цахилгаантай IN525A NAVN XXS,Брэнд
Черокий цамц ханцуйтай/цахилгаантай IN525A PWTN M,Брэнд
Черокий цамц ханцуйтай/цахилгаантай IN525A PWTN S,Брэнд
Черокий цамц ханцуйтай/цахилгаантай IN525A PWTN XS,Брэнд
Черокий цамц ханцуйтай/цахилгаантай IN525A PWTN XXS,Брэнд
Черокий юбка 4509 WHTW-L,Брэнд
Черокий юбка CK505A NYPS-L,Брэнд
Черокий юбка CK505A PWPS-L,Брэнд
Черокий юбка CK505A PWPS-XXS,Брэнд
Черокий юбка CK505A WTPS-L,Брэнд
Черокий юбка CK505A WTPS-M,Брэнд
Черокий юбка CK505A WTPS-XS,Брэнд
Черокий юбка CK505A WTPS-XXS,Брэнд
Энивэйр гутал Zone women.WHT.size 5.0,Брэнд
 Картил N180 /Адуу/ ,Дагалдах
 Экинокс N90 /Адуу/ ,Дагалдах
Apple Cider Vinegar Original 500ml /9119/,Дагалдах
BF ац/х maxi big saver №6 /6053/,Дагалдах
BF ац/х pantyliner №20 /8845/,Дагалдах
BRING GREEN Cera Healer нөхөн сэргээх серум 25мл /8334/,Брэнд
BRING GREEN Zinc Teca батганы эсрэг серум 25мл /7818/,Брэнд
BRING GREEN Артемисиа тослог шингээх цаас 70ш /6317/,Брэнд
BRING GREEN Цайны мод & Сика гүн цэвэрлэгч хөөс 120мл /7443/,Брэнд
BRING GREEN Цайны мод & Сика тайвшруулах тос+ 100мл /6347/,Брэнд
BRING GREEN Цайны мод & Сика цэвэрлэгч хөөс 300мл /9348/,Брэнд
BRING GREEN Ягаан Алоэ 96% тай тайвшруулах гель 300мл /5154/,Брэнд
Demisoda apple soda /8727/,Дагалдах
Demisoda peach soda /8710/,Дагалдах
Demisoda White grape /8734/,Дагалдах
F7D Hydro Collagen ампультай нүүр цэвэрлэгч пад N10 /0474/,Дагалдах
F7D Pore elixer нүүр цэвэрлэгч пад N10 /0498/,Дагалдах
F7D Vita propolis ампультай нүүр цэвэрлэгч пад N10 /0481/,Дагалдах
Gullon жигнэмэг глютенгүй хавчуургатай 225гр /1789/,Дагалдах
Ideal for Men Perfect All In One Special сет/1239/,Дагалдах
Lacto Sparkling Lemon-Lime 350ml /9379/,Дагалдах
Lacto Sparkling Strawberry-Vanilla 350ml /9355/,Дагалдах
Lacto Sparkling Tropical Punch 350ml /9393/,Дагалдах
Lacto Sparkling Watermelon-Lime 350ml /9423/,Дагалдах
Narangd Cider greenapple /8611/,Дагалдах
Narangd Cider original /8604/,Дагалдах
Narangd Cider Pineapple 245ml /8628/,Дагалдах
"Nuby бар, юникоронтой аяга 540мл 4+ /3651/",Дагалдах
O latte apple /8505/,Дагалдах
O latte peach /8529/,Дагалдах
O latte strawberry /8536/,Дагалдах
sebamed HAIR CARE anti- dandruff shampoo 20 ml 3043951 /Sebamed - Mini Promotion/,Брэнд
Sebamed Hair Үс уналтын эсрэг шампунь /Аnti-Hairloss Shampoo_1000ml/,Брэнд
Sebamed Hair Хагны эсрэг шампунь /Аnti-Dandruff Shampoo_1000ml/ 1563951 /Sebamed/,Брэнд
sebamed SENSITIVE SKIN cleansing bar 20 g 3012952  /Sebamed - Mini Promotion/,Брэнд
Splat гаатай мөнгөлөг шүдний утас 30м /1795/,Дагалдах
SUN Gum завсар цэвэрлэгч N30 /5054/,Дагалдах
SUN Gum завсар цэвэрлэгч сойз M N20 /6129/,Дагалдах
SUN Gum завсар цэвэрлэгч сойз N20 /6105/,Дагалдах
SUN Gum шүд оо+сойз аялал сет /2268/,Дагалдах
SUN Gum шүдний сойз /6335/,Дагалдах
SUN Gum шүдний сойз /6359/,Дагалдах
SUN Gum шүдний сойз hard /6403/,Дагалдах
SUN Gum шүдний сойз regular /6397/,Дагалдах
SUN Gum эмчилгээ ам зайлагч ногоон 500мл /8205/,Дагалдах
SUN Gum эмчилгээ шүд оо herbal 120гр /9684/,Дагалдах
SUN Gum эмчилгээ шүд оо гаа амт 120гр /0208/,Дагалдах
Yogurt Sparkling 250ml /8914/,Дагалдах
"Батганы наалт олон өнгөтэй Од, Зүрх №108 /Пожа Нова/",Дагалдах
"Батганы наалт хар өнгөтэй Од, Зүрх №108 /Пожа Нова/",Дагалдах
Бэлгэвч dotted pleasure N3 /4918/,Дагалдах
Бэлгэвч fruit mix N3 /4499/,Дагалдах
Бэлгэвч natural pleasure N3 /2372/,Дагалдах
Бэлгэвч tornado passion N3 /4185/,Дагалдах
Бэлгэвч xtra pleasure N3 /2396/,Дагалдах
Виско хамрын чихээс 100мм х 30мм х 15мм N1,Дагалдах
Виско хамрын чихээс 80мм х 30мм х 15мм N1,Дагалдах
Витамин Д3+К2 Стронг /D3 2000IU + K2 50mcg/ №30,Дагалдах
Витаминтай иштэй чихэр Alpenlor multi vitamins И50,Дагалдах
Гим бэлгэвч One Extended Pleasure №3 /3398/,Дагалдах
Гим бэлгэвч One Mixed Pleasures №3 /0006/,Дагалдах
Гим бэлгэвч One Pleasure Dots №3 /7502/,Дагалдах
Гим бэлгэвч One Super Sensitive №3 /0002/,Дагалдах
Гим бэлгэвч One Super Studs №3 /0037/,Дагалдах
Гим бэлгэвч One True Fit №3 /0020/,Дагалдах
Гим бэлгэвч One Ultra Feel 2-in-1 №10 /0373/,Дагалдах
Гим бэлгэвч PB 003 №3 /0457/,Дагалдах
Гим бэлгэвч PB 3 PLEASURES №3 /0464/,Дагалдах
Гим бэлгэвч PB NUDY №3 /0471/,Дагалдах
Гим бэлгэвч PB PAUSE №3 /0488/,Дагалдах
Гим бэлгэвч PB TORNADO №3 /0495/,Дагалдах
Гим оо ultra whitening toothpaste 75gr /5104/,Дагалдах
Гим хөлс дарагч Roll-On Deodorant Men 80ml /4067/,Дагалдах
Гим хөлс дарагч Roll-On Deodorant women 80ml /4050/,Дагалдах
Глюкоз /ivco/ д/шин 5% 250мл N1,Дотоод
Девит-3 тар/уус 300000 ОУН/мл булчинд №1 /Deva Holding/,Дотоод
Дикиес өмд DK135P PWT S,Брэнд
Дикиес өмд DK135P PWT XS,Брэнд
Дикиес цамц DK875 CIE S,Брэнд
Дикиес цамц DK875 CIE XS,Брэнд
Дэе 2 Дэе Тэ коллаген бюьти плас /Orzax/ N30,Дагалдах
Интубацын гуурс cuffed ID:8.0mm OD:10.7mm Fr32 N1 /Хятад/,Дотоод
Кальци N180 /Адуу/,Дотоод
Кардиомагнил шахм 75мг N30,Дотоод
Клийнекс зөөлөн арчилгаатай нойтон салфетка 72ш /3679/,Дагалдах
Лейкопластырь 4*500 /Zink Oxide/ N1,Дагалдах
Лейкопластырь 5*500 /Zinc Oxide/ N1,Дагалдах
Маалинга үр Almora 150 гр,Дагалдах
Өүшн Иодин Дроп 30мл /Orzax/ N1,Дагалдах
Өүшн Микрофер 30мл /Orzax/ N1,Дагалдах
Өүшн Остеофайн /Orzax/ N60,Дагалдах
Салиа соруулагч /тагтай/ эмн/х Fr10 N1,Дотоод
Санг Кванг тосон клизм 20мл N1,Дотоод
Сорвины тос N1  /Пожа Нова/,Дотоод
Супрадин Иммуно С 1000мг №15 /уусдаг шахмал/,Импорт
Сүлбээр зүү N12,Дотоод
Цефотаксим тар/н 1гр №1 /Reyoung Pharmaceutical/,Дотоод
Цэлцэгнүүр Витамин Д 2000IU N28 /Shiseido/,Дотоод
Черокий men өмд WW012T NAV -M,Брэнд
Черокий малгай unisex 2506 ROYW-OS,Брэнд
Черокий өмд 4043 HUNW M,Брэнд
Черокий өмд 4044 CIEW XS,Брэнд
Черокий өмд CKA184P CIE XS,Брэнд
Черокий өмд men  WW140S BLK S,Брэнд
Черокий өмд men WW190S HUN M,Брэнд
Черокий өмд WW120P ROY XS,Брэнд
Черокий Халад CK401 WHT XL,Брэнд
Черокий Халад CK451 WHT L,Брэнд
Черокий Халад CK452 WHT S,Брэнд
Черокий цамц CK954A NAV XS,Брэнд
Черокий цамц CK954A WHT L,Брэнд
Черокий цамц men WW695 HUN M,Брэнд
Черокий цамц men WW695 HUN XL,Брэнд
Черокий цамц men WW695 NAV 2XL,Брэнд
Черокий цамц WW610 WIN S,Брэнд
Черокий цамц WW610 WIN XXS,Брэнд
Чиа үр Almora 150 гр,Дагалдах
" Avene Cica+ массаж гель, 30мл /7088/",Дагалдах
Arencia Holy Hyssop Sheet Mask *Brightening & Glow Formula for dark spots and hyperpigmentation 1ea,Дагалдах
B&B  хувцас ангижруулагч 2100мл /8531/,Дагалдах
Baby sebamed protective facial cream 10 ml 1488951 /Sebamed - Mini Promotion/,Брэнд
BB Kitty хүүхдийн шампунь эрэгтэй /1204/,Дагалдах
BF а/ц хэрэглэл maxi big saver №12 /8634/,Дагалдах
BF ац/х maxi cottony L №9 /3806/,Дагалдах
BF ац/х maxi cottony R №10 /8821/,Дагалдах
BF ац/х maxi nights №8 /8852/,Дагалдах
BF ац/х teens охидын 290mm №8 /8115/,Дагалдах
BF ац/х tweens охидын 245mm №8 /8122/,Дагалдах
BF ац/х ultra thin L №8 /3974/,Дагалдах
BF ац/х ultra thin R №10 /8838/,Дагалдах
BIOHEAL BOH PANTHECELL™ Repair Cica кремийн агууламжтай мист (120 мл)/6700/,Брэнд
BIOHEAL BOH PROBIODERM™ Collagen Remodeling Serum Gel Mask 1ea,Брэнд
BRING GREEN Hyaljet арьсны уян хатан байдлыг нэмэгдүүлэх серум 25мл /7726/,Брэнд
BRING GREEN Toning Vita 20% цайруулах серум 25мл /7740/,Брэнд
BRING GREEN Супер Лимон Глутатион нойрны маск 100мл сет /7702/,Брэнд
BRING GREEN Супер Лимон Глутатион нүдний тос 30мл давхар сет /8464/,Брэнд
BRING GREEN Супер Лимон Глутатион тонер падын запас сет N90 /6390/,Брэнд
BRING GREEN Супер Лимон Глутатион цайруулах серум 50мл сет /6383/,Брэнд
BRING GREEN Хулсан Hyalu уруулын эссенс/5294/,Брэнд
BRING GREEN Цайны мод & Сика хамрын нүх агшаах патч N50 /5308/,Брэнд
BRINGGEEN Fresh Mask Sheet Bamboo Hyalu 1ea,Брэнд
BRINGGREEN Carrot Vita Fresh Mask 1ea,Брэнд
BRINGGREEN Fresh Mask Sheet Artemisia Calming EX 1ea,Брэнд
BRINGGREEN SUPER LEMON GLUTATHIONE FRESH MASK 1ea,Брэнд
BRINGGREEN Tea Tree CIca Fresh Mask 1ea,Брэнд
Cherokee WW105 PWT XS,Брэнд
Cherokee WW601 PWT XS,Брэнд
Hakugen hers чийгшүүл банн давс жимс 12ш /2998/,Дагалдах
"Ideal for Men Хөхний товч далдлагч наалт 12ш, 6 удаа хэрэглээ – Skin/285/",Дагалдах
KC NVE нүүр будалт нүүр угаагч 180г /2872/,Дагалдах
KC NVE нүхжилт нүүр угаагч 120г /2681/,Дагалдах
KC NVE чийгшүүлэгч нүүр угаагч 120г /2698/,Дагалдах
KC NVE чийгшүүлэх нүүр угаагч 120г /2674/,Дагалдах
Medicube Deep Vita C Ampoule 2.0,Брэнд
Medicube One Day Exosome Shot Pore Serum 7500,Брэнд
Medicube PDRN PINK COLLAGEN GEL MASK 1ea,Брэнд
PANTHECELL Repair Cica тайвшруулах үйлчилгээтэй нүүр цэвэрлэгч/5609/,Брэнд
PANTHECELL™ Cica-Some нөхөн сэргээх крем (80мл)/7329/,Брэнд
PANTHECELL™ Repair Cica ампултай мист/6717/,Брэнд
PROBIODERM™ 3D лифтинг ампул/0918/,Брэнд
PROBIODERM™ 3D лифтинг кремэн мист/1823/,Брэнд
PROBIODERM™ 3D лифтинг тос/0925/,Брэнд
PROBIODERM™ Коллаген ремоделинг серум/3186/,Брэнд
PROBIODERM™ Коллаген ремоделинг тос/3193/,Брэнд
PROBIODERM™ Коллагентэй Volume уруул томруулагч/9737/,Брэнд
PROBIODERM™ Коллагентэй тон-ап нарны тос/1601/,Брэнд
PROBIODERM™ Коллагентэй эссенс нарны тос/1595/,Брэнд
sebamed CLEAR FACE care gel 10 ml 1206951 /Sebamed - Mini Promotion/,Брэнд
sebamed SENSITIVE SKIN moisturizing body lotion 15 ml 3072951 /Sebamed - Mini Promotion/,Брэнд
"Sebamed Sensitive Нүүр цэвэрлэгч_Энгийн, хуурай арьс /Gentle Facial cleanser_Normal&Dry_150ml/",Брэнд
"Sensodyne паалан бэхжүүлэх, цоорлоос хамгаалах шүдний оо 50м",Дагалдах
Splat бергамот лаймын амттай шүдний утас 30м /1771/,Дагалдах
Splat гүзээлзгэний үнэртэй шүдний утас 30м /1757/,Дагалдах
SUN Gum завсар цэвэрлэгч сойз S N20 /6112/,Дагалдах
SUN Gum эмчилгээ ам зайлагч цэнхэр 500мл /8236/,Дагалдах
SUN Gum эмчилгээ ам зайлагч цэнхэр 80мл /8496/,Дагалдах
SUN Gum эмчилгээ шүд оо 35гр /9677/,Дагалдах
Sungboon Editor Deep Collagen Power Boosting Mask 1ea,Брэнд
Аскорутин шахмал 300мг N10 /Нахиа/,Дотоод
Бетозон-ЭН тос/т 15гр,Дотоод
Бетосалик тос/т 15гр,Дотоод
Бэлгэвч Recare-Caramelo №3,Дагалдах
Витапрост ш/г/лаа 10мг N10,Дотоод
Витапрост шахм 20мг N20,Дотоод
Витериа эрэгтэй N30 кап,Дотоод
Гим бэлгэвч One Mixed Pleasures №12 /0075/,Дагалдах
Гим бэлгэвч One Pleasure Dots №12 /7519/,Дагалдах
Гим бэлгэвч One Super Sensitive №12 /0009/,Дагалдах
Гим бэлгэвч One Super Studs №12 /0044/,Дагалдах
Гим бэлгэвч One Zerothin №12 /0051/,Дагалдах
Гим бэлгэвч One Zerothin №3 /0013/,Дагалдах
Гим суганы үнэр дарагч Underarm Deodorant Cream 10ml /4036/,Дагалдах
Гим хөлний үнэр дарагч Foot Deodorant Cream 10ml /4029/,Дагалдах
Гим хөлс дарагч Roll-On Deodorant Sport 80ml /4074/,Дагалдах
Граммидин мэдээгүйжүүлэгчтэй 0.06мг+0.015мг+0.10мг N1,Дотоод
Граммидин хүүхдийн 0.03мг+0.1мг N1,Дотоод
Гүн нойр шотс 10мл N10,Дотоод
Дикиес өмд DK135P CIE - XS,Брэнд
Дикиес өмд DK135P CIE - XXS,Брэнд
Дикиес өмд DK135P PWT M,Брэнд
Дикиес өмд DK135P PWT XXS,Брэнд
Дикиес цамц DK615 RYPS - XS,Брэнд
Дикиес цамц DK635 CIPS - L,Брэнд
Дикиес цамц DK635 NYPS - L,Брэнд
Дикиес цамц DK635 RYPS - L,Брэнд
Дикиес цамц DK870 ROY -XXS,Брэнд
Дикиес цамц DK875 CIE M,Брэнд
Дикиес цамц DK875 CIE XXS,Брэнд
Дикиес цамц DK875 PWT-S,Брэнд
Дикиес цамц DK875 PWT-XXS,Брэнд
Дикиес цамц men DK635 CIPS-S,Брэнд
Дикиес цамц men DK930 CIE-S,Брэнд
Кальци Д3 Никомед минт заж/ш 500мг+200ОУН N30,Дотоод
Кальци Д3 Никомед форте лимон заж/ш 500мг N30,Дотоод
Клийнекс зөөлөн нойтон салфетка 72ш /6168/,Дагалдах
Лилайз роза душ N4,Дагалдах
Линдафер плюс 400мг N30,Дотоод
Монолаир 4мг №28,Дотоод
Монолаир 5мг №28,Дотоод
Монтекас б/шахм 10мг N28 /Мөнхийн тун/,Дотоод
Ондаленз 4 мг N5 /Nerhadou International/,Дотоод
Ондаленз 8мг N5 /Nerhadou International/,Дотоод
Пилоспей N20 саше,Дотоод
Пороро шумуул үргээгч бугуйн цаг №1,Дагалдах
Урифаст №14,Дотоод
Уропа б/шахм 0.4мг N30 /Мөнхийн тун/,Дотоод
устгах BB Kitty Lotion issue №40 /QUANZHOU SUN CARE/,Дагалдах
Хөлийн дүрлэг хүүхэд 220г /Одь тан/,Дагалдах
Хөлийн дүрлэг эмт 5 рашаан 220г /Одь тан/,Дагалдах
Хөлийн дүрлэг эмэгтэйчүүд 220г /Одь тан/,Дагалдах
Цэлцэгнүүр Витамин Д 5000IU N28 /Shiseido/,Дотоод
Черокий men өмд WW140 BLK -M,Брэнд
Черокий men өмд WW140 BLK -XS,Брэнд
Черокий өмд  WW155P BLK M,Брэнд
Черокий өмд  WW155P BLK S,Брэнд
Черокий өмд  WW170P CAR L,Брэнд
Черокий өмд  WW170P CAR M,Брэнд
Черокий өмд  WW170P CAR S,Брэнд
Черокий өмд  WW170P CAR XL,Брэнд
Черокий өмд  WW170P CAR XS,Брэнд
Черокий өмд  WW190S NAV L,Брэнд
Черокий өмд  WW190S NAV M,Брэнд
Черокий өмд  WW190S NAV XS,Брэнд
Черокий өмд 4043 HUNW L,Брэнд
Черокий өмд 4043 HUNW S,Брэнд
Черокий өмд 4043 HUNW XS,Брэнд
Черокий өмд 4044 BLKW M,Брэнд
Черокий өмд 4044 BLKW S,Брэнд
Черокий өмд 4044 BLKW XXS,Брэнд
Черокий өмд 4044 CIEW M,Брэнд
Черокий өмд 4044 CIEW S,Брэнд
Черокий өмд 4044 CIEW XXS,Брэнд
Черокий өмд 4044 HUNW M,Брэнд
Черокий өмд 4044 HUNW S,Брэнд
Черокий өмд 4044 HUNW XS,Брэнд
Черокий өмд 4044 HUNW XXS,Брэнд
Черокий өмд 4044 NAVW M,Брэнд
Черокий өмд 4044 NAVW S,Брэнд
Черокий өмд 4044 NAVW XS,Брэнд
Черокий өмд 4044 NAVW XXS,Брэнд
Черокий өмд CK026P IRON M,Брэнд
Черокий өмд CK026P IRON S,Брэнд
Черокий өмд CK026P IRON XS,Брэнд
Черокий өмд CK272AP HUN L,Брэнд
Черокий өмд CK272AP HUN M,Брэнд
Черокий өмд CK272AP HUN S,Брэнд
Черокий өмд CK272AP HUN XS,Брэнд
Черокий өмд CK272AP HUN XXS,Брэнд
Черокий өмд CK279A ROY L,Брэнд
Черокий өмд CK279A ROY M,Брэнд
Черокий өмд CK279A ROY XS,Брэнд
Черокий өмд CKA184P BLK M,Брэнд
Черокий өмд CKA184P BLK S,Брэнд
Черокий өмд CKA184P BLK XS,Брэнд
Черокий өмд CKA184P BLK XXS,Брэнд
Черокий өмд CKA184P CIE M,Брэнд
Черокий өмд CKA184P CIE S,Брэнд
Черокий өмд CKA184P CIE XXS,Брэнд
Черокий өмд CKA184P WHT-S,Брэнд
Черокий өмд CKA184P WHT-XS,Брэнд
Черокий өмд men  WW140S BLK L,Брэнд
Черокий өмд men  WW140S BLK M,Брэнд
Черокий өмд men  WW140S BLK XS,Брэнд
Черокий өмд men  WW140S GAB L,Брэнд
Черокий өмд men  WW140S GAB M,Брэнд
Черокий өмд men  WW140S GAB S,Брэнд
Черокий өмд men  WW140S GAB XL,Брэнд
Черокий өмд men  WW140S ROY M,Брэнд
Черокий өмд men  WW140S ROY S,Брэнд
Черокий өмд men  WW140S ROY XS,Брэнд
Черокий өмд men WW140 / BLK - S,Брэнд
Черокий өмд men WW190S HUN L,Брэнд
Черокий өмд men WW190S NAV S,Брэнд
Черокий өмд men WW190S NAV XL,Брэнд
Черокий өмд men WW250AB CIE-L,Брэнд
Черокий өмд men WW250AB TLB-XL,Брэнд
Черокий өмд WW120 BLK -XXS,Брэнд
Черокий өмд WW120P ROY M,Брэнд
Черокий өмд WW120P ROY S,Брэнд
Черокий өмд WW120P ROY XXS,Брэнд
Черокий өмд эмн/х WW170 CIE-XL N1,Брэнд
Черокий Халад 82402 DWHZ -M,Брэнд
Черокий Халад 82402 DWHZ -S,Брэнд
Черокий Халад 82402 DWHZ -XS,Брэнд
Черокий Халад CK401 WHT XS,Брэнд
Черокий Халад CK451 WHT XL,Брэнд
Черокий цамц 4727 PWTW M,Брэнд
Черокий цамц 4727 PWTW S,Брэнд
Черокий цамц 4727 PWTW XS,Брэнд
Черокий цамц 4727 PWTW XXS,Брэнд
Черокий цамц 4727 WHTW M,Брэнд
Черокий цамц 4727 WHTW S,Брэнд
Черокий цамц 4727 WHTW XS,Брэнд
Черокий цамц 4727 WHTW XXS,Брэнд
Черокий цамц CK783A ROY L,Брэнд
Черокий цамц CK783A ROY M,Брэнд
Черокий цамц CK783A ROY S,Брэнд
Черокий цамц CK783A ROY XS,Брэнд
Черокий цамц CK954A NAV L,Брэнд
Черокий цамц CK954A NAV M,Брэнд
Черокий цамц CK954A NAV S,Брэнд
Черокий цамц CK954A ROY M,Брэнд
Черокий цамц CK954A ROY S,Брэнд
Черокий цамц CK954A ROY XS,Брэнд
Черокий цамц CK954A ROY XXS,Брэнд
Черокий цамц CK954A WHT M,Брэнд
Черокий цамц CK954A WHT S,Брэнд
Черокий цамц CK954A WHT XL,Брэнд
Черокий цамц CK961A HUN L,Брэнд
Черокий цамц CK961A HUN M,Брэнд
Черокий цамц CK961A HUN S,Брэнд
Черокий цамц CK961A HUN XL,Брэнд
Черокий цамц CK961A HUN XS,Брэнд
Черокий цамц men WW690 GAB L,Брэнд
Черокий цамц men WW690 GAB M,Брэнд
Черокий цамц men WW690 GAB S,Брэнд
Черокий цамц men WW690 GAB XS,Брэнд
Черокий цамц men WW690 ROY-L,Брэнд
Черокий цамц men WW695 HUN L,Брэнд
Черокий цамц men WW695 HUN S,Брэнд
Черокий цамц men WW695 NAV L,Брэнд
Черокий цамц men WW695 NAV M,Брэнд
Черокий цамц men WW695 NAV XL,Брэнд
Черокий цамц men WW695 WHT M,Брэнд
Черокий цамц men WW695 WHT S,Брэнд
Черокий цамц men WW695 WHT XL,Брэнд
Черокий цамц men эмн/х WW695 CIE-L N1,Брэнд
Черокий цамц WW603 NAV - S,Брэнд
Черокий цамц WW610 WIN M,Брэнд
Черокий цамц WW610 WIN XS,Брэнд
Черокий цамц WW615 BLK L,Брэнд
Черокий цамц WW615 BLK XS,Брэнд
Черокий цамц WW665 CAR 2XL,Брэнд
Черокий цамц WW665 CAR L,Брэнд
Черокий цамц WW665 CAR XL,Брэнд
Черокий цамц WW665 CAR-M,Брэнд
Черокий цамц WW665 CAR-S,Брэнд
Черокий цамц WW665 HUN-L,Брэнд
Черокий цамц WW685 BLK M,Брэнд
Черокий цамц WW685 BLK S,Брэнд
Черокий цамц WW685 BLK XS,Брэнд
Черокий цамц WW695 WHT L,Брэнд
Ярина шахм N21,Дотоод
