Барааны нэр,Барааны ангилал,VED
"Avene Cica+ массаж гель, 30мл /7088/",Гоо сайхан/ариун цэвэр,D
Medicube (US) AGE-R BOOSTER PRO BLACK /4732/,Гоо сайхан/ариун цэвэр,D
Medicube (US) AGE-R BOOSTER PRO PINK /4481/,Гоо сайхан/ариун цэвэр,D
Medicube BOOSTER PRO HEAD CASE /4566/,Гоо сайхан/ариун цэвэр,D
Medicube BOOSTER PRO HEAD CASE BLACK /9913/,Гоо сайхан/ариун цэвэр,D
АЛОЕ салфеткан маск чийгшүүлэх 25мл /2771/,Гоо сайхан/ариун цэвэр,D
Биомон кидс салфеткан маск хүүхдийн чийгшүүлэх 20мл,Гоо сайхан/ариун цэвэр,D
Биомон салфеткан маск гүн чийгшүүлэх 25мл /3242/,Гоо сайхан/ариун цэвэр,D
Биомон салфеткан маск нөхөн сэргээх 25мл /3235/,Гоо сайхан/ариун цэвэр,D
Клиндацин -Т 30гр гель №1,Бусад,D
Нүүрний маск O2 оролттой /CPR pocket/ N1,Гоо сайхан/ариун цэвэр,D
Санитас гар ариутгагч гель 250мл /3186/,Бусад,D
Санитас гар ариутгагч гель энгийн 60мл /9180/,Бусад,D
Санитас гар ариутгагч гель юникорн 60мл /3599/,Бусад,D
Экинокс N90 /Адуу/,Бусад,D
12витаминт цэлцэгнүүр ундаа N1,Хүнс,D
548930 МИНИ түнхний стем 09#,Эмнэлгийн хэрэгсэл,D
548931 МИНИ түнхний стем 10#,Эмнэлгийн хэрэгсэл,D
548932 МИНИ түнхний стем 11#,Эмнэлгийн хэрэгсэл,D
548933 МИНИ түнхний стем 12#,Эмнэлгийн хэрэгсэл,D
548934 МИНИ түнхний стем 13#,Эмнэлгийн хэрэгсэл,D
548935 МИНИ түнхний стем 14#,Эмнэлгийн хэрэгсэл,D
548936 МИНИ түнхний стем 15#,Эмнэлгийн хэрэгсэл,D
858126 Исэлдүүлсэн циркони-ниоби хайлшин Дунд чөмөгний толгой 41ZFH28S 12/14,Эмнэлгийн хэрэгсэл,D
858127 Исэлдүүлсэн циркони-ниоби хайлшин Дунд чөмөгний толгой 41ZFH28M 12/14,Эмнэлгийн хэрэгсэл,D
858128 Исэлдүүлсэн циркони-ниоби хайлшин Дунд чөмөгний толгой 41ZFH28L 12/14,Эмнэлгийн хэрэгсэл,D
858129 Исэлдүүлсэн циркони-ниоби хайлшин Дунд чөмөгний толгой 41ZFH32S 12/14,Эмнэлгийн хэрэгсэл,D
858130 Исэлдүүлсэн циркони-ниоби хайлшин Дунд чөмөгний толгой 41ZFH32M 12/14,Эмнэлгийн хэрэгсэл,D
858131 Исэлдүүлсэн циркони-ниоби хайлшин Дунд чөмөгний толгой 41ZFH32L 12/14,Эмнэлгийн хэрэгсэл,D
Active drop plus jelly 120gr /0429/,Бусад,D
Algo хөхний саалтуур хуванцар 180мл №1,Бусад,D
Alpokol Lolly logenges №50 /Альпен фарм/,Бусад,D
Alps-D 2000 ундаа 100мл №10 /Dong-wha/,Хүнс,D
Amoxicillin Trihydrate W.S 1г,Эм,V
Amura эмэгтэйчүүдийн нойтон сальфетка №10ш,Бусад,D
Angel moms халаад үслэг,Эмнэлгийн хэрэгсэл,D
Angel moms халаад хөх даавуун,Эмнэлгийн хэрэгсэл,D
Angel moms халаадтай сарпан,Эмнэлгийн хэрэгсэл,D
Angel moms хөхүүл майк,Бусад,D
Angel moms хөхүүл цамц даавуун ханцуйтай,Бусад,D
Apple Cider Vinegar Original 500ml /9119/,Бусад,D
Apple tea(EILLES)62.5g 201001011 /ANNHOUSE/,Бусад,D
Aquafresh active fresh 125мл 7041,Бусад,D
Aquafresh Kids My Big Teeth 6+ шүд/оо 6+ насны Хүүхдийн шүдний оо 50мл,Бусад,D
"Aquafresh kids сойз 0,3-2 нас /phase 1/",Эмнэлгийн хэрэгсэл,D
Aquafresh my big 6+ шүдний сойз,Эмнэлгийн хэрэгсэл,D
Aquafresh my little 3-5 сойз,Эмнэлгийн хэрэгсэл,D
"Aquafresh Мягко-мятная шүд/оо Гурвалсан хамгаалалт, зөөлөн гаатай Шүдний оо 125мл",Бусад,D
"Aquafresh Мягко-мятная шүд/оо Гурвалсан хамгаалалт, зөөлөн гаатай Шүдний оо 50мл",Бусад,D
"Aquafresh Освежающе-мятная шүд/оо Гурвалсан хамгаалалт, цэнгэг амьсгал Шүдний оо 125мл",Бусад,D
"Aquafresh Освежающе-мятная шүд/оо Гурвалсан хамгаалалт, цэнгэг амьсгал Шүдний оо 50мл",Бусад,D
Aquafresh стандарт шүдний сойз,Эмнэлгийн хэрэгсэл,D
Aquafresh сэнгэнэсэн гааны амттай ам зайлагч 500мл /0439/,Бусад,D
Areca catechu WS,Бусад,D
Arencia Fresh Red Smoothie Serum 30 2g /1773/,Гоо сайхан/ариун цэвэр,D
Arencia Holy Hyssop Serum 30 2g /1940/,Гоо сайхан/ариун цэвэр,D
Arencia Holy Hyssop Sheet Mask *Brightening & Glow Formula for dark spots and hyperpigmentation 1ea,Гоо сайхан/ариун цэвэр,D
Arencia Rice Mucin Glow Serum 30 2g /1780/,Гоо сайхан/ариун цэвэр,D
Arencia арьсны өнгийг сэргээх ягаан серум 30мл /1735/,Гоо сайхан/ариун цэвэр,D
Arencia арьсны өнгийг сэргээх ягаан серум 50гр /1889/,Гоо сайхан/ариун цэвэр,D
"Arencia гиссопын хандтай тайвшруулж, үрэвсэл намдаах даавуун маск 5ш /1612/",Гоо сайхан/ариун цэвэр,D
"Arencia гиссопын хандтай тайвшруулж, үрэвсэл намдаах серум 30мл /1629/",Гоо сайхан/ариун цэвэр,D
"Arencia гиссопын хандтай тайвшруулж, үрэвсэл намдаах серум 50гр /0820/",Гоо сайхан/ариун цэвэр,D
"Arencia гүн чийгшүүлэх, нарны хамгаалалттай sun serum 150гр /2121/",Гоо сайхан/ариун цэвэр,D
Arencia календулын хандтай будааны мочи цэвэрлэгч 120гр /1438/,Гоо сайхан/ариун цэвэр,D
Arencia ногоон будааны мочи цэвэрлэгч 120гр /0738/,Гоо сайхан/ариун цэвэр,D
Arencia ногоон цай+ LHA нүхжилт цэвэрлэх хөөсөн цэвэрлэгч 150гр /1971/,Гоо сайхан/ариун цэвэр,D
Arencia нохойн хошуу + LHA нүхжилт цэвэрлэх хөөсөн цэвэрлэгч 150гр /2176/,Гоо сайхан/ариун цэвэр,D
Arencia нохойн хошууны будааны мочи цэвэрлэгч /0745/,Гоо сайхан/ариун цэвэр,D
Arencia усан суурьтай гүн чийгшүүлэх serum 30мл /2138/,Гоо сайхан/ариун цэвэр,D
Arencia усан суурьтай гүн чийгшүүлэх serum 50гр /2145/,Гоо сайхан/ариун цэвэр,D
Arencia хар цай будааны мочи цэвэрлэгч 120гр /1179/,Гоо сайхан/ариун цэвэр,D
Arencia цагаан будааны муцин серум 30мл /1742/,Гоо сайхан/ариун цэвэр,D
Arencia цагаан будааны муцин серум 50гр /1766/,Гоо сайхан/ариун цэвэр,D
Arencia цагаан будааны муцин цэвэрлэгч 120гр /1674/,Гоо сайхан/ариун цэвэр,D
Arencia цэнхэр гиссопын хандтай будааны мочи цэвэрлэгч 120гр /1070/,Гоо сайхан/ариун цэвэр,D
"Arginine hydrochloride 1г, стандарт бодис",Бусад,D
"Arginine hydrochloride Юрия 1г, стандарт бодис",Бусад,D
Armour том хүний живх L10ш наадаг хар,Эмнэлгийн хэрэгсэл,D
Armour том хүний живх M10ш наадаг хар,Эмнэлгийн хэрэгсэл,D
ATO салфетка mild basic 70pc /9775/,Гоо сайхан/ариун цэвэр,D
ATO салфетка premium 72pc /8969/,Гоо сайхан/ариун цэвэр,D
Aurag рашаан 1л /8082/,Бусад,D
Aurag рашаан 500мл /1963/,Бусад,D
Avene cicalfate emulsion нөхөн төлжүүлэх чийгшүүлэх тос 40мл,Гоо сайхан/ариун цэвэр,D
Avene cicalfate Эмзэгшсэн уруулын тос 10мл \1263\,Гоо сайхан/ариун цэвэр,D
"Avene Cleanance AHA серум, 30 мл /0469/",Гоо сайхан/ариун цэвэр,D
Avene Cleanance comedomed батганы эсрэг тос / 2854/ 30мл,Гоо сайхан/ариун цэвэр,D
Avene cleanance xeracalm нөхөн төлжүүлэх тосон/цэвэр 100мл \6844\,Гоо сайхан/ариун цэвэр,D
"Avene Cleanance детокс маск, 50 мл /0445/",Гоо сайхан/ариун цэвэр,D
Avene cleanance зовхины тос 15мл,Гоо сайхан/ариун цэвэр,D
Avene Cleanance мицеллар лосьон 400мл /7811/,Гоо сайхан/ариун цэвэр,D
Avene cleanance мицеллэр лосьон 100мл,Гоо сайхан/ариун цэвэр,D
Avene Cleanance тослог арьсны нарны Тос /2655 /SPF50 50мл,Гоо сайхан/ариун цэвэр,D
Avene cleanance угаагч гель 100мл,Гоо сайхан/ариун цэвэр,D
Avene Cleanance угаагч гель 7736 200мл,Гоо сайхан/ариун цэвэр,D
"Avene Cleanance чийгшүүлэх тос, 40мл /0891/",Гоо сайхан/ариун цэвэр,D
Avene Cleanance энгийн арьсны нарны Тос /2634 /SPF50 50мл,Гоо сайхан/ариун цэвэр,D
"Avene Cold гарын чийгшүүлэх тос, 50мл /9952/",Гоо сайхан/ариун цэвэр,D
Avene comedomed эрчимтэй батга хатаах түрхлэг 40мл /5365/,Гоо сайхан/ариун цэвэр,D
Avene essentail уруулын тэжээл 4г,Гоо сайхан/ариун цэвэр,D
Avene Essential 3-т 1 будаг арилгагч /2952/ 200мл,Гоо сайхан/ариун цэвэр,D
Avene Essential Гуужуулагч гель /0877 / 75мл,Гоо сайхан/ариун цэвэр,D
Avene Essential Мицеллар лосьон /7357/ 200мл,Гоо сайхан/ариун цэвэр,D
"Avene Essential Цэвэрлэгч хөөс, 150мл /2371/",Гоо сайхан/ариун цэвэр,D
"Avene Hyaluron Activ B3 Серум, 30мл /3101/",Гоо сайхан/ариун цэвэр,D
"Avene Hydrance serum boost, 30мл /8954/",Гоо сайхан/ариун цэвэр,D
"Avene Hydrance чийгшүүлэгч тонер, 200мл /9730/",Гоо сайхан/ариун цэвэр,D
Avene hydrance чийгшүүлэгч эссенци 100мл \9143\,Гоо сайхан/ариун цэвэр,D
Avene hydrance чийгшүүлэгч эссенци 200мл,Гоо сайхан/ариун цэвэр,D
"Avene Hydrance чийгшүүлэх гель, 50мл /4130/",Гоо сайхан/ариун цэвэр,D
Avene hydrance чийгшүүлэх тос UV SPF30 40мл,Гоо сайхан/ариун цэвэр,D
Avene hydrance чийгшүүлэх шөнийн гель 50мл,Гоо сайхан/ариун цэвэр,D
"Avene Tolerance эмзэг арьсны цэвэрлэгч, 200мл /2280/",Гоо сайхан/ариун цэвэр,D
"Avene Tolerance эмзэг арьсны чийгшүүлэгч тос, 40мл /8336/",Гоо сайхан/ариун цэвэр,D
"Avene Vitamin activ C серум, 30 мл /3477/",Гоо сайхан/ариун цэвэр,D
Avene Xeracalm липид нөхөн төлжүүлэх тос /5553/ 200мл,Гоо сайхан/ариун цэвэр,D
Avene Нарны тос лайт лосион 100мл,Гоо сайхан/ариун цэвэр,D
"Avene Нарны Тос, Үнэргүй, Флүд SPF 50+/ 2702/ 50мл",Гоо сайхан/ариун цэвэр,D
"Avene Нарны тос, хүүхдийн цацлага SPF50, 200мл",Гоо сайхан/ариун цэвэр,D
Avene Халуун Рашаан 3124 150мл,Гоо сайхан/ариун цэвэр,D
Avene Халуун Рашаан 3131 300мл,Гоо сайхан/ариун цэвэр,D
Avene Халуун Рашаан 8305 50мл,Гоо сайхан/ариун цэвэр,D
"Avene хүүхдийн нарны тос50+, 100мл",Гоо сайхан/ариун цэвэр,D
B&B  хувцас ангижруулагч 2100мл /8531/,Гоо сайхан/ариун цэвэр,D
B&B Baby угж болон аяга таваг угаагч 600мл /2486/,Бусад,D
B&B Baby хүүхдийн чих болон хамар цэвэрлэгч 200ш,Гоо сайхан/ариун цэвэр,D
B&B саван 200гр,Гоо сайхан/ариун цэвэр,D
B&B толбо арилгагч 500гр,Бусад,D
B&B угж болон аяга таваг угаагч 500мл,Бусад,D
B&B хувцас зайлагч Softener Bottle 1500мл,Бусад,D
B&B хувцас зайлагч Softener Bottle 2100мл,Бусад,D
B&B хүүхдийн сойз 3-5нас,Эмнэлгийн хэрэгсэл,D
B&B хүүхдийн сойз 5+ нас,Эмнэлгийн хэрэгсэл,D
B&B хүүхдийн сойз 6-24сар,Эмнэлгийн хэрэгсэл,D
B&B шингэн вок Laundry Bottle 1500мл,Бусад,D
B&B шингэн вок Laundry Bottle 2100мл,Бусад,D
Baby bio алим лийр коконат 90гр 6+,Бусад,D
Baby bio гадилтай овъёосны тараг  90гр 6+,Бусад,D
Baby bio үр тариа жүрж 220гр 6+,Бусад,D
Baby Gentle Wash Зөөлөн шингэн саван 400мл N1 /Sebamed/,Гоо сайхан/ариун цэвэр,D
Baby Lab нойтон салфетка 100 ш,Гоо сайхан/ариун цэвэр,D
Baby Lab нойтон салфетка 40 ш,Гоо сайхан/ариун цэвэр,D
Baby Lab хүүхдийн живх L 20 ш/Өмсдөг/,Эмнэлгийн хэрэгсэл,D
Baby Lab хүүхдийн живх L 36 ш /Наадаг/,Эмнэлгийн хэрэгсэл,D
Baby Lab хүүхдийн живх L 54 ш/Өмсдөг/,Эмнэлгийн хэрэгсэл,D
Baby Lab хүүхдийн живх M 40 ш /Наадаг/,Эмнэлгийн хэрэгсэл,D
Baby Lab хүүхдийн живх M 60ш /өмсдөг/,Эмнэлгийн хэрэгсэл,D
Baby lab хүүхдийн живх M 74ш/наадаг/,Эмнэлгийн хэрэгсэл,D
Baby Lab хүүхдийн живх NB 52 ш /хүйн хамгаал наадаг/,Эмнэлгийн хэрэгсэл,D
Baby Lab хүүхдийн живх S 48 ш /Наадаг/,Эмнэлгийн хэрэгсэл,D
Baby lab хүүхдийн живх S 90ш/наадаг/,Эмнэлгийн хэрэгсэл,D
Baby Lab хүүхдийн живх XL 18 ш /Өмсдөг/,Эмнэлгийн хэрэгсэл,D
Baby Lab хүүхдийн живх XL 32 ш /Наадаг/,Эмнэлгийн хэрэгсэл,D
Baby Lab хүүхдийн живх XL 48 ш /Өмсдөг/,Эмнэлгийн хэрэгсэл,D
Baby lab хүүхдийн живх XL 60ш/наадаг/,Эмнэлгийн хэрэгсэл,D
Baby Lab хүүхдийн живх XXL 16 ш /Өмсдөг/,Эмнэлгийн хэрэгсэл,D
Baby Lab хүүхдийн живх XXL 42 ш /Өмсдөг/,Эмнэлгийн хэрэгсэл,D
Baby Lab хүүхдийн живх XXXL 36ш /өмсдөг/,Эмнэлгийн хэрэгсэл,D
Baby sebamed protective facial cream 10 ml 1488951 /Sebamed - Mini Promotion/,Гоо сайхан/ариун цэвэр,D
Baby sebamed Алое агуулсан нойтон салфетка /Wipes with Aloe Vera_72 unit/,Гоо сайхан/ариун цэвэр,D
Baby sebamed Биеийн тос /Body Lotion_200ml/,Гоо сайхан/ариун цэвэр,D
Baby Sebamed ванны хөөс /baby bubble bath_500мл/,Гоо сайхан/ариун цэвэр,D
Baby sebamed Живхний нуралтын тос /Diaper Rash Cream_100ml/,Эмнэлгийн хэрэгсэл,D
Baby sebamed Зөөлөн шингэн саван  /Gentle Wash_200ml/,Гоо сайхан/ариун цэвэр,D
"Baby sebamed Нүүр, биеийн хөөсөн саван /Face & Body Wash Foam_400ml/",Гоо сайхан/ариун цэвэр,D
Baby sebamed Нүүрний тос /Extra soft cream _50ml/,Гоо сайхан/ариун цэвэр,D
Baby sebamed Нүүрний хамгаалалтын тос /Protective Facial Cream_50ml/,Гоо сайхан/ариун цэвэр,D
Baby sebamed Пантенол агуулсан нойтон салфетка  /Wipes with Panthenol_72unit/,Гоо сайхан/ариун цэвэр,D
Baby sebamed Сүүн шингэн /Body Milk_200ml/,Гоо сайхан/ариун цэвэр,D
Baby sebamed Үсний шампунь /Shampoo_150ml/,Гоо сайхан/ариун цэвэр,D
Baby sebamed Үсний шампунь /Shampoo_250ml/,Гоо сайхан/ариун цэвэр,D
Baby sebamed Хүүхдийн тальк / Powder_100gr/,Гоо сайхан/ариун цэвэр,D
Baby sebamed Шингэн тос /Skin Care Oil_150ml/,Гоо сайхан/ариун цэвэр,D
Babybio 3н төрлийн жимстэй  каш 6+сар 220гр,Бусад,D
Babybio Caprea 1 хүүхдийн сүү 0-6 сар 400гр,Бусад,D
babybio caprea харшилтай хүүхдэд ямааны сүү 800гр,Бусад,D
babybio caprea ямааны сүү №2 6-12 сар 800гр,Бусад,D
babybio caprea ямааны сүү №3 10 сараас 3 нас  800гр,Бусад,D
Babybio Optima 1 хүүхдийн сүү пребиотиктой 0-6 сар 400гр,Бусад,D
Babybio Optima 2 хүүхдийн сүү пребиотиктой 6-12 сар 400гр,Бусад,D
Babybio Optima 3 хүүхдийн сүү пребиотиктой 10 сар - 3 нас 800гр,Бусад,D
Babybio Optima 3 хүүхдийн сүү пребиотиктой 400гр 10сар-3нас,Бусад,D
Babybio алим бөөрөлзгөнөтэй нухаш 90гр 6+сар,Бусад,D
Babybio алим гүзээлзгэнэтэй коконатын тараг 130гр 6+сар,Бусад,D
Babybio алим гүзээлзгэнэтэй нухаш 4+ 130гр,Бусад,D
Babybio алим инжир жимсний нухаш 90гр 6+сар /0185 /,Бусад,D
"Babybio алим нэрс,гүзээлзгэнэтэй нухаш 90гр 6+ сар",Бусад,D
Babybio алим хар чавгатай нухаш 90гр 6+сар,Бусад,D
"Babybio алим, гүзээлзгэнэ, ванилтай нухаш 90гр 6+сар",Бусад,D
"Babybio алим, лиир, тоор жимсний нухаш 90гр 6+ сар",Бусад,D
"Babybio алим, чангаанз, гадилтай нухаш 90гр 6+сар",Бусад,D
Babybio вандуйтай нухаш 6+ 130гр,Бусад,D
Babybio Ваниллатай Будааны каш 6+сар 220гр,Бусад,D
Babybio гадил нэрстэй овьёосны тараг 130гр 6+ сар,Бусад,D
Babybio жигнэмэг 8+сар 120гр N1,Хүнс,D
Babybio жимсний цуглуулга 6+ 130гр,Бусад,D
Babybio Жүрж Гадил Алимтай нухаш 90гр 6+сар,Бусад,D
BabyBio какаотай каш 8+ 220гр,Бусад,D
"Babybio Киви, манго, коконутын сүүтэй нухаш 6+сар 90гр N1",Бусад,D
"Babybio лийр, банана, шар будаатай 90гр 6+сар",Бусад,D
"Babybio Оптима №1 пребиотиктой 800гр хүүхдийн сүү, 0-6 сар",Бусад,D
Babybio Оптима №2 FOS GOS 800гр Хүүхдий сүү,Бусад,D
Babybio Примеа №1 DHA 800гр Хүүхдий сүү,Бусад,D
Babybio Примеа №2 DHA 800гр Хүүхдий сүү,Бусад,D
Babybio Примеа №3 DHA 800гр Хүүхдий сүү,Бусад,D
"Babybio тахианы мах, будааны зутан 200гр 6+сар /0027/",Бусад,D
Babybio хөх тариатай  каш  8+сар 220гр,Бусад,D
Babybio хүнсний ногооны зутан 200гр 8+сар /0553/,Бусад,D
Babybio эрдэнэ-шишийн нухаш 6+ 130гр,Бусад,D
Basalin cartridge sample,Бусад,D
Basalin Prefilled inj sample,Бусад,D
"BASU байгалийн эрдэст ус 0,5л /6416/",Бусад,D
BB Kitty Lotion issue №40 /QUANZHOU SUN CARE/,Бусад,D
BB Kitty Lotion tissue №40 бэлэг,Бусад,D
BB Kitty хүүхдийн шампунь эрэгтэй /1204/,Гоо сайхан/ариун цэвэр,D
BB Kitty цүнхний нойтон салфетка /1600/,Гоо сайхан/ариун цэвэр,D
BD тариур 10мл түгжээтэй 300912 N100 /Becton/,Эмнэлгийн хэрэгсэл,D
BD тариур 20мл түгжээтэй 300629 N100 /Becton/,Эмнэлгийн хэрэгсэл,D
Bean(Primo Arabica/importation)1kg 101001012 /ANNHOUSE/,Бусад,D
Bella ideale Regular 10ш,Бусад,D
Bella panty soft A50+10,Бусад,D
Best-bb гэрэлтэй чих ухагч,Бусад,D
Best-bb гэрэлтэй чих ухагч ягаан №1,Бусад,D
Best-bb хумсны хутга цэнхэр 0+ сар,Бусад,D
Best-bb хумсны хутга ягаан 0+ сар,Бусад,D
Beute God aqua rose гарын тос 50мл /9410/,Гоо сайхан/ариун цэвэр,D
Beute God Bio-collagen шингээгч маск /9472/,Нэмэлт/уламжлалт,D
Beute God Bioten үс уналтын эсрэг ангижруулагч 200мл /9496/,Гоо сайхан/ариун цэвэр,D
Beute God Bioten үс уналтын эсрэг ангижруулагч 600мл /9434/,Гоо сайхан/ариун цэвэр,D
Beute God Bioten үс уналтын эсрэг багц 600мл /9540/,Бусад,D
Beute God Bioten үс уналтын эсрэг маск /9458/,Бусад,D
Beute God Bioten үс уналтын эсрэг маск 200мл /9502/,Бусад,D
Beute God Bioten үс уналтын эсрэг серум /9441/,Гоо сайхан/ариун цэвэр,D
Beute God Bioten үс уналтын эсрэг шампунь 200мл /9489/,Гоо сайхан/ариун цэвэр,D
Beute God Bioten үс уналтын эсрэг шампунь 600мл /9427/,Гоо сайхан/ариун цэвэр,D
Beute God PDRN бүүстэр мист 150мл /9557/,Бусад,D
Beute God гидрогельтэй гүн чийгшүүлэх нүүрний маск /9236/,Гоо сайхан/ариун цэвэр,D
"Beute God гялалзуулан, чийгшүүлэх тосон нүүр цэвэрлэгч 200мл",Гоо сайхан/ариун цэвэр,D
Beute God Коллегантай унтлагын маск 20ш /9038/,Бусад,D
Beute God мицеллар нүүр цэвэрлэгч 500мл /9151/,Гоо сайхан/ариун цэвэр,D
Beute God нүүр цэвэрлэх хөөс 150мл /9137/,Бусад,D
Beute God нүүрний будаг арилгагч balm 95гр /9526/,Бусад,D
Beute God чийгшүүлэгчтэй SPF50+ нарны тос 50мл /9045/,Бусад,D
Beute God чийгшүүлэх мист 150мл,Бусад,D
Beute God чийгшүүлэх мист 50мл,Бусад,D
Beute God чийгшүүлэх тонер 150мл /9168/,Гоо сайхан/ариун цэвэр,D
Bewants cica collagen calming pad 10ш /5260/,Нэмэлт/уламжлалт,D
Bewants cica collagen calming pad 60ш /5178/,Нэмэлт/уламжлалт,D
"Bewants cica collagen арьс өргөх тос, өргөн роллэртой /4300/",Нэмэлт/уламжлалт,D
"Bewants арьс цайруулах, глутатионтой толбо арилгах патч /5291/",Бусад,D
Bewants далайн замагтай хуулдаг жел маск /5864/,Бусад,D
Bewants коллаген агуулсан зовхины серум маск /3808/,Нэмэлт/уламжлалт,D
Bewants пептид коллаген бүүстлэх нүдний серум роллэр /5949/,Нэмэлт/уламжлалт,D
Bewants фито коллаген агуулсан нүдний серум роллэр /5246/,Нэмэлт/уламжлалт,D
BF а/ц хэрэглэл maxi big saver №12 /8634/,Бусад,D
BF ац/х maxi big saver №6 /6053/,Бусад,D
BF ац/х maxi cottony L №9 /3806/,Бусад,D
BF ац/х maxi cottony R №10 /8821/,Бусад,D
BF ац/х maxi nights №8 /8852/,Бусад,D
BF ац/х pantyliner №20 /8845/,Эмнэлгийн хэрэгсэл,D
BF ац/х teens охидын 290mm №8 /8115/,Бусад,D
BF ац/х tweens охидын 245mm №8 /8122/,Бусад,D
BF ац/х ultra thin L №8 /3974/,Бусад,D
BF ац/х ultra thin R №10 /8838/,Бусад,D
BIANCOPLUS Whipping cream 1L*12EA/box 501015008 /ANNHOUSE/,Бусад,D
Biobor витамин с жүрж жимстэй /2496/,Бусад,D
Biobor лютэйн нэрс жимстэй цэлцэгнүүр /2434/,Бусад,D
Biobor төмөр интоор жимстэй /0584/,Бусад,D
BIOHEAL BOH PANTHECELL™ Repair Cica кремийн агууламжтай мист (120 мл)/6700/,Бусад,D
BIOHEAL BOH PROBIODERM™ Collagen Remodeling Serum Gel Mask 1ea,Нэмэлт/уламжлалт,D
Biomed Toothbrush black set -цогц багц шүдний сойз N3 /8413/,Эмнэлгийн хэрэгсэл,D
Biomed Toothbrush black set-цогц багц шүдний сойз N3 /5573/,Эмнэлгийн хэрэгсэл,D
Biomed Toothbrush black-цогц шүдний сойз /0479/,Эмнэлгийн хэрэгсэл,D
Biomed Toothbrush mineral hard -цогц шүдний сойз /1919/,Эмнэлгийн хэрэгсэл,D
Biomed Toothbrush pink salt - шүдний сойз N2 /7157/,Эмнэлгийн хэрэгсэл,D
Biomed Toothbrush silver -цогц шүдний сойз /0509/,Эмнэлгийн хэрэгсэл,D
Biotin 500мкг  №45 /0222/,Бусад,D
Black Tea Latte Powder 1kg*12ea/Box 101003020 /ANNHOUSE/,Бусад,D
Blitex нүүр цэвэрлэх пад №55,Бусад,D
Blue cat нүүрний хөвөн №1000,Бусад,D
Blue cat нүүрний хөвөн №222,Бусад,D
Blue cat нүүрний хөвөн №25+150ш,Бусад,D
Blue cat чихний хөвөн №200,Бусад,D
Blue Curacao Syrup 1883 1000ml 201002045 /ANNHOUSE/,Бусад,D
Blueberry base 2kg,Бусад,D
Borjomi can 330ml /1810/,Бусад,D
Borjomi Can Lemonade Citrus 330ml /3081/,Бусад,D
Borjomi Can Lemonade Mandarine 330ml /3043/,Бусад,D
Borjomi Can Lemonade Pear 330ml /3067/,Бусад,D
Borjomi Can Lemonade Tarragone 330ml /3104/,Бусад,D
Borjomi glass citrus 330ml /3081/,Бусад,D
Borjomi pet bottle 500ml /1353/,Бусад,D
Borjomi pet bottle 750ml /1414/,Бусад,D
BRING GREEN Cera Healer нөхөн сэргээх серум 25мл /8334/,Гоо сайхан/ариун цэвэр,D
BRING GREEN Hyaljet арьсны уян хатан байдлыг нэмэгдүүлэх серум 25мл /7726/,Гоо сайхан/ариун цэвэр,D
BRING GREEN Hyalu Fresh маск (10ш)/7656/,Бусад,D
BRING GREEN Toning Vita 20% цайруулах серум 25мл /7740/,Гоо сайхан/ариун цэвэр,D
BRING GREEN Zinc Teca батганы эсрэг серум 25мл /7818/,Гоо сайхан/ариун цэвэр,D
BRING GREEN Алоэ Fresh аяган маск 8г /6533/,Бусад,D
BRING GREEN Алоэтай  тайвшруулах Fresh маск (10ш)/2750/,Бусад,D
BRING GREEN Артемисиа Fresh аяган маск 8г /1927/,Бусад,D
BRING GREEN Артемисиа тайвшруулах Fresh маск (10ш)/7113/,Бусад,D
BRING GREEN Артемисиа тослог шингээх цаас 70ш /6317/,Бусад,D
BRING GREEN Лууван Vita чийгшүүлж гэрэлтүүлэгч Fresh маск (10ш)/2781/,Бусад,D
BRING GREEN Нүүрсний Fresh аяган маск 8г /6526/,Бусад,D
BRING GREEN Овьёос йогурт Fresh аяган маск 8г /2498/,Бусад,D
BRING GREEN Супер Лимон Глутатион Fresh маск (10ш)/6529/,Бусад,D
BRING GREEN Супер Лимон Глутатион нойрны маск 100мл сет /7702/,Эмнэлгийн хэрэгсэл,D
BRING GREEN Супер Лимон Глутатион нүдний тос 30мл давхар сет /8464/,Эмнэлгийн хэрэгсэл,D
BRING GREEN Супер Лимон Глутатион тонер падын запас сет N90 /6390/,Эмнэлгийн хэрэгсэл,D
BRING GREEN Супер Лимон Глутатион цайруулах серум 50мл сет /6383/,Эмнэлгийн хэрэгсэл,D
BRING GREEN Төмсний Fresh аяган маск 8г /6540/,Бусад,D
BRING GREEN Хар сахар Fresh аяган маск 8г /6557/,Бусад,D
BRING GREEN Хулсан Fresh аяган маск 8г /6519/,Бусад,D
BRING GREEN Хулсан Hyalu уруулын эссенс/5294/,Бусад,D
BRING GREEN Хулсан нүүрсний агууламжтай Fresh маск (10ш)/2811/,Бусад,D
BRING GREEN Цайны мод & Сика гүн цэвэрлэгч хөөс 120мл /7443/,Гоо сайхан/ариун цэвэр,D
BRING GREEN Цайны мод & Сика тайвшруулах маск (10ш)/2699/,Бусад,D
BRING GREEN Цайны мод & Сика тайвшруулах тос+ 100мл /6347/,Бусад,D
BRING GREEN Цайны мод & Сика хамрын нүх агшаах патч N50 /5308/,Бусад,D
BRING GREEN Цайны мод & Сика цэвэрлэгч хөөс 300мл /9348/,Гоо сайхан/ариун цэвэр,D
BRING GREEN Цайны мод Fresh аяган маск 8г /6502/,Бусад,D
BRING GREEN Ягаан Алоэ 96% тай тайвшруулах гель 300мл /5154/,Бусад,D
BRINGGEEN Fresh Mask Sheet Bamboo Hyalu 1ea,Бусад,D
BRINGGREEN Carrot Vita Fresh Mask 1ea,Бусад,D
BRINGGREEN Fresh Mask Sheet Artemisia Calming EX 1ea,Бусад,D
BRINGGREEN SUPER LEMON GLUTATHIONE FRESH MASK 1ea,Бусад,D
BRINGGREEN Tea Tree CIca Fresh Mask 1ea,Бусад,D
Brushbaby 0-2 нас шүдний оо 50мл,Бусад,D
Brushbaby 3-6 нас tutti Fruiti шүдний оо 50мл \0143\,Бусад,D
Brushbaby Bobie шүдний хос сойз зөөлөн үстэй 0-3нас,Эмнэлгийн хэрэгсэл,D
Brushbaby Bobie шүдний хос сойз зөөлөн үстэй 3-6нас,Эмнэлгийн хэрэгсэл,D
Brushbaby анхны сүүн шүдний сойз иж бүрдэл 0-18 сар,Эмнэлгийн хэрэгсэл,D
Brushbaby гүзээлзгэнэтэй шүдний оо юникорн 3+нас /2918/,Бусад,D
Brushbaby шүдний сойз 6+ нас,Эмнэлгийн хэрэгсэл,D
Brushbaby шүдний хос сойз зөөлөн үстэй 3-6нас,Эмнэлгийн хэрэгсэл,D
Bubble tea straws(individual packing 12*25mm)200ea 101007114 /ANNHOUSE/,Бусад,D
Bubbly алимны амттай хийжүүлсэн ус 450мл /2872/,Бусад,D
Bubbly тоорын амттай хийжүүлсэн ус 450мл /2889/,Бусад,D
Bubbly усан үзмийн амттай хийжүүлсэн ус 450мл /2896/,Бусад,D
Buff энержи power classic 500мл,Бусад,D
Buff энержи тоор 500мл,Бусад,D
Buff энержи үзээлзгэнэ 500мл,Бусад,D
Buzz away шумуулны цацлага 50мл /7093/,Эм,E
Cantabile Sample Product /Mega MGC/,Бусад,D
Caramel syrup 750ml 101002044 /ANNHOUSE/,Бусад,D
Careplus Glutathione цайруулах микро-dot наалт 24ш/3048/,Эмнэлгийн хэрэгсэл,D
Careplus Glutathione цайруулах микро-dot наалт өргөн 4ш (+ Glutathione цайруулах микро-dot наалт 8ш),Эмнэлгийн хэрэгсэл,D
Careplus Retinal Pore микро-dot наалт 4ш/7198/,Эмнэлгийн хэрэгсэл,D
Careplus Scar Cover Spot Patch 102ш (Renewal 2503)/3093/,Бусад,D
Careplus Scar Cover Spot Patch Slim 112ш/77/,Бусад,D
Careplus Scar Cover өргөн наалт 12ш (AD 2504)/1131/,Эмнэлгийн хэрэгсэл,D
Careplus Zinc Trouble микро-dot наалт 12ш/3031/,Эмнэлгийн хэрэгсэл,D
Careplus Zinc Trouble микро-dot наалт 24ш/3024/,Эмнэлгийн хэрэгсэл,D
Careplus Zinc Trouble микро-dot наалт өргөн 4ш (+ Zinc Trouble микро-dot наалт 8ш)/3277/,Эмнэлгийн хэрэгсэл,D
"Careplus Батга хатаах, арьс тайвшруулах наалт 96ш (AD 2503)/3154/",Эмнэлгийн хэрэгсэл,D
"Careplus Батга хатаах, арьс тайвшруулах өргөн наалт 56ш/0053/",Эмнэлгийн хэрэгсэл,D
Careplus Унталгын хамрын наалт тайвшруулах/0046/,Эмнэлгийн хэрэгсэл,D
Careplus Хөл тайвшруулах наалт/6152/,Эмнэлгийн хэрэгсэл,D
Cefadroxil Monohydrate W.S,Эм,V
Cetaphil  цайруулах чийгшүүлэх шөнийн тос 50гр /1518/,Бусад,D
Cetaphil baby хүүхдийн лосьон 3316 400гр,Гоо сайхан/ариун цэвэр,D
"Cetaphil baby хүүхдийн шампунь, биеийн саван  /3293/ 230мл",Гоо сайхан/ариун цэвэр,D
Cetaphil DAM  /1693/ 30мг,Бусад,D
Cetaphil moisturizing- эмзэг хуурай арьс цэвэрлэгч 60мл,Гоо сайхан/ариун цэвэр,D
Cetaphil SPF50 нарны тос 50 мл /3192/,Бусад,D
Cetaphil Гүн чийгшүүлэх нөхөн сэргээх шөнийн тос 50мл /5011/,Бусад,D
Cetaphil Гүн чийгшүүлэх өдрийн тос 50мл /5004/,Бусад,D
Cetaphil зөөлөн цэвэрлэгч /1648/ 125мл,Гоо сайхан/ариун цэвэр,D
Cetaphil зөөлөн цэвэрлэгч /2997/ 250мл,Гоо сайхан/ариун цэвэр,D
Cetaphil Өдөр тутмын гуужуулагчтай зөөлөн угаагч 178мл /4030/,Гоо сайхан/ариун цэвэр,D
"Cetaphil тослог, холимог арьсны угаагч 60мл",Бусад,D
Cetaphil цайруулах чийг нүүрний зөөлөн цэвэрлэгч100гр /1556/,Гоо сайхан/ариун цэвэр,D
Cetaphil цайруулах чийг өдрийн тос SFP15 50гр /1549/,Бусад,D
Cetaphil цайруулах чийгшүүлэх тонер 150мл /1525/,Гоо сайхан/ариун цэвэр,D
Cetaphil чийгшүүлэх лосион  /3000/ 100мл,Бусад,D
Cetaphil чийгшүүлэх лосион /3406/ 500мл,Бусад,D
Cetaphil чийгшүүлэх тос /1716/ 80гр,Бусад,D
Cetaphil чийгшүүлэх тос /4083/ 250мг,Бусад,D
Cetaphil чийгшүүлэх тос 80гр,Бусад,D
"Cetaphil чийгшүүлэх тос эмзэг хуурай, харшилтай арьс /5196/ 450мг",Бусад,D
"Cetaphil эмзэг, хуурай, харшилтай арьсны чийгшүүлэх лосьон 60мл",Гоо сайхан/ариун цэвэр,D
Cherokee DK615 NYPS - S,Бусад,D
Cherokee WW012 NAV L,Бусад,D
Cherokee WW012 NAV M,Бусад,D
Cherokee WW105 CIE XL,Бусад,D
Cherokee WW105 NAV L,Бусад,D
Cherokee WW105 PWT XS,Бусад,D
Cherokee WW601 PWT XS,Бусад,D
Choco Powder 800g 101003005 /ANNHOUSE/,Бусад,D
Chocolate Macaron 50g /Mega MGC/,Бусад,D
Clear 0-2 насны шүдний сойз /3193/,Эмнэлгийн хэрэгсэл,D
Clear dental шүд сойз 3-6 нас шинэ /3179/,Эмнэлгийн хэрэгсэл,D
Clear dental шүд сойз6-12 нас шинэ /3186/,Эмнэлгийн хэрэгсэл,D
CLEAR Dentfine хэл цэвэрлэгч /4046/,Гоо сайхан/ариун цэвэр,D
Clear Smart in завсар цэвэрлэгч M-L  30ш /1448/,Гоо сайхан/ариун цэвэр,D
Clear Smart in завсар цэвэрлэгч SS-M 30ш /1196/,Гоо сайхан/ариун цэвэр,D
Clear water Large Усны хамгаалалттай наалт N8 /Тун-Эрдэнэ/,Эмнэлгийн хэрэгсэл,D
Cleverin cтик цэнэглэгч N6,Бусад,D
COFORLIN шаантны дотор ялтас зүүн тал LCP 116mm*5 №1 549209 /JUST MEDICAL/,Эмнэлгийн хэрэгсэл,D
COFORLIN шаантны дээд ялтас баруун тал LCP 116mm*5 №1 549210 /JUST MEDICAL/,Бусад,D
Collagen beauty formula капсул №90 /Natures Aid/,Нэмэлт/уламжлалт,D
Condensed sweetened milk 500g 201002038 /ANNHOUSE/,Бусад,D
"Condition шинг /тархи, ходоодны ундаа/ 100мл N1",Хүнс,D
Cookie Base 850g 101003016 /ANNHOUSE/,Бусад,D
Cookie crumbs 800g 201012090 /ANNHOUSE/,Бусад,D
Core Жирэм/тест HCG Pregnancy test strip эмн/х N1,Эмнэлгийн хэрэгсэл,D
Core Жирэм/тест HGC Pregnancy test/midstream/ эмн/х N1,Эмнэлгийн хэрэгсэл,D
Core Жирэм/тест эмн/х Оvulation test N5,Эмнэлгийн хэрэгсэл,D
Corega  Буйл хамгаалах хиймэл шүд бэхлэх түрхлэг 40гр\ 4375\,Бусад,D
Corega Max Hold энгийн хиймэл шүд бэхлэх түрхлэг 40гр /8296/,Бусад,D
Corega Гааны амттай хиймэл шүд бэхлэх түрхлэг 70гр \6857\,Бусад,D
Corega гаатай 40гр,Бусад,D
"Corega защита /хиймэл шүд бэхлэх түрхлэг,буйл хамгаална 40гр /8035/",Бусад,D
Corega освежаюший вкус 40гр\ 1685\,Бусад,D
Corega түрхлэг энгийн 20гр,Бусад,D
Corega Хиймэл шүдний уус/шх /Corega tabs bioformula/ N30,Бусад,D
Corega Энгийн хиймэл шүд бэхлэх түрхлэг 40гр \1661\,Бусад,D
Cosakondrin Complex Gel /Orzax/ №1,Бусад,D
Create Шүдний утас хар өнгөтэй вакстай минт үнэртэй 50м /0663/,Бусад,D
Crepe bandage 5cm*4.5meter N1 Хятад,Эмнэлгийн хэрэгсэл,D
Croque Monsieur,Бусад,D
Cumlaude lab 3+ насны охидын угаагч гель 250мл /7605/,Бусад,D
Cumlaude lab MD тосон түрхлэг Mucus lube 30мл 7407,Эм,E
Cumlaude lab MD Үрэвслийн эсрэг лаа 10ш 4309,Эм,E
"Cumlaude lab MD Үтрээ чийгшүүлэх гель, соруултай 30мл 1204",Бусад,D
"Cumlaude lab MD Үтрээ чийгшүүлэх гель, тусдаа савалгаатай 6000",Бусад,D
Cumlaude lab MD Үтрээний ашигтай бактер 10ш 4408,Бусад,D
Cumlaude lab wash өдөр тутмын угаагч гель 500ml /2205/,Бусад,D
Cumlaude lab WASH Цэвэршилтийн насныханд угаагч гель 200ml /7400/,Бусад,D
Cumlaude lab Өдөр тутмын угаагч гель 200мл 7202,Бусад,D
Cumlaude lab угаагч гель өдөр тутмын 200мл,Бусад,D
Cumlaude lab үтрээний гүн чийгшүүлэх лаа /8209/,Эм,E
Cumlaude lab халдвараас хамгаалах угаагч гель 200мл 7509,Бусад,D
Cumlaude lab Халдвараас хамгаалах угаагч хөөс 165мл 8408,Бусад,D
Cumlaude lab хөөсөн угаагч пребиотиктой 150мл,Бусад,D
Cumlaude lab Чийгшүүлэгч тосон угаагч 200мл 1005,Бусад,D
Cumlaude lab чийгшүүлэх спрэй 75мл,Бусад,D
Cumlaude lab чийгшүүлэх тос 3+ нас 30мл,Бусад,D
Cumlaude lab Чийгшүүлэх тос 30мл 1104,Бусад,D
"Cumlaude lab Чийгшүүлэх тос, арьсны харлалт цайруулах 30мл 6600",Бусад,D
"Cumlaude lab Чийгшүүлэх тос, халдвараас хамгаалах 30мл 4600",Бусад,D
"Cumlaude lab Чийгшүүлэх тос, хярзангийн урагдал, хагалгааны дараа 30мл 9204",Бусад,D
Cup holder 1 (for both 16oz/20oz) 1000pcs 101007184 /ANNHOUSE/,Эмнэлгийн хэрэгсэл,D
Curcumin Fast шинг N1,Бусад,D
Demisoda apple soda /8727/,Бусад,D
Demisoda peach soda /8710/,Бусад,D
Demisoda White grape /8734/,Бусад,D
DENITFINE ITOPICKS　101PCS /0618/,Бусад,D
DENITFINE шүдний утас 55ш /0700/,Бусад,D
"DENT FINE хүүхдийн сойз 1,5-6нас /2981/",Эмнэлгийн хэрэгсэл,D
DENTFINE хүүхдийн шүд цэвэрлэгч /1172/,Гоо сайхан/ариун цэвэр,D
DezentOX-A 50ml Gel /тоор/ 7107 N28,Бусад,D
DHC Ginkgo Biloba Extract Brain α N90,Бусад,D
Disposabl Spoon (white/individually wrapped/14.5cm)pak 201007170 /ANNHOUSE/,Бусад,D
Disposable fork (individually wrapped/white/plain) 100pcs 201007180 /ANNHOUSE/,Бусад,D
Disposable knife (individually wrapped / 100) 1pak 201007169 /ANNHOUSE/,Бусад,D
Doppelherz Kinder Omega 3 капс №45,Нэмэлт/уламжлалт,D
Dr.ato нойтон салфетка нүд болон нүүр 20ш,Гоо сайхан/ариун цэвэр,D
Dr.ato нойтон сальфетка 20ш,Бусад,D
Dr.Brown's Аяга снэйк улаан N1,Эм,E
Dr.Brown's Аяга Снэйк шар N1,Бусад,D
Dr.Brown's жимс иддэгч ягаан,Бусад,D
Dr.Brown's тоглоом заантай хаздаг N1,Бусад,D
Dr.Brown's тоглоом үнэг хаздаг N1,Бусад,D
Dr.Brown's Угжны силкон хөхөлт /0+ дээш сар / N2,Бусад,D
Dr.browns  хуурай сав цэнхэр N1,Бусад,D
Dr.Oral probiotic 7г №1,Нэмэлт/уламжлалт,D
Earl gray tea-bag 50g 201001016 /ANNHOUSE/,Бусад,D
Earth Placenta эхэс желли манго 1 сар /1210/,Бусад,D
Earth Placenta эхэс желли манго 7 хоног /1111/,Бусад,D
Earth Коллаген желли 1 сар /1418/,Нэмэлт/уламжлалт,D
Earth Коллаген желли 7 хоног /1319/,Нэмэлт/уламжлалт,D
EcoGuard  ялаа шумуул үргээгч бугуйвч +13 /4715/,Эм,E
EcoGuard  ялаа шумуул үргээгч бугуйвч +2 /4722/,Эм,E
Efervit sambucus nigra /Orzax/ №20,Бусад,D
Elevit stork Зөөлөн желатин капсул N30 /Байер Консьюмер/,Эм,E
Elis ариун цэврийн хэрэглэл 23см N23,Эмнэлгийн хэрэгсэл,D
Elis ариун цэврийн хэрэглэл 25см,Эмнэлгийн хэрэгсэл,D
Elis ариун цэврийн хэрэглэл 29см,Эмнэлгийн хэрэгсэл,D
Elis сүүн шигэнтэй ац/х 27см N16 /9918/,Бусад,D
Elis сүүн шингэнтэй ац/х 23см N20 /9901/,Гоо сайхан/ариун цэвэр,D
Elis сүүн шингэнтэй ац/х 36см N9 /9932/,Гоо сайхан/ариун цэвэр,D
Elis шинэчлэгдсэн compact guard night 36см 12ш,Бусад,D
Essenty Gift Card №1 /9980/,Бусад,D
Essenty Gift Card №2 /9979/,Бусад,D
Essenty Gift Card №3 /9978/,Бусад,D
F7D Hydro Collagen ампультай нүүр цэвэрлэгч пад N10 /0474/,Нэмэлт/уламжлалт,D
F7D Pore elixer нүүр цэвэрлэгч пад N10 /0498/,Гоо сайхан/ариун цэвэр,D
F7D Vita propolis ампультай нүүр цэвэрлэгч пад N10 /0481/,Эм,E
Farms Yogurt Blueberry 0.5l /4978/,Бусад,D
Farms Yogurt Grape 0.5l /4930/,Бусад,D
Farms Yogurt Original 0.5l /4572/,Бусад,D
Farms Yogurt Strawberry 0.5l /4695/,Бусад,D
Fast healing Гидроколиод наалт  N10 /Тун-Эрдэнэ/,Эмнэлгийн хэрэгсэл,D
Fast healing Гидроколиод наалт N16 /Тун-Эрдэнэ/,Эмнэлгийн хэрэгсэл,D
Food models /Honey bread/,Бусад,D
G-21 Ясны цемент нунт 41гр N1,Эмнэлгийн хэрэгсэл,D
GALVANINA Organic Orange 355ml 501014008 /ANNHOUSE/,Бусад,D
GALVANINA Organic RED GRAPEFRUIT 355ml 501014009 /ANNHOUSE/,Бусад,D
Geneskin Lift Baume-Үрчлээний эсрэг шөнийн тэжээлийн тос /0065/ 50мл,Бусад,D
Geomar бикини болон суганы илүүдэл үс авагч хуудсан вакс 20ш,Бусад,D
Geomar нүүрний илүүдэл үс авагч хуудсан вакс 20ш,Бусад,D
"Geomar хөл, гарын илүүдэл үс авагч хуудсан вакс 20ш",Бусад,D
Gerber 6+ milk blu bna 180 gr,Бусад,D
Gerber 6+ milk cer app rspb 180g,Бусад,D
Gerber 6+ milk Mcer bluRspb,Бусад,D
"Gerber 6M Apple Mango, 7x90g /9367/",Бусад,D
Gillette Blue3 Comfort /нэг удаагийн татуурга/ №4,Бусад,D
Gillette Original Foam 200ml,Бусад,D
Gocheck2 өндөг цоологч зүү 50ш /0567/,Эмнэлгийн хэрэгсэл,D
Gocheck2 сахар хэмжигч аппарат /2049/,Эмнэлгийн хэрэгсэл,D
Gocheck2 сахарын тестер 50ш /2056/,Эмнэлгийн хэрэгсэл,D
Gold Mango base 2kg 101002082 /Annhouse/,Бусад,D
Golden хоолойн хүлхмэл №12,Бусад,D
GOO.N Baby Wipe (55 x 3),Бусад,D
GOON PLUS Наадаг L размер N48,Бусад,D
GOON PLUS Наадаг L размер N54,Бусад,D
Goon plus наадаг NB 76ш,Бусад,D
GOON PLUS наадаг NB размер N36,Бусад,D
GOON PLUS Наадаг XL размер 38ш,Бусад,D
"GOON PLUS Өмсдөг, M-52 /3228/",Бусад,D
"Goon сальфетка ийна хуурай, хайрцагтай 150ш (5x10)",Бусад,D
Goon хуурай сальфетка 150ш уутай,Бусад,D
Green Grape Base 1.5L 101002034 /ANNHOUSE/,Бусад,D
Green tea latte powder 1KG*12EA 101003012 /ANNHOUSE/,Бусад,D
Green tea mint syrup 1000ml,Бусад,D
Green tea-bag 50g 201001017 /ANNHOUSE/,Бусад,D
"GROWUS Гэмтэлтэй үсний эмчилгээний мист, угаадаггүй /1404/",Гоо сайхан/ариун цэвэр,D
GROWUS Гэмтэлтэй үсний эмчилгээний угаадаггүй тэжээлийн тос /3538/,Гоо сайхан/ариун цэвэр,D
GROWUS Гэмтэлтэй үсний эмчилгээний шампунь 500мл /3521/,Гоо сайхан/ариун цэвэр,D
GROWUS Далайн давсны эмчилгээ /2210/,Бусад,D
GROWUS Далайн давстай эмчилгээний шампунь 500мл /3905/,Гоо сайхан/ариун цэвэр,D
GROWUS Эрдэс болон замаг хуйх чийгшүүлэх шампунь /1848/,Гоо сайхан/ариун цэвэр,D
"GROWUS Эрдэс болон замаг, угаадаггүй тэжээлийн тос /1923/",Бусад,D
GSH Глютатион тар/н 600мг N10,Эм,E
Gullon  mini twins жигнэмэг 100гр,Хүнс,D
Gullon cuor di cereal үр тариатай классик уламжлалт жигнэмэг 280гр,Хүнс,D
Gullon dibus мини какао 250гр,Бусад,D
Gullon digestive classic ислэгээр баялаг жигнэмэг классик 250гр,Хүнс,D
Gullon Duo жигнэмэг хавчуургатай T4823 165гр,Хүнс,D
Gullon hookies dragons хүүхдийн жигнэмэг 330гр,Хүнс,D
Gullon Hookies жигнэмэг глютенгүй  T6435 230гр,Хүнс,D
Gullon hookies жигнэмэг мини сереал /5953/,Хүнс,D
Gullon hookies жигнэмэг мини шаркис /5786/,Хүнс,D
Gullon Twins жигнэмэг сахаргүй T4701 210гр,Хүнс,D
Gullon амьтадтай хүүхдэд зориулсан жигнэмэг /Т4561/ 600гр,Хүнс,D
Gullon глутенгүй cookies жигнэмэг  200гр,Хүнс,D
Gullon жигнэмэг глютенгүй кракер 200гр /5017/,Хүнс,D
Gullon жигнэмэг глютенгүй хавчуургатай 225гр /1789/,Хүнс,D
Gullon жигнэмэг мини кракер киноа чиа үртэй /5946/,Хүнс,D
Gullon жигнэмэг сахаргүй 125гр,Хүнс,D
Gullon иогурт кремтэй жигнэмэг 220гр,Хүнс,D
Gullon ислэг digestive био органик жигэмнэг 170гр,Бусад,D
Gullon ислэгээр баялаг мьюсли 230гр,Бусад,D
Gullon ислэгээр баялаг сахаргүй жигнэмэг /T3973/ 170гр,Хүнс,D
Gullon мини микс холимог жигнэмэг /Т1319/ 350гр,Хүнс,D
Gullon момент тэгш өнцөгт хэлбэртэй хар шоколадтай жигнэмэг,Хүнс,D
Gullon овъёос жимстэй жигэмнэг 270гр,Бусад,D
Gullon сахаргүй digestive ислэгээр баялаг жигнэмэг 245гр,Хүнс,D
Gullon сахаргүй ваффли /T6013/ 180гр,Бусад,D
Gullon сахаргүй хар шоколадтай digestive жигнэмэг 270гр,Хүнс,D
Gullon чокобом жигнэмэг глютенгүй /5915/,Хүнс,D
Gullon чокобом жигнэмэг мини шоко чип /5922/,Хүнс,D
Gullon шоко чип глутенгүй нэмэлт сахаргүй жигнэмэг /7883/ 130гр,Хүнс,D
Gumi ам зайлагч хүүхдийн жимстэй 250мл/0390/,Бусад,D
Gumi шүдний оо 2-6 нас гүзээлзгэнэ 70гр /0413/,Бусад,D
Gumi шүдний оо 2-6 нас усан үзэм 70гр /0420/,Бусад,D
Gumi шүдний оо7-12 нас минт 70гр /0437/,Бусад,D
Gumi шүдний сойз  3-6 нас /0482/,Эмнэлгийн хэрэгсэл,D
Gumi шүдний сойз  7-12  нас /0475/,Эмнэлгийн хэрэгсэл,D
Gummies Vita Kids MV №60 /Зөөлөн зажилдаг/,Нэмэлт/уламжлалт,D
Gummies Vita Kids Vit C №60 /Зөөлөн зажилдаг/,Нэмэлт/уламжлалт,D
Gummy Multivitamin kids /Orzax/ №60,Нэмэлт/уламжлалт,D
Gummy Sambucus kids /Orzax/ №60,Нэмэлт/уламжлалт,D
Gutrol зөөлөн капсул №60 /Fortex Nutriceuticals/,Эм,E
Hakugen hers bathlabo банны давс 96ш,Бусад,D
Hakugen hers night банн давславандар 12ш,Бусад,D
Hakugen hers чийгшүүл банн давс 4 үнэр 12ш /2943/,Бусад,D
Hakugen hers чийгшүүл банн давс жимс 12ш /2998/,Бусад,D
Hakugen hers чийгшүүл банн давс цитрус 12ш,Бусад,D
HAKUGEN ICENON Халуун буулгах толгойн жин /0673/,Бусад,D
Hakugen IIYUU сүүн банны давс 96ш,Бусад,D
HAKUGEN KAITEKI маск жижиг 5ш /0290/,Бусад,D
HAKUGEN KAITEKI маск хүүхэд 5ш /0320/,Бусад,D
HAKUGEN KAITEKI маск цантахгүй 5ш /0375/,Бусад,D
HAKUGEN Нүдний шил амны хаалт 5ш /0351/,Эмнэлгийн хэрэгсэл,D
Hazelnut flavored syrup 1000ml 101002025 /ANNHOUSE/,Бусад,D
hello cotton хуурай сальфетика 150гр,Бусад,D
Hello салфетка хөвөн даавуун N30,Гоо сайхан/ариун цэвэр,D
Herbion Aloe Vera Shampoo 250мл,Гоо сайхан/ариун цэвэр,D
HERBION FOOT CARE CREAM 100ML,Бусад,D
Herbion Hand Cream 100мл,Гоо сайхан/ариун цэвэр,D
Herbion Olive Shampoo 250мл,Гоо сайхан/ариун цэвэр,D
HOLIKA 24K COLD Алттай хөгшрөлтийн эсрэг тонер Repair Toner 120ml,Гоо сайхан/ариун цэвэр,D
HOLIKA 24K COLD Алттай хөгшрөлтийн эсрэг тос Repair cream 55ml,Бусад,D
"HOLIKA ACNENATOR Батга, үрэвслийн эсрэг 23% цайны модны хандтай цэвэрлэгч хөөс 150ml",Гоо сайхан/ариун цэвэр,D
"HOLIKA ACNENATOR Батга, үрэвслийн эсрэг 80% цайны модны хандтай тос 50ml",Бусад,D
"HOLIKA ACNENATOR Батга, үрэвслийн эсрэг 90% цайны модны хандтай усан серум 100ml",Гоо сайхан/ариун цэвэр,D
HOLIKA BLACK SNAIL Хар эмгэн хумстай хөгшрөлтийн цэвэрлэгч хөөс 100ml,Гоо сайхан/ариун цэвэр,D
HOLIKA BLACK SNAIL Хар эмгэн хумстай хөгшрөлтийн эсрэг тонер 100ml,Гоо сайхан/ариун цэвэр,D
HOLIKA BLACK SNAIL Хар эмгэн хумстай хөгшрөлтийн эсрэг эмульс 160ml,Бусад,D
"HOLIKA CeraBarrier Улайлт, үрэвслийн эсрэг чийгшүүлэгч серум 120мл",Гоо сайхан/ариун цэвэр,D
"HOLIKA CeraBarrier Улайлт, үрэвслийн эсрэг чийгшүүлэгч тонер 200ml",Гоо сайхан/ариун цэвэр,D
"HOLIKA CeraBarrier улайлт, үрэвслийн эсрэг чийгшүүлэгч тос 50ml",Бусад,D
"HOLIKA CeraBarrier улайлт, үрэвслийн эсрэг чийгшүүлэгч эмульс 150ml",Бусад,D
HOLIKA GOLD KIWI+ VITA C  Цайруулах тонер 150ml,Гоо сайхан/ариун цэвэр,D
HOLIKA LESS on SKIN 10% Пантенолтой баланс тэнцвэржүүлэх веган тос 50ml,Бусад,D
HOLIKA LESS on SKIN 20% Пантенолтой баланс тэнцвэржүүлэх веган ампуль 30ml,Эм,E
HOLIKA LESS on SKIN 5% Пантенолтой баланс тэнцвэржүүлэх веган пад_100ш,Бусад,D
HOLIKA LESS on SKIN 5% Пантенолтой баланс тэнцвэржүүлэх веган тонер 150ml,Гоо сайхан/ариун цэвэр,D
HOLIKA LESS on SKIN 5% Пантенолтой баланс тэнцвэржүүлэх веган эмульс 150ml,Бусад,D
HOLIKA LESS on SKIN Ниацинамиадтай баланс тэнцвэржүүлэх веган тонер 170ml,Гоо сайхан/ариун цэвэр,D
HOLIKA SODA Нүхжилтийн эсрэг O2 хүчилтөрөгчтэй хөөсөн маск 100ml,Бусад,D
HOLIKA SODA Нүхжилтийн эсрэг тосон нүүр цэвэрлэгч 150ml,Гоо сайхан/ариун цэвэр,D
HOLIKA SODA Нүхжилтийн эсрэг цэвэрлэгч хөөс 150ml,Гоо сайхан/ариун цэвэр,D
HOLIKA Зүрхэн уруулын тинт Cuddly №08,Бусад,D
HOLIKA Нүдний тень Praline_1ш №36,Бусад,D
HOLIKA Нүүр будалтын суурь нарны тос SPF50+ Make Up Sun Cream 60ml,Гоо сайхан/ариун цэвэр,D
HOLIKA Уруулын бальзам Balm all day,Бусад,D
HOLIKA Уруулын гелэн өнгөлөгч Lip Gel,Бусад,D
HOLIKA Уруулын маск Lip Mask,Бусад,D
HOLIKA Уруулын тосон өнгөлөгч Glowy Lip Oil,Бусад,D
HOLIKA Цэцгийн үнэртэй гарын тос Blooming Perfumed 30gr,Гоо сайхан/ариун цэвэр,D
Honey 1kg 101002058 /ANNHOUSE/,Бусад,D
Honey Citron Tea 2kg 101001007 /ANNHOUSE/,Бусад,D
Honey Grapefruit base 2.2kg 101002018 /ANNHOUSE/,Бусад,D
Honey Lemon Tea 2kg 101001008 /ANNHOUSE/,Бусад,D
Honey Red Grapefruit 2kg 101001009 /ANNHOUSE/,Бусад,D
HYALCELL™ чийгшүүлэх маск/6024/,Бусад,D
Hydroton нунтаг №10 /Fortex/,Эм,E
Ice cups (20oz) 50ea*20pak/box 101007136 /ANNHOUSE/,Эмнэлгийн хэрэгсэл,D
Ice cups (24oz) 101007137 /ANNHOUSE/,Эмнэлгийн хэрэгсэл,D
Ice cups lids (16oz/20oz/24oz) 50ea*20pak 101007135 /ANNHOUSE/,Эмнэлгийн хэрэгсэл,D
Iced Tea peach 900g 101003014 /ANNHOUSE/,Бусад,D
Ideal for Men Better Tone өнгөгүй уруулын бальзам/2309/,Бусад,D
Ideal for Men Fresh All In One 150мл + 50мл сет/0591/,Бусад,D
Ideal for Men Perfect All In One Intensive Moisture 150мл + 30мл сет/348/,Бусад,D
Ideal for Men Perfect All In One Special сет/1239/,Бусад,D
Ideal for Men Perfect Cleansing All In One foam/7924/,Бусад,D
Ideal for Men Power Cooling After Shave Care сет/1307/,Бусад,D
Ideal for Men Power Cooling After Shave Water Lotion 150мл/9416/,Бусад,D
Ideal for Men Sun All In One 140мл/201/,Бусад,D
Ideal for Men Хамрын үс авагч/8673/,Бусад,D
"Ideal for Men Хөхний товч далдлагч наалт 12ш, 6 удаа хэрэглээ – Skin/285/",Эмнэлгийн хэрэгсэл,D
IDEAL Эрэгтэйчүүдийн хамрын үс авагч /1313/,Бусад,D
II үеийн шинэ коллаген proteo glycan & collagen /2050/,Нэмэлт/уламжлалт,D
ima эм бутлагч /босоо/ /гранд төгс ха/,Бусад,D
ima эм бутлагч /дөрвөлжин/ /гранд төгс ха/,Бусад,D
ima эм хуваагч /гранд төгс ха/,Бусад,D
ima эмийн сав өнгийн /гранд төгс ха/,Бусад,D
ima эмийн сав цагаан /гранд төгс ха/,Бусад,D
Immuno Vit D 500IU №30 /шахмал/,Эм,E
Impact mint kakao гүзээлзгэнэ амттай №70,Бусад,D
Impact mint kakao зөгийн бал гуатай №70,Бусад,D
Impact mint kakao сэнгэнсэн №70,Бусад,D
Impact mints  жүржтэй гаа 70 ш,Бусад,D
Impact mints  пепперминттэй гаа хавтгай 50ш,Бусад,D
Impact mints манго жимстэй гаа 70ш,Бусад,D
Impact mints тоор жимстэй гаа 70ш,Бусад,D
Impact mints тоортой гаа 70ш,Бусад,D
Impact mints фанк рок  гаа 70ш,Бусад,D
Impact mints хад жимстэй гаа 70ш,Бусад,D
Inno Oriental Raisin Water 500мл дис /1210/,Бусад,D
Iroha Rin цэнэглэдэг вибратор урт эм +21 /9963/,Бусад,D
Iroha VIBO цэнхэр  бөгжтэй вибратор +21 /3886/,Бусад,D
Iroha вибратор мушгиа ногоон эм +21 /6009/,Бусад,D
Iroha вибратор ногоон бондгор эм +21 /8410/,Бусад,D
Iroha вибротор хэрэгсэл цэвэрлэгч +21 /3279/,Гоо сайхан/ариун цэвэр,D
Iroha Эмэгтэй intimate салфетка /8133/,Гоо сайхан/ариун цэвэр,D
Iroha Эмэгтэй үтрээ угаагч fresh +21 /5668/,Бусад,D
Iroha Эмэгтэй үтрээ угаагч moist +21 /5651/,Бусад,D
Iroha Эмэгтэй үтрээ угаагч хөөс +21 /0830/,Бусад,D
Iroha Эмэгтэй үтрээ цэвэрлэгч мист +21 /4702/,Гоо сайхан/ариун цэвэр,D
Iroha Эмэгтэй үтрээ чийг лосьон +21 /3262/,Гоо сайхан/ариун цэвэр,D
Iroha Эмэгтэй үтрээ чийгшүүлэгч +21 /6461/,Бусад,D
Iroha Эмэгтэйчүүд үтрээ гель smooth +21 /0341/,Бусад,D
Iroha Эмэгтэйчүүд үтрээ чийг гель +21 /7563/,Бусад,D
Isis Aquaruboril- Эмзэг улайлттай арьсны мициллер ус /0454/ 400мл,Бусад,D
Isis Aquaruboril- Эмзэг улайлттай арьсны мициллер ус /7751/ 250мл,Бусад,D
Isis Aquaruboril-Эмзэг улайлттай арьсны мициллер ус  /9588/ 100мл,Бусад,D
"Isis GLYCO A FOAMER - Гуужуулагчтай, арьс цайруулах хөөсөн угаагч /0560/ 100мл",Гоо сайхан/ариун цэвэр,D
Isis GLYCO A MEDIUM Peeling-гуужуулагчтай шөнийн тос  /0867/,Гоо сайхан/ариун цэвэр,D
Isis GLYCO A POST Peeling -Тайвшруулах нөхөн сэргээх тос /0539/ 40мл,Бусад,D
Isis metrorubil AZ  - Ягаан батганы тос/0225/ 30мл,Бусад,D
Isis neotone Eyes - Гурвалсан/үйл зовхины тос 0393 15мл,Гоо сайхан/ариун цэвэр,D
Isis Neotone Gel- цайруулах гуужуулагчтай цэвэрлэгч/0010 150мл,Гоо сайхан/ариун цэвэр,D
Isis Neotone Gel-цайруулах гуужуулагчтай цэвэрлэгч гель /0003/ 40мл,Гоо сайхан/ариун цэвэр,D
"Isis neotone Radiance SPF50 - сэвхи , нөсөө өдрийн тос/ 3675/ 30мл",Бусад,D
"Isis neotone Serum- Cэвхи , нөсөө толбо арилгах шөнийн серум/0362 30мл",Гоо сайхан/ариун цэвэр,D
Isis RICH MOUSTURIZING RADIANCE CREAM /4327 40мл,Бусад,D
"Isis Ruboril Expert- Эмзэг хуурай , улайлтын эсрэг тос/0013/ 40мл",Бусад,D
Isis Ruboril Lotion- Эмзэг улайлттай арьсны цэвэрлэгч сүүн шингэн /9666 250мл,Гоо сайхан/ариун цэвэр,D
"Isis Ruboril Эмзэг хуурай , улайлтын арьсны цэвэрлэгч гель /1482/ 100мл",Гоо сайхан/ариун цэвэр,D
"Isis Secalia BALM - язралт,  нөхөн сэргээх тос /1645/ 200мл",Бусад,D
Isis secalia DS- Эмзэг хуурай арьсны тэжээлийн тос/1652/ 40мл,Бусад,D
Isis Secalia shower cream- Хуурай арьсны биеийн тосон угаагч/0423/ 200мл,Бусад,D
Isis Secalia shower cream- Хуурай арьсны биеийн тосон угаагч/9277/ 400мл,Бусад,D
"Isis Secalia ULTRA - Эмзэг хуурай арьс,эрчимтэй чийгшүүлэгч тос /9277/ 200мл",Бусад,D
Isis Secalia Ultra- Эмзэг хуурай арьсны 24н цагийн чийгшүүлэх тос /0478 400мл,Бусад,D
Isis Sensylia Aqua - Эмзэг хуурай арьсны мицелляр ус /0133/ 250мл,Гоо сайхан/ариун цэвэр,D
Isis Sensylia Aqua - Эмзэг хуурай арьсны мицелляр ус 0447 400мл,Гоо сайхан/ариун цэвэр,D
Isis Sensylia Gel- Эмзэг хуурай арьсын нүүрний цэвэрлэгч гель/ 0140 250мл,Гоо сайхан/ариун цэвэр,D
Isis Sensylia хуурай арьсны гүн чийгшүүлэх серум 1505 30мл,Гоо сайхан/ариун цэвэр,D
Isis Teenderm Alpa Pure- Үрэвсэлтэй батгатай арьсны гелин түрхлэг /5492/ 30мл,Бусад,D
Isis Teenderm aqua - Арьсны тослог тэнцвэржүүлэх мицелляр ус /0324/ 400мл,Гоо сайхан/ариун цэвэр,D
Isis Teenderm Aqua- Холимог арьсны цэвэрлэгч мицелляр ус/9700 100мл,Гоо сайхан/ариун цэвэр,D
Isis Teenderm Aqua-Тослог холимог арьсны мицелляр тоник /1112/ 250мл,Гоо сайхан/ариун цэвэр,D
Isis Teenderm Gel - Холимог арьсны гуужуулагчтай цэвэрлэгч гель/2510 40мл,Гоо сайхан/ариун цэвэр,D
Isis Teenderm Gel sensitiv- Эмзэг холимог арьсны гель цэв/5097 100мл,Бусад,D
Isis Teenderm Gel sensitive- Эмзэг холимог арьсны гель цэв/7704 250мл,Бусад,D
Isis Teenderm Hydra -Холимог арьсны гүн чийгшүүлэгч тос/7872 40мл,Бусад,D
Isis Teenderm- Холимог арьсны гуужуулагчтай цэвэрлэгч гель /1423/ 150мл,Гоо сайхан/ариун цэвэр,D
Isis Topicrem Батгатай арьсны чийгшүүлэх тос /2781 40мл,Бусад,D
"Isis Topicrem гүн хуурайшилт, эвэршилтийг эмчлэх тос/3290 200мл",Бусад,D
Isis Urelia 10 - Хэт хуурайшилттай арьсны зөөлрүүлэгч биеийн тос1621 150мл,Бусад,D
Isis Urelia 50 - Зузаарч хайржсан арьсны гуужуулагчтай тос/1799 40мл,Гоо сайхан/ариун цэвэр,D
Isis Urelia GEL- Хуйх болон биеийн чийгшүүлэгчтэй угаагч /1850 200мл,Бусад,D
Isis Uveblock Kids SPF50+  Эмзэг бүх төрлийн хүүхдийн нарны тос/0300 200мл,Бусад,D
Isis Uveblock SPF50+ Fluide- хуурай арьсны нарны тос/0508 40мл,Бусад,D
Isis Uveblock SPF50+ Hydra lotion - Бүх төрлийн эмзэг арьсны чийгшүүлэх нарны тос/9931 100мл,Бусад,D
Isis Uveblock SPF50+ SPRAY - Бүх төрлийн эмзэг арьсны шүршдэг нарны тос/0294 200мл,Бусад,D
Isispharma neotone aqua - Сэвхи нөсөөжилттэй арьсны цайруулах тоник / 0041 250мл,Бусад,D
Isispharma neotone body цайруулах тос 100мл /0386/,Бусад,D
Isispharma Ruboril цэвэрлэгч гель эмзэг улайлттай арьсны 40мл /1475/,Гоо сайхан/ариун цэвэр,D
isispharma scar spf 50+ сорвины тос 40мл,Бусад,D
Isispharma secalia ATO shower cream эрчимтэй чийгшүүлэх бие угаагч 200мл,Бусад,D
Isispharma secalia ATO shower cream эрчимтэй чийгшүүлэх бие угаагч 400мл,Бусад,D
Isispharma secalia эмзэг хуурай арьсны эрчимтэй чийгшүүлэгч тос 400мл,Бусад,D
Isispharma secalia Эрчимтэй чийгшүүлэх биеийн лосион 200мл /1116/,Бусад,D
Isispharma secalia эрчимтэй чийгшүүлэх биеийн лосион 400мл /1123/,Бусад,D
Isispharma secalia эрчимтэй чийгшүүлэх нүүрний тос 40мл /1109/,Гоо сайхан/ариун цэвэр,D
Isispharma socalia ATO 40ml /1161/,Бусад,D
isispharma Teenderm батганы түрхлэг 30мл,Бусад,D
Isispharma Teenderm Холимог арьсны чийгшүүлэгч тос 100мл /1369/,Бусад,D
Isispharma Uverblock нарны хамгаалалтын серум 28ml /1574/,Гоо сайхан/ариун цэвэр,D
isispharma Арьсны өнгө сэргээх мицелляр ус 400мл,Гоо сайхан/ариун цэвэр,D
Isispharma Эмзэг хуурай арьсны эрчимтэй чийгшүүлэгч тос 200ml /1093/,Бусад,D
IsisTeenderm K con- Асуудалтай арьсны оройн түрхлэг/8100 30мл,Бусад,D
IVY Bears Boost tan /Sample/,Бусад,D
IVY Bears Men's hair /Sample/,Бусад,D
IVY Bears Vibrant skin /Sample/,Бусад,D
IVY Bears Women's hair /Sample/,Бусад,D
Jacks brush шүд цэвэрлэгч10ps /6032/,Гоо сайхан/ариун цэвэр,D
JACKS шүд цэвэрлэгч 10ш /6025/,Гоо сайхан/ариун цэвэр,D
JACKS Шүд цэвэрлэгч10ш /6049/,Гоо сайхан/ариун цэвэр,D
Jacks Шүдний завсар сойз 60ш SSS-M /2056/,Эмнэлгийн хэрэгсэл,D
JACKS Шүдний сойз /8326/,Эмнэлгийн хэрэгсэл,D
JAJU Interdental brush-шүдний завсар цэвэрлэх 14ш SSS,Бусад,D
JAJU Interdental brush-Шүдний завсар цэвэрлэх 4ш SS,Бусад,D
Japlo 01394 Nane хүндрүүлэгчтэй угж 160мл N1,Бусад,D
Japlo 02050 Хөхний сүү шингээгч N24,Бусад,D
Japlo 02494 Тавга хоолны /2төрлийн том жижиг тасалгаатай/ N1,Бусад,D
JD Soft-Tampons №3 normal,Бусад,D
JINANKO шамбарамын тосон түрхлэг шинг N10,Эм,E
Jolly Pong 165g 201012084 /ANNHOUSE/,Бусад,D
JP gals Аожири лактоз бактертай 24ш /2051/,Бусад,D
JP Gals Аожирү жимстэй /1979/,Бусад,D
JPG Аожирү ногооны нунтаг 24ш /0118/,Эм,E
JPG Аожирү ногооны нунтаг 50ш /0149/,Эм,E
JPNM ашигтай бактеритай аожирү найруулж уудаг №24,Бусад,D
JPNM Глюкозамин пойнт нео,Нэмэлт/уламжлалт,D
JPNM Гүзээлзгэнэтэй цэлцгэнүүр №10,Бусад,D
JPNM Найруулж уудаг ногооны шүүс /хулсны хүүрстэй /,Хүнс,D
"JPNM Найруулж уудаг ногооны шүүс/ манго, гадил /",Хүнс,D
JPNM Ногооны цэлцгэнүүр,Бусад,D
JPNM Сүүн хүчлийн бактеритай цэлцгэнүүр,Бусад,D
JPNM Үе мөчний наалт 7ш,Эмнэлгийн хэрэгсэл,D
K-каб 50мг шахмал N30,Эм,E
KC Ma me ангижруулагч гэмтэл үс ягаан /2128/,Гоо сайхан/ариун цэвэр,D
KC Ma me ангижруулагчтай шампунь цэнхэр /2050/,Гоо сайхан/ариун цэвэр,D
KC Ma me биеийн саван 490мл /0335/,Гоо сайхан/ариун цэвэр,D
KC Ma me биеийн сүү /0512/,Бусад,D
KC Ma me шампунь гэмтэл үс ягаан /2111/,Гоо сайхан/ариун цэвэр,D
KC Ma me шампунь мини 80мл /2074/,Гоо сайхан/ариун цэвэр,D
KC Nerune солонгон бохь чихэр /7178/,Бусад,D
KC Nerune цэлцэгнүүрэн бөмбөг /6751/,Бусад,D
KC NVE бие саван алое шинэ /9525/,Гоо сайхан/ариун цэвэр,D
KC NVE бие саван тоор шинэ /9518/,Гоо сайхан/ариун цэвэр,D
KC NVE бие саван шавартай шинэ /9532/,Гоо сайхан/ариун цэвэр,D
KC NVE будаг арилгагч тоор шин /7911/,Бусад,D
KC NVE будаг арилгагч цай шинэ /7928/,Бусад,D
KC NVE нүүр будалт нүүр угаагч 180г /2872/,Бусад,D
KC NVE нүхжилт нүүр угаагч 120г /2681/,Бусад,D
KC NVE чийгшүүлэгч нүүр угаагч 120г /2698/,Бусад,D
KC NVE чийгшүүлэх нүүр угаагч 120г /2674/,Бусад,D
KC Ичиками smooth ангижруулагч 450г /3826/,Гоо сайхан/ариун цэвэр,D
KC Ичиками smooth шампунь 450мл /3819/,Гоо сайхан/ариун цэвэр,D
KC Ичиками гэмтэл ангижруулагч 450г /3864/,Гоо сайхан/ариун цэвэр,D
KC Ичиками гэмтэл шампунь 450мл /3857/,Гоо сайхан/ариун цэвэр,D
KC Ичиками мини сэт чийгшүүлэгч /1570/,Бусад,D
KC Ичиками чийгшүүлэгч ангижруулагч 450г /3840/,Гоо сайхан/ариун цэвэр,D
KC Ичиками чийгшүүлэгч шампунь 450мл /3833/,Гоо сайхан/ариун цэвэр,D
KC Ма me ангижруулагч /2029/,Гоо сайхан/ариун цэвэр,D
KC Ма me шампунь /2012/,Гоо сайхан/ариун цэвэр,D
Kecвар наалт хагалгааны  /1125/ LL,Эмнэлгийн хэрэгсэл,D
Kedley Босоо тавиур-А N1,Бусад,D
Kedley Бугуйн хамгаалалт неопрен U 4 N1,Бусад,D
Kedley Бугуйн хамгаалалт уян S/M N1,Бусад,D
Kedley Гарны хамгаалалт уян S 2 N1,Бусад,D
Kedley Гарын сойлт тохируулагчтай 2 N1,Бусад,D
Kedley Гарын хамгаалалт уян L 2 N1,Бусад,D
Kedley Гарын хамгаалалт уян M 2 N1,Бусад,D
Kedley Гуяны хамгаалалт уян M/L 2 N1,Бусад,D
Kedley Гуяны хамгаалалт уян S/M 2 N1,Бусад,D
Kedley Өвдөгний нүдний хамгаалалт U 4 N1,Бусад,D
Kedley Тохойн хамгаалалт U 4 N1,Бусад,D
Kedley Тохойн хамгаалалт неопрен U 4 N1,Бусад,D
Kedley Тохойн хамгаалалт тохируулагчтай 5 N1,Бусад,D
Kedley Тохойн хамгаалалт уян S/M 2 N1,Бусад,D
Kedley Хүзүүний бэхэлгээ M/L 3 N1,Эмнэлгийн хэрэгсэл,D
Kedley Хүзүүний бэхэлгээ S/M 3 N1,Эмнэлгийн хэрэгсэл,D
Kedley Эрхий хурууны хамгаалалт бэхэлгээ хатуулгатай U 5 N1,Бусад,D
Kids Pro 100 sok Apple 200мл дис /1107/,Бусад,D
Kids Pro 100 sok Banana Karamel 200мл дис /2784/,Бусад,D
Kids Pro 100 sok Bubble gum 200мл дис /2777/,Бусад,D
Kids Pro 100 sok Multifruit 200мл дис /1145/,Бусад,D
Kids sonic электрон сойз цэнхэр,Эмнэлгийн хэрэгсэл,D
Kids sonic электрон сойз ягаан,Эмнэлгийн хэрэгсэл,D
Kids Сочная Долина Apple 200мл дис /1176/,Бусад,D
Kids Сочная Долина Apple Banana 200мл дис /2661/,Бусад,D
Kids Сочная Долина Multifruit 200мл дис /1220/,Бусад,D
Kids Сочная Долина Strawberry Banana 200мл /2630/,Бусад,D
KO Softymo цайруулагч угаагч 60гр /3483/,Бусад,D
Kotex good feel max slim - Өдрийн хэрэглэл 32ш 29см,Бусад,D
Kotex Goodfeel good cotton 15cm N40,Бусад,D
Kotex White  Өдрийн 14ш 26см / 3171/,Бусад,D
"Kotex White Naturefore Slim - Өдөр, Шөнийн 14ш 29см /3188\",Бусад,D
"Kotex White Naturefore Slim - Өдөр, Шөнийн 28ш 29см",Бусад,D
Kotex White Naturefore Slim - Өдрийн хэрэглэл 32ш 26см,Бусад,D
Kotex White Naturefore Super Long night - Шөнийн 8ш 42см,Бусад,D
Kotex White Purecotton Overnight - Шөнийн 12ш 33см,Бусад,D
"Kotex White Purecotton Slim - Өдөр, Шөнийн 14ш 29см /7550\",Бусад,D
Kotex White Purecotton Slim - Өдрийн  26см №16,Бусад,D
Kotex White Purecotton Super Long night - Шөнийн  8ш 42см,Бусад,D
Kotex White Super Absorb Night - Шөнийн 14ш 33см,Бусад,D
Kotex White Super Absorb Ultra L - Өдрийн  16ш 28см,Бусад,D
Kортикал шураг HTO 4.5x40 №1 549193 /JUST MEDICAL/,Бусад,D
Kортикал шураг HTO 4.5x44 №1 549195 /JUST MEDICAL/,Бусад,D
Kортикал шураг HTO 4.5x46 №1 549196 /JUST MEDICAL/,Бусад,D
Kортикал шураг HTO 4.5x48 №1 549197 /JUST MEDICAL/,Бусад,D
Kортикал шураг HTO 4.5x50 №1 549198 /JUST MEDICAL/,Бусад,D
Kортикал шураг HTO 4.5x52 №1 549199 /JUST MEDICAL/,Бусад,D
"L-Arginine 1г, стандарт бодис",Бусад,D
L-Arginine L-Aspartate 1г стандарт бодис,Бусад,D
"L-Aspartic Acid 1г, стандарт бодис",Бусад,D
Lacto Sparkling Lemon-Lime 350ml /9379/,Бусад,D
Lacto Sparkling Strawberry-Vanilla 350ml /9355/,Бусад,D
Lacto Sparkling Tropical Punch 350ml /9393/,Бусад,D
Lacto Sparkling Watermelon-Lime 350ml /9423/,Бусад,D
Lameri Puff Honey 500g 501012081 /ANNHOUSE/,Бусад,D
LAMY ballpoint pen Whan In,Бусад,D
Lansinoh Сүү хадгалах уут N50,Бусад,D
Lansinoh сүү хадгалах уут №25,Бусад,D
Lansinoh Угаадаг хөхний сүү шингээгч цагаан,Бусад,D
Lansinoh Хөхний памперс N60,Бусад,D
Lansinoh хөхөлт F \9754\,Бусад,D
Lansinoh хөхөлт S \9693\,Бусад,D
Lansinoh Хуванцар угжны сэт 240мл 160мл,Бусад,D
Lansinoh Шилэн угж 240мл,Бусад,D
Levaniqe 500 /Sample/,Бусад,D
Limo Limo хүүхдийн нарны тос SPF32 PA+++ /6005/,Бусад,D
Lip deep renevale уруул өнгөлөгч N1,Бусад,D
Lip intensive cherry уруул өнгөлөгч N1,Бусад,D
Lip medex уруул өнгөлөгч N1,Бусад,D
Lip relief уруул өнгөлөгч N1,Бусад,D
Lip sensitive уруул өнгөлөгч N1,Бусад,D
Lip vibrance уруул өнгөлөгч N1,Бусад,D
Liquid iron 480ml,Бусад,D
Liquid salad жимс ногооны холимог 100мл /0893/,Бусад,D
Liquid salad өдөр тутмын жимс ногооны холимог 100мл /0916//,Бусад,D
Liver Activation Source элэг хоргүйжүүлэх 630мкг №180 /2234/,Бусад,D
Lutein 50mg нүдний витамин /2326/,Нэмэлт/уламжлалт,D
Maca цусны эргэлт сайжруулах 500мг №1 /2560/,Бусад,D
Matricaria chamomilla WS,Бусад,D
"Max allegina бие шингэн саван харшил, загтнаа 450мл /2911/",Гоо сайхан/ариун цэвэр,D
"Max allergina бие хөөс саван харшил, загтнаа 450мл /2898/",Гоо сайхан/ариун цэвэр,D
Maylyna хамрын гавар 2гр,Бусад,D
Medicube Deep Vita C Ampoule 2.0,Гоо сайхан/ариун цэвэр,D
Medicube EXOSOME CICA агуулсан тайвшруулдаг тонер /2159/,Гоо сайхан/ариун цэвэр,D
Medicube One Day Exosome Shot Pore Serum 7500,Гоо сайхан/ариун цэвэр,D
Medicube ONE DAY EXOSOME SHOT Нүхжилт агшаах серум 2000 30 мл/ 4928/,Гоо сайхан/ариун цэвэр,D
Medicube PDRN PINK COLLAGEN GEL MASK 1ea,Нэмэлт/уламжлалт,D
Medicube PDRN болон коллаген агуулсан ягаан гел бүтэцтэй нүүрний маск  /4399/,Нэмэлт/уламжлалт,D
Medicube PDRN болон пептид агуулсан ягаан серум 30 мл /8053/,Гоо сайхан/ариун цэвэр,D
Medicube PDRN болон ягаан коллаген агуулсан  капсултай нүүрний тос /8885/,Нэмэлт/уламжлалт,D
Medicube PDRN Ягаан Ниасинамидтай Сүүн Тонер 150 мл /9653/,Гоо сайхан/ариун цэвэр,D
"Medicube SUPER CICA арьсыг тайвшруулж, үрэвслийг бууруулах маск /9897/",Гоо сайхан/ариун цэвэр,D
Medicube ZERO гүн цэвэрлэгээний хар батганы тосон цэвэрлэгч 205 мл /4610/,Гоо сайхан/ариун цэвэр,D
"Medicube ZERO нүх агшаах, арьсыг тайвшруулах хүйтэн маск /9969/",Гоо сайхан/ариун цэвэр,D
"Medicube ZERO нүхжилт агшаах, арьс цэвэрлэх пад 2.0 /4665/",Гоо сайхан/ариун цэвэр,D
Medicube глутатион агуулсан арьс гялалзуулах серум /5174/,Гоо сайхан/ариун цэвэр,D
Medicube гүн тэжээл өгөх (С витаминтай) капсултай тос /9866/,Гоо сайхан/ариун цэвэр,D
Medicube кожик ацид ба куркума агуулсан шөнийн нүүрний маск 75 мл /4580/,Гоо сайхан/ариун цэвэр,D
"Medicube коллаген агуулсан арьсыг чангалж, өргөх маск /1741/",Нэмэлт/уламжлалт,D
Medicube коллаген агуулсан жели бүтэцтэй нүүрний тос 50 мл /2227/,Нэмэлт/уламжлалт,D
Medicube коллаген агуулсан шөнийн нүүрний маск /3217/,Нэмэлт/уламжлалт,D
Medicube нүүрний маск болон серум түрхэх зориулалтын жели бүтэцтэй сойз /4088/,Эмнэлгийн хэрэгсэл,D
Medicube нүх агшаах зориулалттай тонер /5167/,Гоо сайхан/ариун цэвэр,D
Mega Ade Base 1.8kg,Бусад,D
Mega Coffee Mojito Syrup 1L 101002039 /ANNHOUSE/,Бусад,D
"Melilot&Hatamugi хаван бууруулах, хоргүйжүүлэх 200мг №60 /2067/",Бусад,D
Mentos gum bottle /0326/,Бусад,D
Mentos gum bottle /7744/,Бусад,D
Mentos бохь gum bottle /5924/,Бусад,D
Mentos бохь gum bottle /7751/,Бусад,D
Mentos бохь gum bottle /7788/,Бусад,D
Mentos бохь gum bottle 54гр /4709/,Бусад,D
Mentos бохь gum bottle гүзээлгэнэ 54гр /8068/,Бусад,D
Mentos бохь gum roll watermelon /7737/,Бусад,D
Mentos бохь арктик /3554/,Бусад,D
Mentos бохь жүрж /0706/,Бусад,D
Mentos бохь интоор /1109/,Бусад,D
Mentos бохь пепперминт /0744/,Бусад,D
Mentos бохь спирминт /1086/,Бусад,D
Mentos гаатай бохь gum bottle 54гр /8051/,Бусад,D
Mentos чихэр gum roll cherry /0888/,Бусад,D
Mentos чихэр gum roll fresh mint /4614/,Бусад,D
Mentos чихэр gum roll grape /7720/,Бусад,D
Mentos чихэр gum roll spearmint 5гр /4638/,Бусад,D
Mentos чихэр gum roll strawberry /4645/,Бусад,D
Mentos чихэр gum roll tutti frutt /4621/,Бусад,D
"Methyl parahydroxybenzoate CRS 150мг, стандарт бодис",Бусад,D
MGC Vanilla syrup 750ml 101002075 /Annhouse/,Бусад,D
Mijin желли эссенс агуулсан маск №1,Бусад,D
Mijin цайруулах маск №1,Бусад,D
Mild нарны тос  лавандер 80мл /7723/,Бусад,D
Mild нарны тос  ногоон 80мл /7730/,Бусад,D
Mild нарны тос өнгөгүй саатай 80мл /7754/,Бусад,D
Mild нарны тос фламинго ягаан 80мл /7747/,Бусад,D
Mild нарны тос шар 80мл /8164/,Бусад,D
Mild усны хамгаалалтай нарны тос 120мл /7259/,Бусад,D
Mild усны хамгаалалтай нарны тос 80мл /7273/,Бусад,D
Mint base powder 1kg,Бусад,D
"Mitsu 2 (5 metric), round bodied, 48mm, 1/2, 75cm №3",Бусад,D
MJCARE COENZYME Q10 эссенс агуулсан маск №1,Бусад,D
MJCARE LEMON ESSENCE MASK,Бусад,D
MJCARE OLIVE SQUALANE ESSENCE MASK,Бусад,D
MJCARE ON PEARL MASK,Бусад,D
MJCARE ON алоетай маск маск №1,Бусад,D
MJCARE ON анартай маск №1,Бусад,D
MJCARE ON витаминтай маск №1,Бусад,D
MJCARE ON гилариуны хүчил агуулсан маск №1,Бусад,D
MJCARE ON желлитэй маск №1,Бусад,D
MJCARE ON коллагентай маск №1,Нэмэлт/уламжлалт,D
MJCARE ON эмгэн хумсны найрлагатай маск №1,Бусад,D
MJCARE PHYTONCIDE ESSENCE MASK,Бусад,D
MJCARE PLACENTA ESSENCE MASK,Бусад,D
MJCARE PREMIUM CHARCOAL BLACK MASK,Бусад,D
MJCARE PREMIUM гар арчилгааны маск №1,Бусад,D
MJCARE PREMIUM хөл арчилгааны маск №1,Бусад,D
MJCARE алоетай маск №1,Бусад,D
MJCARE гар арчилгааны маск №1,Бусад,D
MJCARE гилариуны хүчил агуулсан маск №1,Бусад,D
MJCARE желли эссенс агуулсан маск №1,Бусад,D
MJCARE сика найрлагатай маск №1,Бусад,D
MJCARE хөл арчилгааны маск №1,Бусад,D
MJCARE эмгэн хумсны найрлагатай маск №1,Бусад,D
"Mommy care Perilla хар толбо, нөсөөг цайруулах тос /3656/",Бусад,D
Mommy care Perilla цайруулах тос /9184/,Бусад,D
Mommy care Seagrape ampoule serum /2109/,Бусад,D
Mommy care Yulmu хуурайшилтийн эсрэг тос /9016/,Бусад,D
"Mommy care арьсны тослог, pH тэнцвэржүүлэх софтнэр /2833/",Бусад,D
Mommy care нүүр будалтыг гүнээс цэвэрлэх тосон цэвэрлэгч /2826/,Гоо сайхан/ариун цэвэр,D
Mommy арчилгааны далайн усан үзэм хөөсөн цэвэрлэгч /2819/,Гоо сайхан/ариун цэвэр,D
Mommycare Orthotamin витамин С нөсөө толбо арилгах ампул 15мл /5599/,Эм,E
Mommycare Ногоон Коллаген нэмэгдүүлэх гель 100мл /6152/,Нэмэлт/уламжлалт,D
MommyKiss Наадаг M 26ш,Бусад,D
MommyKiss Наадаг NB 32ш,Бусад,D
MommyKiss Наадаг S 29ш,Бусад,D
Mug lids (12oz/16oz/20oz) 100ea 101007092 /ANNHOUSE/,Бусад,D
MUIRI AMPOULE CORE MASK CICA AMPOULE /MIJIN/,Бусад,D
MUIRI AMPOULE CORE MASK COLLAGEN AMPOULE /MIJIN/,Нэмэлт/уламжлалт,D
MUIRI AMPOULE CORE MASK HYALURONIC ACID AMPOULE /MIJIN/,Бусад,D
MUIRI AMPOULE CORE MASK VITA AMPOULE /MIJIN/,Бусад,D
"Munchkin 3 өнгийн,наалддаг хоолны аяга 6+сар",Бусад,D
Munchkin 360 аяганы таг 4ш,Бусад,D
Munchkin 360 градус бариултай аяга 6+сар 207мл,Бусад,D
Munchkin 360 градус бариултай аяга 6+сар 207мл цагаан /4582/,Бусад,D
"Munchkin 360 градус, асгарддагүй аяга 12+сар 296мл",Бусад,D
Munchkin yсны тоглоом загас шүүрэгч 9+,Бусад,D
"Munchkin аяга 4, таг 4, халбага 2 иж бүрдэл, 4+ сар",Бусад,D
Munchkin аяга соруултай таглаатай +12 сар 296мл,Эм,E
Munchkin аяга угаагч багц сойз,Эмнэлгийн хэрэгсэл,D
"Munchkin бариултай,хаздаг аяга 6+сар 207мл",Бусад,D
Munchkin гэрэлтдэг 360 аяга 18+ сар 266 мл,Бусад,D
Munchkin доороосоо бариултай угжин аяга 4сар 118ml /1291/,Бусад,D
Munchkin жимсний силикон +4сар,Бусад,D
Munchkin зөөлөвчтэй 360 аяга 18+ 414ml,Бусад,D
Munchkin наалдаг тасалгаатай таваг,Бусад,D
Munchkin соруултай бариулгүй аяга 12+сар 296ml,Бусад,D
Munchkin тасалгаатай хос таваг 6+ сартай,Бусад,D
"Munchkin угж, аяга хатаагч",Бусад,D
Munchkin угжин аяга асгардаггүй коала 9+ сар 236мл,Бусад,D
Munchkin усны бомб 22ш,Бусад,D
Munchkin усны бомб запас 40ш,Бусад,D
Munchkin усны тоглоом олон өнгөтэй 6+сар /0801/,Бусад,D
Munchkin уутан даавуун соска 6+ Соска,Бусад,D
Munchkin үсэг тоотой усны тоглоом,Бусад,D
Munchkin халбага зөөлөн силикон 6+ сар №2,Бусад,D
Munchkin халбага сэрээ хутга ком +18сар,Бусад,D
"Munchkin халбага, сэрээний ком",Бусад,D
Munchkin халуун мэдэрдэг халбага  3+ сар 4ш,Бусад,D
"Munchkin халуун, хүйтэн мэдэрдэг халбага",Бусад,D
"Munchkin Хоолны хос аяга, 6+ сартай",Бусад,D
Munchkin хуурай хоолны аяга 12+сар /0212/,Бусад,D
Munchkin хүндрүүлэгчтэй аяганы запаас 1ш,Бусад,D
Munchkin хүндрүүлэгчтэй соруултай бариулгүй аяга +12 сар,Бусад,D
"Munchkin хүндрүүлэгчтэй,соруултай аяга  6+сар 200мл",Бусад,D
Munchkin хүүхдийн суултуур /9831/,Бусад,D
Muzy juice Apple 450мл дис /2890/,Хүнс,D
Muzy juice Lime fresh 450мл дис /2975/,Хүнс,D
Muzy juice Mango Orange 450мл дис /2937/,Хүнс,D
Muzy juice Pear 450мл дис /2906/,Хүнс,D
Muzy juice Pomegranate 450мл дис /2913/,Хүнс,D
Muzy tea Black Tea Forest barries 450мл дис /3163/,Бусад,D
Muzy tea Black Tea Peach 450мл дис /3149/,Бусад,D
Muzy tea Green Tea 450мл дис /3101/,Бусад,D
Muzy tea Green Tea Raspberry 450мл дис /3095/,Бусад,D
Narangd Cider greenapple /8611/,Бусад,D
Narangd Cider original /8604/,Бусад,D
Narangd Cider Pineapple 245ml /8628/,Бусад,D
Natura 100% лууван хүрэн манжин шүүс 100мл,Хүнс,D
Natura 100% лууван шүүс 100мл,Хүнс,D
Natura 100% хүрэн манжин банана шүүс 100мл,Хүнс,D
"Natura лууван, гадил, алим, хүрэн манжин, жүрж шүүс /1949/",Хүнс,D
"Natura лууван, хүрэн манжин, нэрс, аньс, интоор шүүс /1918/",Хүнс,D
"Natura лууван, чацаргана, манго, жүрж шүүс /1932/",Хүнс,D
Natura луувангийн шүүс 100% /1925/,Хүнс,D
Natural Silk 18см өдөр тутам 20ш /6548/,Бусад,D
Natural Silk 24см ариун цэврийн хэрэглэл 8ш /6555/,Эмнэлгийн хэрэгсэл,D
Natural Silk 29см ариун цэврийн хэрэглэл 7ш /6562/,Эмнэлгийн хэрэгсэл,D
Natural Silk 35см ариун цэврийн хэрэглэл 6ш /6579/,Эмнэлгийн хэрэгсэл,D
Natural Silk 42см ариун цэврийн хэрэглэл 5ш /6586/,Эмнэлгийн хэрэгсэл,D
NBL Glucosamin Collagen active Sample Нобел,Нэмэлт/уламжлалт,D
NBL Omega-3 Fish and Krill Oil 100 sample Нобел,Нэмэлт/уламжлалт,D
NBL Omega-3 Fish and Krill Oil 50 sample Нобел,Нэмэлт/уламжлалт,D
"NEAC үе мөч, ядаргаа тайлах бэлдмэл N90",Бусад,D
NESTLE AppleBnaRsp Puree Pouch 8x90g /1812/,Бусад,D
Nestle puree 6M Apple Banana 90гр,Бусад,D
Nestle shagayka  app.stw.peh 12+ 190gr,Бусад,D
Nestle shagayka  app/rspb.stw.12+ 190gr,Бусад,D
Nestle shagayka  milk.apblu.rsp 6+ 200gr,Бусад,D
Nestle shagayka  milk.app.bna.pear 6+ 200gr,Бусад,D
Nestle shagayka  milk.cer.bna.stw 8+ 200gr,Бусад,D
Nestle shagayka  milk.out.pear 6+ 200gr,Бусад,D
Nestle shagayka  milk.pear.peach 6+ 200gr,Бусад,D
Nestle shagayka  milk.stw. app 8+ 200gr,Бусад,D
"New Nikuron өвчин намдаах, халуун бууруулах шахм N12",Эм,E
NITOLIC Бөөсний эсрэг эмчилгээний сет 50ml/30ml /ICB Pharma/,Эмнэлгийн хэрэгсэл,D
Nivea deo Roll-On Silver Protect Male 50ml,Бусад,D
Nivea deo Spray Black & White Male 150ml,Бусад,D
Nivea deo Spray Black & White Pure Female 150ml,Бусад,D
Nivea Hand Cream Moisturizing Olives 75ml,Гоо сайхан/ариун цэвэр,D
Nivea Hand Cream Protective /Beeswax  75ml,Гоо сайхан/ариун цэвэр,D
Nivea Intimo Lotion 250ml,Бусад,D
Nivea Lip Gloss Aqua Care 5ml,Бусад,D
Nivea Lip Gloss Cherry 5ml /6039/,Бусад,D
Nivea Lip Gloss Cherry 5ml /6053/,Бусад,D
Nivea Lip Gloss Essential 5ml,Бусад,D
Nivea Lip Gloss Repair 5ml,Бусад,D
Nivea lipgloss Vanilla 4.8гр,Бусад,D
Nivea Men Balsam Sensitive 100ml,Бусад,D
Nivea Men Shav.Gel Aloe 200ml,Бусад,D
Nivea Men Shav.Gel Sensitive Cooling  200ml,Бусад,D
Nivea дезодорант шаариктай сэрүүцүүлэгч эрэгтэй /0776/,Бусад,D
Nivea дезодорант шүршигч жүржийн үнэртэй /8998/,Бусад,D
Nivea дезодорант шүршигч интоорын үнэртэй /9124/,Бусад,D
Nivea дезодорант шүршигч сувдны гоо сайхан /4559/,Гоо сайхан/ариун цэвэр,D
Nivea дезодорант шүршигч сэргээгч энерги сэргээх /8194/,Бусад,D
Nivea дезодорант шүршигч сэрүүцүүлэгч эрэгтэй /9541/,Бусад,D
NS  Oblepikha Гэмтэлтэй үсний ангижруулагч [Keratin] 1000 мл,Гоо сайхан/ариун цэвэр,D
"NS  Өдрийн тос, бүх төрлийн арьсанд 50 мл [Anti-age / Coenzyme Q10]",Бусад,D
NS  Шөнийн тос [Collagen] 50 мл,Нэмэлт/уламжлалт,D
"NS MEN Бэлгийн багц "" Эрч хүч""",Бусад,D
NS Oblepikha  Үс уналтын эсрэг шампунь [Эрчимтэй ургуулах үйлчилгээтэй] 400 мл,Гоо сайхан/ариун цэвэр,D
NS Oblepikha Гэмтэлтэй үсний ангижруулагч [Keratin] 400 мл,Гоо сайхан/ариун цэвэр,D
NS Oblepikha Гэмтэлтэй үсний маск  [Keratin] 300 мл,Гоо сайхан/ариун цэвэр,D
NS Oblepikha Гэмтэлтэй үсний шампунь [Keratin] 1000 мл,Гоо сайхан/ариун цэвэр,D
NS Oblepikha Гэмтэлтэй үсний шампунь [Keratin] 400 мл,Гоо сайхан/ариун цэвэр,D
NS Ариун цэврийн хэрэглэл [ULTRA. Night] 7 ш,Эмнэлгийн хэрэгсэл,D
NS Арьс гялалзуулагч хайлайтер 40 мл,Бусад,D
NS Биеийн саван [Mango] 500 мл +,Гоо сайхан/ариун цэвэр,D
"NS Биеийн саван, чацарганатай 50 мл",Гоо сайхан/ариун цэвэр,D
NS Биеийн сүүн шингэн [Coconut  yogurt]  200 мл,Гоо сайхан/ариун цэвэр,D
NS Биеийн сүүн шингэн [Oblepikha] 50  мл,Гоо сайхан/ариун цэвэр,D
NS Биеийн тос [Coconut  yogurt]  200 мл,Бусад,D
NS Биеийн тос [Mango] 200 мл,Бусад,D
"NS Биеийн тос, арьс чангалах [Caramel]  450 мл",Бусад,D
"NS Биеийн тос, чацарганатай 300 мл",Бусад,D
"NS Биеийн тос, чийгшүүлэх  [Vanilla] 450 мл",Бусад,D
NS Будагтай үсний ангижруулагч 400 мл,Гоо сайхан/ариун цэвэр,D
NS Будагтай үсний шампунь [Color Luminaiser] 400 мл,Гоо сайхан/ариун цэвэр,D
"NS Будагтай үсний шампунь, өнгө хамгаалах 400 мл",Гоо сайхан/ариун цэвэр,D
"NS Бүх төрлийн үсний ангижруулагч, refill савалгаатай [Oblepikha] 500 мл",Гоо сайхан/ариун цэвэр,D
NS Бүх төрлийн шампунь  [Oblepikha] 400 мл,Гоо сайхан/ариун цэвэр,D
"NS Гар, хумсны тос 75 мл",Бусад,D
NS Гарын тос [5% PANTHENOL] 500 мл,Гоо сайхан/ариун цэвэр,D
NS Гарын тос [7% COLLAGEN] 500 мл,Нэмэлт/уламжлалт,D
"NS Гарын шингэн саван, хүүхдийн 500 мл",Гоо сайхан/ариун цэвэр,D
NS Гэмтэлтэй үсний шампунь [Egg] 250 мл,Гоо сайхан/ариун цэвэр,D
"NS Гэмтэлтэй үсний шампунь, нөхөн сэргээх  [Coconut  yogurt]  280 мл",Гоо сайхан/ариун цэвэр,D
"NS Гэмтэлтэй үсний шампунь, чацарганатай 50 мл",Гоо сайхан/ариун цэвэр,D
NS Даахиралт арилгах цацлага 150 мл,Эм,E
NS Зовхины маск [Лифтинг] 60 ш,Бусад,D
NS Зовхины тос [Oblepikha] 30 мл,Гоо сайхан/ариун цэвэр,D
NS Зовхины чийгшүүлэх маск [Hyaluron] 60 ш,Бусад,D
NS Мицелляртай угаагч шингэн 150 мл,Гоо сайхан/ариун цэвэр,D
NS Нүүр цэвэрлэгч гель  [Hydration] 150 мл,Гоо сайхан/ариун цэвэр,D
NS Нүүр цэвэрлэгч гель [Oblepikha] 150 мл,Гоо сайхан/ариун цэвэр,D
NS Нүүр цэвэрлэгч падь [Hyaluron] 20 ш,Гоо сайхан/ариун цэвэр,D
"NS Нүүр цэвэрлэгч пилинг-падь, арьс шинэчлэн гуужуулах",Гоо сайхан/ариун цэвэр,D
"NS Нүүр цэвэрлэгч пилинг-падь, арьсны өнгө сэргээх",Гоо сайхан/ариун цэвэр,D
NS Нүүр цэвэрлэгч хөөс  [Coconut  yogurt]  150 мл,Гоо сайхан/ариун цэвэр,D
"NS Нүүр цэвэрлэх пилинг-падь, арьс гэрэлтүүлэх [Oblepikha] 20 ш",Бусад,D
NS Нүүрний антиоксидант серум [Oblepikha] 30 мл,Гоо сайхан/ариун цэвэр,D
NS Нүүрний будаг арилгагч лосьон 200 мл,Гоо сайхан/ариун цэвэр,D
NS Нүүрний гидрогель-маск [Hydration] 75 мл,Бусад,D
"NS Нүүрний гуужуулагч, эмзэг арьсны 100 мл",Гоо сайхан/ариун цэвэр,D
NS Нүүрний джем гуужуулагч [Blueberry] 50 мл,Гоо сайхан/ариун цэвэр,D
NS Нүүрний маск  [COLLAGEN THERAPY],Нэмэлт/уламжлалт,D
NS Нүүрний маск  [HYALURON THERAPY],Гоо сайхан/ариун цэвэр,D
"NS Нүүрний маск, арьсны өнгө сэргээх [Oblepikha] 100 мл",Гоо сайхан/ариун цэвэр,D
"NS Нүүрний маск, нөхөн сэргээх [Oblepikha] 100 мл",Гоо сайхан/ариун цэвэр,D
NS Нүүрний серум [Blueberry] 30 мл,Гоо сайхан/ариун цэвэр,D
NS Нүүрний супер серум [Oblepikha] 30 мл,Гоо сайхан/ариун цэвэр,D
"NS Нүүрний тоник-мист, чийгшүүлэх 100 мл",Бусад,D
NS Нүүрний тоник-спрей  [Hyaluron] 170 мл,Эм,E
"NS Нүүрний тоник, нүхжилт арилгах 170 мл",Бусад,D
"NS Нүүрний тос, нүүр будалтад бэлтгэх [Blueberry] 50 мл",Гоо сайхан/ариун цэвэр,D
NS Нүүрний хөөс [Blueberry] 100 мл,Бусад,D
"NS Охидын шампунь, нүд хорсгохгүй 250 мл",Гоо сайхан/ариун цэвэр,D
NS Өдөр тутмын ариун цэврийн хэрэглэл [ULTRA. Maxi] 18 ш,Эмнэлгийн хэрэгсэл,D
NS Өдөр тутмын ариун цэврийн хэрэглэл [ULTRA. Maxi] 50 ш,Эмнэлгийн хэрэгсэл,D
"NS Өдрийн тос, аминхүчилтэй 50 мл",Бусад,D
"NS Өдрийн тос, эмзэг арьсны [Anti-age] 50 мл",Бусад,D
"NS Өдрийн флюид тос, азелаины хүчилтэй 50 мл",Бусад,D
NS Тослог тэнцвэржүүлэх маск 75 мл,Бусад,D
NS Тослог тэнцвэржүүлэх угаагч детокс гель 150 мл,Бусад,D
NS Уруул өнгөлөгч [Aqua Glossy]  10 мл,Бусад,D
NS Уруул өнгөлөгч [Genlte Protection] 10 мл,Бусад,D
NS Уруул өнгөлөгч [Intense Sos Repair]  10 мл,Бусад,D
NS Үсний ангижруулагч  [D-TOX.Super] 250 мл,Гоо сайхан/ариун цэвэр,D
"NS Үсний ангижруулагч, гэмтэлтэй үсний [Oblepikha] 50 мл",Гоо сайхан/ариун цэвэр,D
NS Үсний ургалт эрчимжүүлэх ангижруулагч [Coffee] 250 мл,Гоо сайхан/ариун цэвэр,D
NS Хуйхны гуужуулагч [D-TOX.Super] 150 мл,Гоо сайхан/ариун цэвэр,D
NS Хүүхдийн биеийн саван 250 мл,Гоо сайхан/ариун цэвэр,D
NS Хүүхдийн ванны хөөс 250 мл,Бусад,D
"NS Хүүхдийн үсний ангижруулагч,даахирахгүй 250 мл",Гоо сайхан/ариун цэвэр,D
"NS Хүүхдийн үсний шампунь, хөвгүүдэд 250 мл",Гоо сайхан/ариун цэвэр,D
NS Шөнийн тос [Hyaluron] 50 мл,Бусад,D
NS Шөнийн тос-маск [Blueberry]  50 мл,Бусад,D
"NS Шөнийн тос, азелаины хүчилтэй 50 мл",Бусад,D
"NS Шөнийн тос, аминхүчилтэй 50 мл",Бусад,D
"Nuby 360 градус аяга бариул, тагтай 6+ 240мл",Бусад,D
Nuby PS 360ml спорт сордог аяга 36+ /4413/,Бусад,D
Nuby PS l спорт сордог аяга 36+ 360мл,Бусад,D
Nuby PS хаздаг тоглоом гадил +3,Бусад,D
Nuby бөөрөнхий соска 0-6 сар /8122/,Бусад,D
"Nuby гелэн хаздаг тоглоом,түлхүүрэн хэлбэртэй 4+сар",Бусад,D
Nuby зулайны сам 2ширхэгтэй 3+ сар,Бусад,D
Nuby зулайны сам 3+ сар №2,Бусад,D
Nuby модон хаздаг  түлхүүр тоглоом 3+ сар,Бусад,D
Nuby нус сорогч 0+сар,Бусад,D
Nuby силикон шахдаг соска 6+ сар,Бусад,D
Nuby соосогны зүүлт 0+сар,Эмнэлгийн хэрэгсэл,D
"Nuby соруул нь таглагддаг,бариултай аяга 240мл 12+сар Угжин аяга",Бусад,D
Nuby суурь нь наалддаг хоолны тагтай аяга 9+сар 300мл,Бусад,D
Nuby сээтгэн соска 4+сар,Бусад,D
Nuby угж 240мл 0-12сар,Бусад,D
Nuby угжин аяга 0+ сар Аяга 240мл,Бусад,D
Nuby угжин аяга 6+сар,Бусад,D
nuby хаздаг бээлий,Эмнэлгийн хэрэгсэл,D
Nuby хаздаг тоглоом авакода +3,Бусад,D
Nuby хаздаг тоглоом гелэн түлхүүрэн 4+ сар,Бусад,D
Nuby хаздаг тоглоом устай +3,Бусад,D
Nuby хаздаг тоглоом шүдний 3+сар,Бусад,D
Nuby хаздаг тоглоом эрдэнэ шиштэй,Бусад,D
Nuby халбага сэрээ 9+сар,Бусад,D
"Nuby халуун мэдэрдэг 3 ш хоолны халбага, 4+сар Халбага",Бусад,D
"Nuby халуун мэдэрдэг хоолны халбага, 4+сар 3ш",Бусад,D
Nuby хөхний саалтуур 240 мл,Бусад,D
Nuby хөхний саалтуур 240мл,Бусад,D
Nuby хумсны хутганы ком 1+сар 3 сэт,Бусад,D
Nuby хэлний өнгөр цэвэрлэгч 3+сар +,Гоо сайхан/ариун цэвэр,D
"Nuby шахдаг халбага 4+сар, 2 төрлийн хошуутай Халбага",Бусад,D
Nuby эм уулгах угж 15мл 0+сар Угж,Бусад,D
NuCare Omega 200мл №1,Нэмэлт/уламжлалт,D
Nucleic acid эд эс нөхөн төлжүүлэгч 1200мг №600 /5703/,Бусад,D
Nurokind-OD (Метилкобаламин 1500мкг/мл) 1ml N4 ампул,Эм,E
Nutrend Протейн бар (ванил болон интоорын амттай) 40гр N1,Хүнс,D
Nutrend Протейн бар (жигнэмэгний амттай) 40гр N1,Хүнс,D
Nutrend Протейн бар (шоколадны амттай) 40гр N1,Хүнс,D
Nutrilon combort 400g,Бусад,D
Nutrilon N1 new 400мг,Бусад,D
Nutrilon N1 new 900гр,Бусад,D
Nutrilon N2  new 900гр,Бусад,D
Nutrilon N2 new 400гр,Бусад,D
Nutrilon N3 new 400мг,Бусад,D
Nutrilon гулгилтын эсрэг сүү /0860/,Бусад,D
Nutrilon лактозгүй эмчилгээний сүү /0822/,Бусад,D
Nutrilon пепти /гулгилтын эсрэг/ 400гр,Бусад,D
Nutrilon сүү пре 0+ х/сүү дутуу төрсөн хүүхдийн сүүн тэжээл 400гр,Хүнс,D
O latte apple /8505/,Бусад,D
O latte peach /8529/,Бусад,D
O latte strawberry /8536/,Бусад,D
O'earth 7сек гүн чийгшүүлэх серум 105мл /0139/,Гоо сайхан/ариун цэвэр,D
O'earth Tea Tree-тэй арьс тайвшруулах зуурдаг маск /0146/,Бусад,D
O'earth мэдрэг арьсны тайвшруулах toner pad /0153/,Бусад,D
Ocean Fish Oil Tutti Frutti syrup /Orzax/ №1,Нэмэлт/уламжлалт,D
Ocean Vitamin D3 1000 IU /Orzax/ №1,Бусад,D
"OFF extreme aerosol шумуул, хачигнаас хамгаалах шүршигч тос /0629/",Бусад,D
OFF family шумуулны эсрэг спрэй 100мл N1,Бусад,D
OFF шавж үргээгч 20 өдрийн хамгаалалт 157мл /5532/,Бусад,D
OFF шавж үргээгч 3 цагийн хамгаалалт 157мл /5549/,Бусад,D
Ohta isan N16,Бусад,D
OKF Sample Product /Mega MGC/,Бусад,D
Omega 3 Cardio Мах Капсул №30 /Gelpell AG./,Нэмэлт/уламжлалт,D
Omega 3-6-9 Optimum Капсул №30 /Gelpell AG./,Нэмэлт/уламжлалт,D
Omi menturn шавж үргээгч цацлага /1714/,Эм,E
Omi Нар тос gold /хүүхэд/ 1707,Бусад,D
Omi Нар тос silver /хүүхэд/ 1806,Бусад,D
OMI уруул өнгөлөгч /2631/,Бусад,D
Omi шавж хазсаны дараах үрэвсэл намдаах шингэн /2478/,Бусад,D
ORA Premium сойз дундаж үстэй /7577/,Эмнэлгийн хэрэгсэл,D
ORA Premium сойз жижиг толгойт дундаж /7645/,Эмнэлгийн хэрэгсэл,D
ORA Premium сойз жижиг толгойт зөөлөн /7591/,Эмнэлгийн хэрэгсэл,D
ORA Premium сойз зөөлөн үстэй /7584/,Эмнэлгийн хэрэгсэл,D
Ora шүдний оо сакура минт /5324/,Бусад,D
Ora2 me  Амны үнэр дарагч peach /1762/,Гоо сайхан/ариун цэвэр,D
ORIHIRO зажилдаг кальци д №180,Бусад,D
ORIHIRO зажилдаг кальци+сүүн хүчлийн ашигтай бактери №150,Бусад,D
ORIHIRO зажилдаг коллаген+эхэс №90,Нэмэлт/уламжлалт,D
ORIHIRO зажилдаг мультивитамин+минерал №120,Нэмэлт/уламжлалт,D
ORIHIRO зажилдаг мультивитамин+минерал №180,Нэмэлт/уламжлалт,D
ORIHIRO зажилдаг нүдний витамин/лютейн №120,Бусад,D
ORIHIRO зажилдаг нэрс /А витамин / №180,Бусад,D
ORIHIRO зажилдаг төмөр+фолийн хүчил №120,Бусад,D
ORIHIRO зажилдаг төмөр+фолийн хүчил №180,Бусад,D
ORIHIRO зажилдаг цайр №180,Бусад,D
ORIHIRO өндөр тунтай коллаген 11000мг 180гр,Нэмэлт/уламжлалт,D
ORIHIRO сүүн хүчлийн ашигтай бактер 1гр №16,Бусад,D
ORIHIRO шахмал бор замаг /5915/,Эм,E
"ORIHIRO шахмал хэвлийн өөхийг багасгах, шээсний хүчил бууруулах /9253/",Эм,E
ORIHIRO шахмал элэгний ханд /6320/,Эм,E
Oxeye 155mm ац/х N30 /6536/,Бусад,D
Oxeye 170mm ац/х N30 /6468/,Бусад,D
Oxeye 2+1 ац/х өмсдөг /6482/,Бусад,D
Oxeye 210 mm ац/х өдөр N18 /6444/,Бусад,D
Oxeye 240mm ац/х өдөр /6529/,Бусад,D
Oxeye 290 mm ац/х шөнө /6413/,Бусад,D
Oxeye 290 mm ац/х шөнө N8 /6543/,Бусад,D
Oxeye 330mm ац/х шөнө N8 /6383/,Бусад,D
Oxeye 420mm ац/х шөнө N4 /6406/,Бусад,D
P/S Toothbrush Kids 7+ Yrs -Хүүхдийн Шүдний сойз N1,Эмнэлгийн хэрэгсэл,D
P/S TP charcoal & bamboo white/ Модны хар нүүрстэй Шүдний оо Цайруулах үйлчилгээтэй 180гр N1,Бусад,D
Packaging Material Cooling Box,Бусад,D
PANTHECELL Repair Cica тайвшруулах үйлчилгээтэй нүүр цэвэрлэгч/5609/,Гоо сайхан/ариун цэвэр,D
PANTHECELL™ Cica Micro сэргээгч спот патч (9+3ш)/2148/,Бусад,D
PANTHECELL™ Cica-Some нөхөн сэргээх крем (80мл)/7329/,Бусад,D
PANTHECELL™ Cica-Some сэргээгч ампул маск (1ш)/476/,Эм,E
PANTHECELL™ Repair Cica ампултай мист/6717/,Эм,E
Paper cups (20oz) 40EA *25PAK 101007063 /ANNHOUSE/,Эмнэлгийн хэрэгсэл,D
Parnell Cicamanu 92 мэдрэг арьсны сэрүм /4702/,Бусад,D
Parnell Cicamanu Serum күшн #21 (SPF45 PA++) /0544/,Бусад,D
Parnell Cicamanu Serum күшн #23 (SPF45 PA++) /0551/,Бусад,D
Parnell Cicamanu Skin Fit Foundation #0.5 маш цайвар арьсанд /1039/,Бусад,D
Parnell Cicamanu Skin Fit Foundation #1 натурал цайвар арьсанд /4056/,Бусад,D
Parnell Cicamanu Skinfit Cover өө дарагч #21/1949/,Бусад,D
Parnell Cicamanu Skinfit Cover өө дарагч #23 /1956/,Бусад,D
"Parnell Cicamanu матт күшн  #19 (SPF50+, PA+++) /1343/",Бусад,D
"Parnell Cicamanu матт күшн  #21 (SPF50+, PA+++) /1350/",Бусад,D
"Parnell Cicamanu матт күшн  #23 (SPF50+, PA+++) /1367/",Бусад,D
"Parnell Cicamanu мэдрэг, улаалттай арьсны гелэн тос /1244/",Эм,E
Parnell Cicamanu олон төрлийн витаминтай цэвэрлэх хөөс /0759/,Бусад,D
Parnell Cicamanu сэрүм мист 50мл /4696/,Бусад,D
Parnell Glacial Biome тослог арьсан зориулсан күшн /1260/,Бусад,D
Parodontax  Буйлны эмчилгээний фтортой Шүдний оо 50мл \7184\,Бусад,D
parodontax c фтором 75мл N1,Бусад,D
parodontax toothbrush extra soft N1,Бусад,D
Parodontax Без фтора шүд/оо Буйлны эмчилгээний фторгүй Шүдний оо 75мл,Бусад,D
Parodontax буйлны эмчилгээний фторгүй Шүдний оо 50мл \1392\,Бусад,D
"Parodontax Гүн цэвэрлэж, буйл эмчилэх Шүдний оо 75мл \1190\",Бусад,D
parodontax отбеприаюцая шүд/оо 75мл \4938\,Бусад,D
Pbw  Sparkling soda Lemon 350ml,Бусад,D
Pbw Sparkling soda Grape 350ml,Бусад,D
Pbw Sparkling soda Strawberry 350ml,Бусад,D
Pbw Sparkling soda Watermelon 350ml,Бусад,D
Pbw ундаа  Amino Fiber Drink 0.5l,Хүнс,D
Pbw ундаа  Yogurt Sparkling 0.5l,Хүнс,D
Pbw ундаа Smoothie Green 350ml,Хүнс,D
Pbw ундаа Smoothie Orange 350ml,Хүнс,D
Pbw ундаа Smoothie Purple 350ml,Хүнс,D
Pbw ундаа Smoothie Red 350ml,Хүнс,D
Pbw Ундаа Sparkling soda Lime 350ml,Хүнс,D
Pbw Ундаа Sparkling soda Passion Fruit 350ml,Хүнс,D
Pbw Ундаа Sparkling water анар 350мл /6637/,Хүнс,D
Pbw Ундаа Sparkling water ногоон алим 350мл /4084/,Хүнс,D
Pearl  ус 500мл,Бусад,D
Pearl газгүй ус 330мл /8020/,Бусад,D
Pearl газтай ус 330мл /8013/,Бусад,D
Pearl хийжүүлсэн ус 500мл,Бусад,D
Persimmon supple хоргүйжүүлэгч №63 150мг /1666/,Бусад,D
Perspirex comfort хөлс дарагч /0042/,Бусад,D
Perspirex orginal хөлс дарагч /1430/,Бусад,D
Perspirex strong хөлс дарагч /0402/,Бусад,D
PIER propolinse ам зайлагч натурал 600мл /5741/,Бусад,D
PIER Propolinse ам зайлагч орэнж 150мл /7486/,Бусад,D
PIER propolinse ам зайлагч сакура  600мл /6977/,Бусад,D
PIER Propolinse ам зайлагч сакура 150мл/7493/,Бусад,D
PIER propolinse ам зайлагч тамхи 600мл /7011/,Бусад,D
PIER Propolinse ам зайлагч цитрус 150мл /7738/,Бусад,D
PIER Propolinse цайруулагч оо 150мл/7684/,Бусад,D
PIER propolinse цайруулагч шингэн оо  600мл /6762/,Бусад,D
Pigeon хүүхдийн саван 90гр,Гоо сайхан/ариун цэвэр,D
Pink Fong Хүүхдийн үсний сам №1,Гоо сайхан/ариун цэвэр,D
Pink Fong Хүүхдийн хумсны сет №1,Эмнэлгийн хэрэгсэл,D
Pink grapefruit syrup 1000ml 201002044 /ANNHOUSE/,Бусад,D
Pink salt bottle 225g /Herbion/,Бусад,D
Pink salt pouch 1kg /Herbion/,Бусад,D
Pinky  бэлгийн багц жижиг 10  /хумсны наалт +уруулын будаг улаан+бөгж/,Эмнэлгийн хэрэгсэл,D
Pinky  бэлгийн багц жижиг 11  /хумсны наалт +уруулын будаг ягаан+бөгж/,Эмнэлгийн хэрэгсэл,D
Pinky  бэлгийн багц жижиг 12  /хумсны наалт +уруулын будаг улбар шар+бөгж/,Эмнэлгийн хэрэгсэл,D
Pinky  бэлгийн багц жижиг 3 /хумсны наалт +хумсны будаг ягаан+бөгж/,Эмнэлгийн хэрэгсэл,D
Pinky  бэлгийн багц жижиг 7/хумсны наалт +хумсны будаг сүүн ягаан+бөгж/,Эмнэлгийн хэрэгсэл,D
Pinky  бэлгийн багц жижиг 8  /хумсны наалт +хумсны будаг улаан+бөгж/,Эмнэлгийн хэрэгсэл,D
"Pinky  хумсны будаг бэлгийн багц /3ш хумсны будаг ягаан, улаан, улбар шар/",Эм,E
Pinky Хүүхдиийн интимэйт угаагч 150гр №1,Бусад,D
Pinky Хүүхдийн Гаатай хөөсөн угаагч /шампунь+бие/,Гоо сайхан/ариун цэвэр,D
Pinky Хүүхдийн Лавандатай хөөсөн угаагч /шампунь+бие/,Гоо сайхан/ариун цэвэр,D
Pinky Хүүхдийн Лаймтай хөөсөн угаагч /шампунь+бие/,Гоо сайхан/ариун цэвэр,D
Pinky Хүүхдийн нүүрний маск /8+/ №5,Гоо сайхан/ариун цэвэр,D
Pinky Хүүхдийн Тоортой хөөсөн угаагч /шампунь+бие/,Гоо сайхан/ариун цэвэр,D
Pinky Хүүхдийн уруул өнгөлөгч /оранж/,Бусад,D
Pinky Хүүхдийн уруул өнгөлөгч /улаан/,Эм,E
Pinky Хүүхдийн уруул өнгөлөгч /ягаан/,Бусад,D
Pinky Хүүхдийн үсний вакс -зөөлөн,Гоо сайхан/ариун цэвэр,D
Pinky Хүүхдийн үсний резин /олон өнгийн/,Гоо сайхан/ариун цэвэр,D
Pinky Хүүхдийн үсний тос,Гоо сайхан/ариун цэвэр,D
Pinky Хүүхдийн үсний хэлбэржүүлэгч,Гоо сайхан/ариун цэвэр,D
Pinky Хүүхдийн үсний цацлага /ширэлдээ гаргагч/ 120гр №1,Эм,E
Pinky Хүүхдийн хөөсөн нүүр цэвэрлэгч 150гр №1,Гоо сайхан/ариун цэвэр,D
Pinky Хүүхдийн хумсны будаг /неон ногоон/ 0273,Бусад,D
Pinky Хүүхдийн хумсны будаг /нил ягаан/ 0327,Бусад,D
Pinky Хүүхдийн хумсны будаг /оранж/ 0266,Бусад,D
Pinky Хүүхдийн хумсны будаг /өнгөгүй/ 0341,Бусад,D
Pinky Хүүхдийн хумсны будаг /саатай нил ягаан/ 0235,Бусад,D
Pinky Хүүхдийн хумсны будаг /саатай ногоон/ 0211,Бусад,D
Pinky Хүүхдийн хумсны будаг /саатай шар/ 0242,Бусад,D
Pinky Хүүхдийн хумсны будаг /улаан/ 0310,Эм,E
Pinky Хүүхдийн хумсны будаг /цагаан саатай / 0334,Бусад,D
Pinky Хүүхдийн хумсны будаг /цайвар ягаан/ 0297,Бусад,D
Pinky Хүүхдийн хумсны будаг /цэнхэр/ 0303,Бусад,D
Pinky Хүүхдийн хумсны будаг /шар/ 0280,Бусад,D
Pinky Хүүхдийн хумсны наалт №1,Эмнэлгийн хэрэгсэл,D
Pinky Хүүхдийн чихний наадаг ээмэг №1,Бусад,D
PIP 401 хар зүүлт  50см наалт N1,Эмнэлгийн хэрэгсэл,D
PIP 402 хар зүүлт 60см наалт N1,Эмнэлгийн хэрэгсэл,D
PIP 404 цэнхэр зүүлт 60см наалт N1,Эмнэлгийн хэрэгсэл,D
PIP 407 Magneloop хуянгийн зүүлт соофт хар 45cm,Эмнэлгийн хэрэгсэл,D
PIP 410 Magneloop хуянгийн зүүлт EX хар 45cm,Эмнэлгийн хэрэгсэл,D
PIP Жирэмсэн ээжийн а/ц х L N5,Эмнэлгийн хэрэгсэл,D
PIP Жирэмсэн ээжийн а/ц х S N20,Эмнэлгийн хэрэгсэл,D
Pivsulbactam W.S 1г,Бусад,D
Plastic bags (Small)1PAK 100EA*20PAK 101007098 /ANNHOUSE/,Бусад,D
POOPINCOOKIN Хөгжилтэй ваффле /6737/,Бусад,D
POOPINCOOKIN Хөгжилтэй гам чихэр /6492/,Бусад,D
POOPINCOOKIN Хөгжилтэй донат /6713/,Бусад,D
POOPINCOOKIN Хөгжилтэй өдрийн хоол /3958/,Бусад,D
"POPIN'COOKIN ваффле, зайрмаг /7055/",Бусад,D
POPINCOOKIN Хөгжилтэй бургер /7154/,Бусад,D
POPINCOOKIN Хөгжилтэй рамен /6461/,Бусад,D
POPINCOOKIN хөгжилтэй сүши /7284/,Бусад,D
POPINCOOKIN Хөгжилтэй торт /7499/,Бусад,D
"President  - Шүдний оо Хиймэл шүд, шүдний аппараттай 75гр",Эмнэлгийн хэрэгсэл,D
President ам зайлагч шүдний чулуу үүсэхээс хамгаалсан 250мл,Бусад,D
President сойз натурал үстэй \0072\,Эмнэлгийн хэрэгсэл,D
President Хүүхдийн шүдний сойз  0-3 нас 4мил,Эмнэлгийн хэрэгсэл,D
"President шүд/сойз зөөлөн үстэй, амны/хөнд мэс ажлын дараа",Эмнэлгийн хэрэгсэл,D
President Шүдний оо 12+ Шүүслэг лайм жимсний амттай 70гр,Хүнс,D
President Шүдний оо гүзээлзгэнэ амттай 3-6 фтор агуулсан 70гр,Бусад,D
President Шүдний оо гүзээлзгэнэ амттай 6+ фтор агуулсан 70гр,Бусад,D
President шүдний оо жирэмсэн болон хөхүүл эхийх \1502\,Бусад,D
President шүдний оо кофе цайны хэрэглээ их  75 гр \0731\,Хүнс,D
President шүдний оо ломботой шүдэнд зориулсан 50мл \5614\,Бусад,D
President шүдний оо нүүрс агуулсан эрчимтэй цайруулах  50гр \7243\,Бусад,D
President шүдний оо үрэвсэл намдаах 75мл,Бусад,D
"President шүдний оо хиймэл шүд, аппараттай хүмүүст 50мл \2009\",Эмнэлгийн хэрэгсэл,D
President шүдний оо цай кофенд дурлагсдад 50мл \5751\,Хүнс,D
President шүдний оо цайруулах 75гр,Бусад,D
President шүдний оо эко натурал байгалийн гаралтай 75гр \2467\,Бусад,D
President шүдний оо-эмзэгшилтэй шүдний  75гр \9896\,Бусад,D
President шүдний сойз Active 4-6 миль,Эмнэлгийн хэрэгсэл,D
"President шүдний сойз жирэмсэн болон хөхүүл, эмзэг буйл",Эмнэлгийн хэрэгсэл,D
"President шүдний сойз кофе, цай болон тамхи татдаг хүмүүс",Эмнэлгийн хэрэгсэл,D
President шүдний утас гааны амттай 12м,Бусад,D
"President- Шүдний сойз, Чулуу үүсэхээс сэргийлсэн 6 мил",Эмнэлгийн хэрэгсэл,D
President-Шүдний оо Эрчимтэй цайруулах үйлчилгээтэй 30мл,Бусад,D
PROBIODERM™ 3D лифтинг ампул/0918/,Эм,E
PROBIODERM™ 3D лифтинг кремэн мист/1823/,Бусад,D
PROBIODERM™ 3D Лифтинг маск (1ш)/5493/,Бусад,D
PROBIODERM™ 3D лифтинг тос/0925/,Бусад,D
PROBIODERM™ Коллаген ремоделинг серум/3186/,Нэмэлт/уламжлалт,D
PROBIODERM™ Коллаген ремоделинг тос/3193/,Нэмэлт/уламжлалт,D
PROBIODERM™ Коллагентай арьс нөхөн сэргээх гелэн маск (6ш)/4084/,Нэмэлт/уламжлалт,D
PROBIODERM™ Коллагентэй Volume уруул томруулагч/9737/,Нэмэлт/уламжлалт,D
PROBIODERM™ Коллагентэй тон-ап нарны тос/1601/,Нэмэлт/уламжлалт,D
PROBIODERM™ Коллагентэй эссенс нарны тос/1595/,Нэмэлт/уламжлалт,D
"Propyl Parahydroxybenzoate CRS 150мг, стандарт бодис",Бусад,D
Prostamax капсул №30 /Fortex/,Нэмэлт/уламжлалт,D
Q'SAI N-ACETYLGLUCOSAMINE үе мөч дэмжигч 30ш /2390/,Нэмэлт/уламжлалт,D
Q'SAI Коллаген drink 10ш /2765/,Нэмэлт/уламжлалт,D
Q'SAI Коллаген drink 3ш /2796/,Нэмэлт/уламжлалт,D
Q'SAI Коллаген өвдөг үе дэмжигч 30ш /2246/,Нэмэлт/уламжлалт,D
Ramend F таргалалтын эсрэг шахм N192,Эм,E
Rascal №3  6-11кг 36ш,Бусад,D
Reference standard Taurine /Genferon/,Бусад,D
Renova хуурай салфетка гүзээлзгэны үнэртэй 9ш,Гоо сайхан/ариун цэвэр,D
Renova хуурай салфетка жижиг 7ш,Гоо сайхан/ариун цэвэр,D
Renova хуурай салфетка лаванда үнэртэй,Гоо сайхан/ариун цэвэр,D
Renova хуурай салфетка манго үнэртэй 9ш,Гоо сайхан/ариун цэвэр,D
Renova хуурай салфетка нэрсний үнэртэй багц 6 уут,Гоо сайхан/ариун цэвэр,D
Renova хуурай салфетка сарнайн үнэртэй,Гоо сайхан/ариун цэвэр,D
Renova хуурай салфетка фантаны үнэртэй 9ш,Гоо сайхан/ариун цэвэр,D
Renova хуурай салфетка халаасны багц 6 уут,Гоо сайхан/ариун цэвэр,D
Renova хуурай салфетка халаасны гааны үнэртэй,Гоо сайхан/ариун цэвэр,D
Renova хуурай салфетка халаасны гүз/үнэртэй багц 6 уут,Гоо сайхан/ариун цэвэр,D
Renova хуурай салфетка халаасны лаванда үнэртэй багц 6 уут,Гоо сайхан/ариун цэвэр,D
Renova хуурай салфетка халаасны манго үнэртэй багц 6 уут,Гоо сайхан/ариун цэвэр,D
Renova хуурай салфетка халаасны фантаны үнэртэй багц 6 уут,Гоо сайхан/ариун цэвэр,D
"RH COM (Rifampicin 150mg, Isoniazid 75mg Tablets) Sample",Бусад,D
RICO Sensitive салфетка 20ш,Гоо сайхан/ариун цэвэр,D
RICO нойтон салфетка Sensitive 80ш,Гоо сайхан/ариун цэвэр,D
RICO нойтон салфетка Signature 20ш,Гоо сайхан/ариун цэвэр,D
"Rico шингэн вок 1,8л",Бусад,D
Rico шингэн вок 1600мл,Бусад,D
Rio mints үр жимсний гаа N56 /1867/,Бусад,D
Rio mints ягаан усан үзэмний гаа N56 /0594/,Бусад,D
Rotbäckchen дархлаа дэмжих мини шот 125мл №1 /Haus Rabenhorst/,Эм,E
Rotbäckchen Лоорнинг мини шот 125мл №1 /Haus Rabenhorst/,Бусад,D
Rotbäckchen Мама нурсинг шүүс 450мл №1 /Haus Rabenhorst/,Хүнс,D
Rotbäckchen мини шот 125мл №1 /Haus Rabenhorst/,Бусад,D
Rotbäckchen Сан повер шот 125мл №1 /Haus Rabenhorst/,Бусад,D
Rotbäckchen шүүс 700мл №1 /Haus Rabenhorst/,Хүнс,D
RSK булуу 3#L №1 549590 /Just medical/,Эмнэлгийн хэрэгсэл,D
RSK булуу 3#R №1 549591 /Just medical/,Эмнэлгийн хэрэгсэл,D
RSK булуу 4#L №1 549588 /Just medical/,Эмнэлгийн хэрэгсэл,D
RSK булуу 4#R №1 549589 /Just medical/,Эмнэлгийн хэрэгсэл,D
RSK булуу 5#R №1 549587 /Just medical/,Эмнэлгийн хэрэгсэл,D
RSK булуу 6#L №1 549584 /Just medical/,Эмнэлгийн хэрэгсэл,D
RSK булуу 6#R №1 549585 /Just medical/,Эмнэлгийн хэрэгсэл,D
RSK жийрэг 2#10mm №1 549571 /Just medical/,Эмнэлгийн хэрэгсэл,D
RSK жийрэг 2#12mm №1 549570 /Just medical/,Эмнэлгийн хэрэгсэл,D
RSK жийрэг 2#14mm №1 549569 /Just medical/,Эмнэлгийн хэрэгсэл,D
RSK жийрэг 2#16mm №1 549568 /Just medical/,Эмнэлгийн хэрэгсэл,D
RSK жийрэг 4#10mm №1 549565 /Just medical/,Эмнэлгийн хэрэгсэл,D
RSK жийрэг 4#12mm №1 549564 /Just medical/,Эмнэлгийн хэрэгсэл,D
RSK жийрэг 4#14mm №1 549563 /Just medical/,Эмнэлгийн хэрэгсэл,D
RSK жийрэг 4#16mm №1 549562 /Just medical/,Эмнэлгийн хэрэгсэл,D
RSK жийрэг 6#10mm №1 549559 /Just medical/,Эмнэлгийн хэрэгсэл,D
RSK жийрэг 6#12mm №1 549558 /Just medical/,Эмнэлгийн хэрэгсэл,D
RSK жийрэг 6#14mm №1 549557 /Just medical/,Эмнэлгийн хэрэгсэл,D
RSK шилбэ 2 №1 549601 /Just medical/,Эмнэлгийн хэрэгсэл,D
RSK шилбэ 3 №1 549600 /Just medical/,Эмнэлгийн хэрэгсэл,D
RSK шилбэ 4 №1 549599 /Just medical/,Эмнэлгийн хэрэгсэл,D
RSK шилбэ 5 №1 549598 /Just medical/,Эмнэлгийн хэрэгсэл,D
RSK шилбэ 6 №1 549597 /Just medical/,Эмнэлгийн хэрэгсэл,D
RSL ревишен стем 13x170 №1 832717 /Just medical/,Эмнэлгийн хэрэгсэл,D
RSL ревишен стем 14x170 №1 832718 /Just medical/,Эмнэлгийн хэрэгсэл,D
RSL ревишен стем 14x205 №1 832725 /Just medical/,Эмнэлгийн хэрэгсэл,D
RSL ревишен стем 14x245 №1 832733 /Just medical/,Эмнэлгийн хэрэгсэл,D
RSL ревишен стем 15x170 №1 832719 /Just medical/,Эмнэлгийн хэрэгсэл,D
RSL ревишен стем 15x205 №1 832726 /Just medical/,Эмнэлгийн хэрэгсэл,D
RSL ревишен стем 15x245 №1 832734  /Just medical/,Эмнэлгийн хэрэгсэл,D
RSL ревишен стем 16x205 №1 832727 /Just medical/,Эмнэлгийн хэрэгсэл,D
RSL ревишен стем 17x245 №1 832736 /Just medical/,Бусад,D
RSL ревишен стем 18x245 №1 832737 /Just medical/,Бусад,D
RSL ревишен стем 19x245 №1 832738 /Just medical/,Бусад,D
Ruboril Expert Intense - Хялгасан судасыг эрчимтэй агшаах түрхлэг/9659/ 15мл,Бусад,D
Sadoer гарын тос 30гр авокадотай,Гоо сайхан/ариун цэвэр,D
Sadoer гарын тос 30гр витамин С,Гоо сайхан/ариун цэвэр,D
Sadoer гарын тос 30гр тоортой,Гоо сайхан/ариун цэвэр,D
Sample  Insty Granules 10’s,Бусад,D
Sample  Insty Lemon Granules 10’s,Бусад,D
Sample  Insty Sugar free Granules 10’s,Бусад,D
Sample Acnotin 10mg N30,Бусад,D
Sample Acnotin 20mg N30,Бусад,D
Sample Atosiban 37.5mg,Бусад,D
Sample Atosiban 6.75mg,Бусад,D
Sample Atosiban 75mg,Бусад,D
Sample Cal w/D3 650mg/400IU Tab280,Бусад,D
Sample Cipol-N 25mg caps. CKD,Бусад,D
Sample Dramina tablets,Бусад,D
Sample Etoposide 100мг №8 капсул,Эм,E
Sample Folic Acid 1mg Tab 90,Бусад,D
sample Genferon 1000000,Бусад,D
sample Genferon 500000,Бусад,D
sample Genferon light 125000,Бусад,D
sample Genferon light 250000,Бусад,D
Sample Insty for Kids Granules 10’s,Бусад,D
Sample Insty for Kids Granules 30’s,Бусад,D
Sample Insty Granules 30’s,Бусад,D
Sample Insty Lemon Granules 30’s,Бусад,D
Sample Insty Max  Granules 5's,Бусад,D
Sample Insty Max Granules (Individual Thick Extracts) 15gm,Бусад,D
Sample Insty Max Granules 10's,Бусад,D
Sample Insty Sugar free Granules 30’s,Бусад,D
Sample IvySweets Sour Blast Green Apple,Бусад,D
Sample IvySweets Sour Peach,Бусад,D
Sample IvySweets Strawberries,Бусад,D
Sample IvySweets Watermelon,Бусад,D
Sample IvySweets Wild berries,Бусад,D
Sample Linkus Balsam 25g,Бусад,D
Sample Mag Bisgly 200mg VCAP120,Бусад,D
Sample Melatonin 10mg TR TAB 60,Нэмэлт/уламжлалт,D
Sample Muteran Gran (Medicine),Бусад,D
sample Mycophenolate mofetil WS,Бусад,D
Sample Papper,Бусад,D
Sample ProORS Sachet (Blackcurrent),Бусад,D
Sample ProORS Sachet (LIME),Бусад,D
Sample ProORS Sachet (Litchi),Бусад,D
Sample ProORS Sachet (Pineapple),Бусад,D
Sample ProORS Sachet (Tender Coconut),Бусад,D
Sample Skycellflu Multi inj vaccine,Бусад,D
Sample Skycellflu PFP vaccine,Бусад,D
Sample Sleep Cycle Trilayer TR Tab60,Бусад,D
Sample Thromboflux 1.500.000IU,Бусад,D
Sample U-TRP 100.000IU,Бусад,D
Sample Umedica Powergra 50mg,Бусад,D
Sample Umedica Vigro 100mg,Бусад,D
Sample Vit C 500mg Oran ChwTab 300,Бусад,D
Sample Vit E 400IU SG 120,Бусад,D
Sample VitD3 1000IU Tab260,Бусад,D
Sample Xailin Night eye ointment,Бусад,D
Sample Zerkalin 30ml,Бусад,D
Sample Дапалон Дуо - 10/1000мг шахмал,Эм,E
Sample Дапалон Дуо - 10/500мг шахмал,Эм,E
Sample Изофра 15мл хамрын цацлага,Эм,E
Sample Полидекса 15мл хамрын цацлага,Эм,E
Sample Силдапа М - 5/50/100мг,Бусад,D
Sample Силдапа М - 5/50/500мг,Бусад,D
Sample Силдапа М -5/50/750мг,Бусад,D
sample тивортин,Бусад,D
Sample Цефиксим 400мг №10,Бусад,D
Sang Sang Ton Up ундаа 120мл №10 /Dong-wha/,Хүнс,D
SAS нүүрний будаг арилгагч салфетка-алоетой №30,Гоо сайхан/ариун цэвэр,D
SAS нүүрний будаг арилгагч салфетка-витамин С-тэй №60,Гоо сайхан/ариун цэвэр,D
SAS нүүрний будаг арилгагч салфетка-гиалуронтой №60,Гоо сайхан/ариун цэвэр,D
SAS нүүрний будаг арилгагч салфетка-коллагентай №60,Нэмэлт/уламжлалт,D
SAS нүүрний будаг арилгагч салфетка-сарнайтай №30,Гоо сайхан/ариун цэвэр,D
SAS нүүрний будаг арилгагч салфетка-тарвастай №30,Гоо сайхан/ариун цэвэр,D
Saw Palmetto Extract түрүү булчирхай 420мг №60 /1778/,Бусад,D
Sebamed Anti Age Гиалурон комплекс серум_Үрчлээний эсрэг /Lifting Serum_30ml/,Гоо сайхан/ариун цэвэр,D
Sebamed Anti-Age Q10 Зовхины тос_Үрчлээний эсрэг /Q10 Lifting Eye Cream_15ml/,Гоо сайхан/ариун цэвэр,D
Sebamed Anti-Dry  Нөхөн сэргээх шампунь /Revitalizing Shampoo_200ml/,Гоо сайхан/ариун цэвэр,D
Sebamed Anti-Dry  Өдрийн тос_Хамгаалах /Day Defence Cream_50ml/,Гоо сайхан/ариун цэвэр,D
Sebamed Clear Face  Бактерийн эсрэг эмчилгээний хөөс /Antibacterial Cleansing Foam_150ml/,Гоо сайхан/ариун цэвэр,D
Sebamed Clear Face  Зөөлөн гуужуулагч /Gentle Scrub_150ml/,Гоо сайхан/ариун цэвэр,D
Sebamed Clear Face  Нүүрний тонер_батганы эсрэг /Facial Toner_150ml/,Гоо сайхан/ариун цэвэр,D
sebamed CLEAR FACE care gel 10 ml 1206951 /Sebamed - Mini Promotion/,Гоо сайхан/ариун цэвэр,D
Sebamed Clear Face Үрэвсэл хатаах гел_Батганы эсрэг /Anti Pimple Gel_50ml/,Гоо сайхан/ариун цэвэр,D
Sebamed Extreme-Dry  Эмчилгээний шампунь /Relief Shampoo_5% urea_200ml/,Гоо сайхан/ариун цэвэр,D
Sebamed Extreme-Dry Эмчилгээний биеийн тос / Repair Lotion_10% urea_200ml/,Гоо сайхан/ариун цэвэр,D
Sebamed Extreme-Dry Эмчилгээний гарын тос /Relief Hand Cream_5% urea_75ml/,Гоо сайхан/ариун цэвэр,D
Sebamed Extreme-Dry Эмчилгээний нүүрний тос /Relief Face Cream_5% urea_50ml/,Гоо сайхан/ариун цэвэр,D
Sebamed Extreme-Dry Эмчилгээний хөлний тос /Repair Foot Cream_10% urea_100ml/,Гоо сайхан/ариун цэвэр,D
Sebamed Hair  Гэмтэлтэй үсний шампунь /Repair Shampoo_200ml/,Гоо сайхан/ариун цэвэр,D
Sebamed Hair  Үсний ангижруулагч /Repair Conditioner_200ml/,Гоо сайхан/ариун цэвэр,D
sebamed HAIR CARE anti- dandruff shampoo 20 ml 3043951 /Sebamed - Mini Promotion/,Гоо сайхан/ариун цэвэр,D
Sebamed Hair Үс уналтын эсрэг шампунь /Аnti-Hairloss Shampoo_1000ml/,Гоо сайхан/ариун цэвэр,D
Sebamed Hair Үс уналтын эсрэг шампунь /Аnti-Hairloss Shampoo_200ml/,Гоо сайхан/ариун цэвэр,D
Sebamed Hair Хагны эсрэг шампунь /Аnti-Dandruff Shampoo_1000ml/ 1563951 /Sebamed/,Гоо сайхан/ариун цэвэр,D
Sebamed Hair Хагны эсрэг шампунь /Аnti-Dandruff Shampoo_200ml/,Гоо сайхан/ариун цэвэр,D
"Sebamed PRO!  Арьсны эсийг шинэчилэх, залуужуулах тос_Пробиотик /Regenerating Cream 50ml/",Нэмэлт/уламжлалт,D
Sebamed PRO! Эрчимжүүлсэн серум_Пробиотик /Intensive Serum 30ml/,Нэмэлт/уламжлалт,D
sebamed SENSITIVE SKIN cleansing bar 20 g 3012952  /Sebamed - Mini Promotion/,Гоо сайхан/ариун цэвэр,D
sebamed SENSITIVE SKIN moisturizing body lotion 15 ml 3072951 /Sebamed - Mini Promotion/,Гоо сайхан/ариун цэвэр,D
Sebamed Sensitive Биеийн сүүн шингэн /Nourishing Body Milk_200ml/,Гоо сайхан/ариун цэвэр,D
Sebamed Sensitive Биеийн сэргээх шингэн саван /Fresh Shower_200ml/,Гоо сайхан/ариун цэвэр,D
"Sebamed Sensitive Мицелляр ус_Холимог, тослог арьс /Oily&Combi 200ml/",Гоо сайхан/ариун цэвэр,D
"Sebamed Sensitive Мицелляр ус_Энгийн, хуурай арьс /Normal&Dry_200ml/",Гоо сайхан/ариун цэвэр,D
"Sebamed Sensitive Нүүр цэвэрлэгч_Холимог, тослог арьс /Gentle Facial cleanser_Oily&Combi 200ml/",Гоо сайхан/ариун цэвэр,D
"Sebamed Sensitive Нүүр цэвэрлэгч_Энгийн, хуурай арьс /Gentle Facial cleanser_Normal&Dry_150ml/",Гоо сайхан/ариун цэвэр,D
"Sebamed Sensitive Нүүр, бие ш.саван_Чидун /Olive Face & Body Wash 200ml/",Гоо сайхан/ариун цэвэр,D
Sebamed Sensitive Уруулны хамгаалалтын тос /Lip Defense_SPF-30_4.8gr/,Гоо сайхан/ариун цэвэр,D
Sebamed Sensitive Үнэр дарагч /Intimate Deodorant_125ml/,Гоо сайхан/ариун цэвэр,D
Sebamed Sensitive Хөлс дарагч Spray /Fresh Deo lime_75ml/,Гоо сайхан/ариун цэвэр,D
Sebamed Sensitive Цэвэрлэгч хатуу саван /Cleansing Bar_100gr/,Гоо сайхан/ариун цэвэр,D
Sebamed Sensitive Чийгшүүлэгч тос_E витамин /Moisturizing cream_50ml/,Гоо сайхан/ариун цэвэр,D
Sebamed Sensitive Чийгшүүлэгч тос_E витамин /Moisturizing cream_75ml/,Гоо сайхан/ариун цэвэр,D
Sebamed Sensitive Эмэгтэйчүүдийн эмульсэн цэвэрлэгч 15-50 /Intimate Wash Emulsion_200ml/,Гоо сайхан/ариун цэвэр,D
Sebamed Sensitive Эрчимтэй чийгшүүлэгч гарын тос /Intensive Hand Cream_75ml/,Гоо сайхан/ариун цэвэр,D
Sebamed Sensitive Язралтын эсрэг тос /Anti-Stretch Mark Cream_200ml/,Гоо сайхан/ариун цэвэр,D
Sebamed цаасан тор том N1,Гоо сайхан/ариун цэвэр,D
Sensex бэлгэвч №3 анатом,Бусад,D
Sensex бэлгэвч №3 классик,Бусад,D
Sensex бэлгэвч №3 нимгэн,Бусад,D
Sensex бэлгэвч №3 товруутай,Бусад,D
Sensex бэлгэвч №3 удаашруулагчтай,Бусад,D
Sensex бэлгэвч №3 цагирган хээтэй,Бусад,D
Sensitive Care Day 25cm N14 /1193/,Бусад,D
Sensitive Care Day-Night 30cm N12 \1216\,Бусад,D
Sensitive Care Night 35cm N10 / 1223/,Бусад,D
Sensodyne 00 natural white 75мл эмзэгшил намдаах 1288,Бусад,D
Sensodyne daily protection 50мл,Бусад,D
Sensodyne Gentle floss Total Care Фтортой Шүдний утас 30м,Бусад,D
Sensodyne herbal эмзэгшил намдаах оо 75мл,Бусад,D
Sensodyne Toothbrush Хэт мэдрэмтгий шүдний Шүдний сойз,Эмнэлгийн хэрэгсэл,D
Sensodyne Ежедневная защита шүд/оо Хэт мэдрэг шүд хамгаалах Шүдний оо 100мл,Бусад,D
"Sensodyne Комплексная защита шүд/оо Хэт мэдрэгшил, буйлны үрэвсэл эмчлэх Шүдний оо 75мл",Бусад,D
sensodyne мэдрэмтгий шүдийг эрчимтэй цайруулах  75мл \1968\,Бусад,D
sensodyne оо восстановление 75 мл \5477\,Бусад,D
"Sensodyne паалан бэхжүүлэх, цоорлоос хамгаалах шүдний оо 50м",Бусад,D
Sensodyne С фтором шүд/оо Шүдний мэдрэгшил эмчилэх фтортой Шүдний оо 50мл,Бусад,D
sensodyne С фтором шүдний мэрэгшил эмчилэх фтортой  75мл \4969\,Бусад,D
"Sensodyne хэт мэдрэгшил,цоорлын эсрэг гаатай ам зайлагч 500мл",Бусад,D
"Sensodyne хэт мэдрэгшил,цоорлын эсрэг шүдний оо 75мл",Бусад,D
Sensodyne эффект шүд/оо Хэт мэдрэгшлийг 60 секундэд бууруулах Шүдний оо 75мл,Бусад,D
Showa 7кг diet цай 30ш /0838/,Бусад,D
Showa Дэрү дэрү өтгөн хаталт цай 24ш /0777/,Бусад,D
Showa Таккюүбин өтгөн хаталт цай 24ш /0363/,Бусад,D
Silky cotton нүүр цэвэрлэх хөвөн 100ш /6997/,Бусад,D
Silky cotton нүүр цэвэрлэх хөвөн 50ш /3568/,Бусад,D
SinSin pas өвчин намдаах цацлага,Эм,E
SinSin pas өвчин намдаах цацлага /сп/,Эм,E
SK Булуу (PS)2# R549634 /Just medical/,Эмнэлгийн хэрэгсэл,D
SK Булуу(PS)2# L549633 /Just medical/,Эмнэлгийн хэрэгсэл,D
SK Булуу(PS)3# L549631 /Just medical/,Эмнэлгийн хэрэгсэл,D
SK Булуу(PS)3# R549632 /Just medical/,Эмнэлгийн хэрэгсэл,D
SK Булуу(PS)4# L549629 /Just medical/,Эмнэлгийн хэрэгсэл,D
SK Булуу(PS)4# R549630 /Just medical/,Эмнэлгийн хэрэгсэл,D
SK Булуу(PS)5# L549627 /Just medical/,Эмнэлгийн хэрэгсэл,D
SK Булуу(PS)5# R549628 /Just medical/,Эмнэлгийн хэрэгсэл,D
SK Булуу(PS)6# L549625 /Just medical/,Эмнэлгийн хэрэгсэл,D
SK Булуу(PS)6# R549626 /Just medical/,Эмнэлгийн хэрэгсэл,D
SK Булуу(PS)7# L549623 /Just medical/,Эмнэлгийн хэрэгсэл,D
SK Булуу(PS)7# R549624 /Just medical/,Эмнэлгийн хэрэгсэл,D
SK Булуу(PS)8# L549621 /Just medical/,Эмнэлгийн хэрэгсэл,D
SK Булуу(PS)8# R549622 /Just medical/,Эмнэлгийн хэрэгсэл,D
SKI Жийрэг (PS)2# 10mm (Шилбэ 2#/3#)549613 /Just medical/,Эмнэлгийн хэрэгсэл,D
SKI Жийрэг (PS)2# 12mm (Шилбэ 2#/3#)549612 /Just medical/,Эмнэлгийн хэрэгсэл,D
SKI Жийрэг (PS)2# 14mm (Шилбэ2#/3#)549611 /Just medical/,Эмнэлгийн хэрэгсэл,D
SKI Жийрэг (PS)2# 8mm (Шилбэ 2#/3#)549614 /Just medical/,Эмнэлгийн хэрэгсэл,D
SKI Жийрэг (PS)4# 10mm ( Шилбэ 4#/5#)549609 /Just medical/,Эмнэлгийн хэрэгсэл,D
SKI Жийрэг (PS)4# 12mm (Шилбэ 4#/5#)549608 /Just medical/,Эмнэлгийн хэрэгсэл,D
SKI Жийрэг (PS)4# 14mm (Шилбэ 4#/5#)549607 /Just medical/,Эмнэлгийн хэрэгсэл,D
SKI Жийрэг (PS)4# 8mm (Шилбэ 4#/5#)549610 /Just medical/,Эмнэлгийн хэрэгсэл,D
SKI Жийрэг (PS)6# 10mm (Шилбэ 6#/7#)549605 /Just medical/,Эмнэлгийн хэрэгсэл,D
SKI Жийрэг (PS)6# 12mm (Шилбэ 6#/7#)549604 /Just medical/,Эмнэлгийн хэрэгсэл,D
SKI Жийрэг (PS)6# 14mm (Шилбэ 6#/7#)549603 /Just medical/,Эмнэлгийн хэрэгсэл,D
SKI Жийрэг (PS)6# 8mm (Шилбэ 6#/7#)549606 /Just medical/,Эмнэлгийн хэрэгсэл,D
SKI Жийрэг (PS)Шилбэ 1# 12mm549616 /Just medical/,Эмнэлгийн хэрэгсэл,D
SKI Жийрэг (PS)Шилбэ1# 10mm549617 /Just medical/,Эмнэлгийн хэрэгсэл,D
SKI Жийрэг (PS)Шилбэ1# 14mm549615 /Just medical/,Эмнэлгийн хэрэгсэл,D
SKI Жийрэг (PS)шилбэ1# 8mm549618 /Just medical/,Эмнэлгийн хэрэгсэл,D
SKI Шилбэ (PS)1#549643 /Just medical/,Эмнэлгийн хэрэгсэл,D
SKI Шилбэ (PS)2#549642 /Just medical/,Эмнэлгийн хэрэгсэл,D
SKI Шилбэ (PS)3#549641 /Just medical/,Эмнэлгийн хэрэгсэл,D
SKI Шилбэ (PS)4#549640 /Just medical/,Эмнэлгийн хэрэгсэл,D
SKI Шилбэ (PS)5#549639 /Just medical/,Эмнэлгийн хэрэгсэл,D
SKI Шилбэ (PS)6#549638 /Just medical/,Эмнэлгийн хэрэгсэл,D
SKI Шилбэ (PS)7#549637 /Just medical/,Эмнэлгийн хэрэгсэл,D
SKIN PLANET BIOMEFLORA арьс тайвшруулах бүүстер маск №1,Бусад,D
"SKIN PLANET BIOMEFLORA арьс чангалах, өргөх бүүстер маск №1",Бусад,D
"SKIN PLANET BIOMEFLORA арьс чийгшүүлэх, цайруулах бүүстер маск №1",Бусад,D
SKIN PLANET DAILY FRESH GARDEN анартай маск №1,Бусад,D
SKIN PLANET DAILY FRESH GARDEN желлитэй маск №1,Бусад,D
"SKIN PLANET M-NMF чийгшүүлэгчтэй, залуужуулах маск №1",Бусад,D
SKIN PLANET N.M.F AQUA гүн чийгшүүлэх маск №1,Бусад,D
SKIN PLANET PEPTIDE  арьс өргөгчтөй алтан маск №1,Бусад,D
SKIN PLANET SELECTION  хүн орхоодойн найрлагатай сэргээх маск №1,Нэмэлт/уламжлалт,D
SKIN PLANET эмгэн хумсны найрлагатай залуужуулах маск №1,Бусад,D
Skinvape  ялаа шумуул үргээгэч цацлага +0 /0621/,Эм,E
Skinvape  ялаа шумуул үргээгэч цацлага +0 /3050/,Эм,E
"Slimwalk Medical оймс богино ,хар S-M",Бусад,D
"Slimwalk Трико Шөнийн ,ягаан S-M",Бусад,D
Smart rehydra or jelly 120gr /0436/,Бусад,D
Soft Hugs Pocket 18см өдөр тутам 20ш /6388/,Бусад,D
Soft Hugs Pocket 24см ариун цэврийн хэрэглэл 18ш /6272/,Эмнэлгийн хэрэгсэл,D
Soft Hugs Pocket 29см ариун цэврийн хэрэглэл 15ш /6265/,Эмнэлгийн хэрэгсэл,D
Soft Hugs Pocket 29см ариун цэврийн хэрэглэл 3ш /6258/,Эмнэлгийн хэрэгсэл,D
Soft Hugs Pocket 35см ариун цэврийн хэрэглэл 9ш /6241/,Эмнэлгийн хэрэгсэл,D
Soft Leaf ариутгалын зуун насттай нойтон салфетка 10ш /1195/,Гоо сайхан/ариун цэвэр,D
Soft Leaf ариутгалын зуун насттай нойтон салфетка 60ш /1188/,Гоо сайхан/ариун цэвэр,D
Soft Leaf ариутгалын нойтон салфетка  25ш тагтай /1342/,Гоо сайхан/ариун цэвэр,D
Soft Leaf ариутгалын нойтон салфетка 10ш /2629/,Гоо сайхан/ариун цэвэр,D
Soft Leaf Нордог цаасан салфетка 130ш Ууттай /8867/,Гоо сайхан/ариун цэвэр,D
Soft Leaf Нордог цаасан салфетка 200ш Хайрцагтай /9512/,Гоо сайхан/ариун цэвэр,D
Soft Leaf халаасны хуурай салфетка 4 давхар 10ш /9963/,Гоо сайхан/ариун цэвэр,D
Splat Baby бактери үржүүлэхгүй зөөлөн шүдний сойз 0-3 нас /1405/,Эмнэлгийн хэрэгсэл,D
Splat daily complex буйл хамгаалах үйлчилгээтэй 80мл,Бусад,D
"Splat Juicy лийрийн амттай фтортой гелэн оо 3+нас, 35мл /0132/",Бусад,D
Splat Juicy тарвасны амттай фтортой гелэн оо 3+нас 35мл /9816/,Бусад,D
Splat Juicy усан үзмийн амттай фтортой гелэн оо 3+ 35мл /9823/,Бусад,D
"Splat SMILEX flop down батганы наалт, өнгөлөг, 27ш",Эмнэлгийн хэрэгсэл,D
"Splat SMILEX flop down батганы наалт, тунгалаг, 30ш",Эмнэлгийн хэрэгсэл,D
Splat Toothbrush ultra шүдний сойз /0025/,Эмнэлгийн хэрэгсэл,D
Splat Бактери үржихээс 99%хамгаална 2-6 нас шүдний сойз /1412/,Эмнэлгийн хэрэгсэл,D
"Splat цитрустэй,үрэвсэлийн эсрэг ам зайлагч ам зайлагч 275мл",Бусад,D
"Splat эмийн ургамалтай, антиоксидант ам зайлагч ам зайлагч 275мл",Бусад,D
Strawberry smoothie 2kg 101002029 /ANNHOUSE/,Бусад,D
Strawberry Yogurt Macaron 50g /Annhouse/,Бусад,D
Straws(individual packing 7*250mm) 20PAK*BOX 101007068 /ANNHOUSE/,Бусад,D
Suavigel- Эмзэг цочирсон арьсны тайвшруулах түрхлэг 0348 40мл,Бусад,D
Sugar Cafe Syrup 1.5L 101002045 /ANNHOUSE/,Бусад,D
Sugarlolo apple cider vinegar pineapple sparkling дис /0066/,Бусад,D
Sugarlolo apple cider vinegar sparkling дис /9658/,Бусад,D
Sugarlolo apple sparkling дис /6374/,Бусад,D
Sugarlolo cloud soda zero sparkling can дис /9122/,Бусад,D
Sugarlolo lemon cider sparkling дис /7937/,Бусад,D
Sugarlolo melon soda zero sparkling can дис /9146/,Бусад,D
Sugarlolo melon soda zero sparkling can дис /9146/,Бусад,D
Sugarlolo shine muscat sparkling дис /8125/,Бусад,D
Sula анар жимс сахаргүй 60гр /0946/,Бусад,D
Sula гаа сахаргүй 60гр /0878/,Бусад,D
Sula мультивитамин сахаргүй 60гр /0786/,Нэмэлт/уламжлалт,D
Sulbactam Sodium W.S 1г,Бусад,D
Sumjung гэрэлтэй чих ухагч N1,Бусад,D
Sumjung сойз 9688 N1,Эмнэлгийн хэрэгсэл,D
Sumjung хулсны нүүрстэй шүдний сойз N1,Эмнэлгийн хэрэгсэл,D
Sumjung хүүхдийн шүдний сойз 3+ N1,Эмнэлгийн хэрэгсэл,D
Sumjung шүд чигчлэгч N1,Бусад,D
SUN Gum завсар цэвэрлэгч N30 /5054/,Гоо сайхан/ариун цэвэр,D
SUN Gum завсар цэвэрлэгч сойз M N20 /6129/,Эмнэлгийн хэрэгсэл,D
SUN Gum завсар цэвэрлэгч сойз N20 /6105/,Эмнэлгийн хэрэгсэл,D
SUN Gum завсар цэвэрлэгч сойз S N20 /6112/,Эмнэлгийн хэрэгсэл,D
SUN Gum шүд оо+сойз аялал сет /2268/,Эмнэлгийн хэрэгсэл,D
SUN Gum шүдний сойз /6335/,Эмнэлгийн хэрэгсэл,D
SUN Gum шүдний сойз /6359/,Эмнэлгийн хэрэгсэл,D
SUN Gum шүдний сойз hard /1162/,Эмнэлгийн хэрэгсэл,D
SUN Gum шүдний сойз hard /6403/,Эмнэлгийн хэрэгсэл,D
SUN Gum шүдний сойз regular /1155/,Эмнэлгийн хэрэгсэл,D
SUN Gum шүдний сойз regular /6397/,Эмнэлгийн хэрэгсэл,D
SUN Gum шүдний утас 40м /0707/,Бусад,D
SUN Gum шүдний утас 50м /5801/,Бусад,D
SUN Gum эмчилгээ ам зайлагч ногоон 500мл /8205/,Бусад,D
SUN Gum эмчилгээ ам зайлагч цэнхэр 500мл /8236/,Бусад,D
SUN Gum эмчилгээ ам зайлагч цэнхэр 80мл /8496/,Бусад,D
SUN Gum эмчилгээ шүд оо 35гр /9677/,Бусад,D
SUN Gum эмчилгээ шүд оо herbal 120гр /9684/,Бусад,D
SUN Gum эмчилгээ шүд оо гаа амт 120гр /0208/,Бусад,D
SUN Ora 2 шүдний утас уруул сав 40м /6297/,Бусад,D
SUN ORA Prem эрчимтэй цайр оо 17г арома /2974/,Бусад,D
SUN ORA Prem эрчимтэй цайр оо 17г минт /2967/,Бусад,D
SUN ORA Premium ам зайлагч минт 550мл /2752/,Бусад,D
SUN ORA Premium ам зайлагч минт 80мл /2769/,Бусад,D
SUN ORA Premium ам зайлагч флорал 550мл /2790/,Бусад,D
SUN ORA Premium оо арома 100г /3148/,Бусад,D
SUN ORA Premium оо минт 100г /3131/,Бусад,D
SUN ORA Premium оо цитрус 100г /3155/,Бусад,D
SUN Ora premium шүдний толь /8000/,Бусад,D
SUN Ora2 Me Stainclear Paste Floralwhitetea /1021/,Бусад,D
Sun Ora2 me жижиг оо минт 20гр /2363/,Бусад,D
SUN Ora2 Ам зайлагч  натурал минт 460мл /0932/,Бусад,D
SUN Ora2 Ам зайлагч натурал минт 80мл/0963/,Бусад,D
SUN Ora2 Ам зайлагч тоор минт 460мл /0949/,Бусад,D
SUN Ora2 Ам зайлагч цагаан цэцэгс 460мл /0956/,Бусад,D
SUN Ora2 Амны үнэр дарагч grapefruit 6гр /8861/,Гоо сайхан/ариун цэвэр,D
SUN Ora2 Амны үнэр дарагч quick mint 6гр /8830/,Гоо сайхан/ариун цэвэр,D
SUN Ora2 Амны үнэр дарагч күүл older 6гр /9400/,Гоо сайхан/ариун цэвэр,D
SUN Ora2 Амны үнэр дарагч күүл минт 6гр /8847/,Гоо сайхан/ариун цэвэр,D
SUN Ora2 Амны үнэр дарагч ногоон усан үзэм 6гр /0222/,Гоо сайхан/ариун цэвэр,D
SUN Ora2 Амны үнэр дарагч расберри минт 6гр /0215/,Гоо сайхан/ариун цэвэр,D
SUN Ora2 Арома жимстэй оо берри 130гр /2325/,Бусад,D
SUN Ora2 Арома жимстэй оо лавандер 130гр /2349/,Бусад,D
SUN Ora2 Арома жимстэй оо минт 130гр /2295/,Бусад,D
SUN Ora2 Оо сойз сэт нарийн /7355/,Эмнэлгийн хэрэгсэл,D
SUN Ora2 Оо сойзны сэт зөөлөн савтай /2121/,Эмнэлгийн хэрэгсэл,D
SUN Ora2 Сойз завсар цэвэрлэгчтэй дундаж /6266/,Эмнэлгийн хэрэгсэл,D
SUN Ora2 Сойз завсар цэвэрлэгчтэй хатуу /6273/,Эмнэлгийн хэрэгсэл,D
SUN Ora2 Сойз өнгөр арилгагч дундаж /6549/,Эмнэлгийн хэрэгсэл,D
SUN Ora2 Сойз өнгөр арилгагч зөөлөн /6532/,Эмнэлгийн хэрэгсэл,D
SUN Ora2 Сойз паалан өнгөлөгч  дундаж /6259/,Эмнэлгийн хэрэгсэл,D
SUN Ora2 Сойз паалан өнгөлөгч  зөөлөн /6242/,Эмнэлгийн хэрэгсэл,D
SUN Ora2 Сойз паалан өнгөлөгч  маш зөөлөн /6235/,Эмнэлгийн хэрэгсэл,D
SUN Ora2 Шүдний оо алим минт 140г /0109/,Бусад,D
SUN Ora2 Шүдний оо натурал минт  140г /9271/,Бусад,D
SUN Ora2 Шүдний оо тоор минт 140г /9295/,Бусад,D
SUN Ora2 Шүдний утас 30ш /6310/,Бусад,D
Sunbears хүүхдийн нарны сүү. SPF35 PA+++ /3404/,Бусад,D
Sungboon Editor Deep Collagen Power Boosting Mask 1ea,Нэмэлт/уламжлалт,D
"Sungboon Editor арьсийг коллаген бүүстлэх маск 37гр, 4ш /3601/",Нэмэлт/уламжлалт,D
"Sungboon Editor арьсны өнгийг жигдлэх, хар толбыг бүдрэгүүлэх пад 60ш /4844/",Бусад,D
"Sungboon Editor арьсны пигмент, толбыг бүдгэрүүлэх ампул /4820/",Эм,E
"Sungboon Editor арьсны тослог, pH тэнцвэржүүлэх нүхжилт гаргах ампул 30мл /0297/",Эм,E
Sungboon Editor Колеган агуулсан сэрүм мист 145мл /2833/,Бусад,D
"Sungboon Editor коллаген агуулсан, хөгшрөлтийн эсрэг капсул тос /2413/",Нэмэлт/уламжлалт,D
Sungboon Editor нүхжилт агшаах ампул + 30мл /2086/,Эм,E
Sungboon Editor нүхжилт агшаах тонер /4110/,Гоо сайхан/ариун цэвэр,D
"Sungboon Editor нүхжилт цэвэрлэж, агшаах тосон цэвэрлэгч /5186/",Гоо сайхан/ариун цэвэр,D
Sungboon Editor нүхжилт цэвэрлэх хөөсөн цэвэрлэгч /8309/,Гоо сайхан/ариун цэвэр,D
"Sungboon Editor торгон уургийн нэгдэл, арьс өргөх ампул /8934/",Эм,E
Sungboon Editor үрчлээний эсрэг коллаген бүүстлэх сэрүм /2840/,Нэмэлт/уламжлалт,D
Sungboon Editor цайруулах хар толботой тос /7043/,Бусад,D
"Sungboon нүх агшааж, зөөлөн гуйжуулах тонэр пад /8750/",Бусад,D
SUPREME-HG Өсөлтийн ангир уураг нунтаг 2г №30,Эм,E
Sweet potato latte paste 1kg 101002027 /ANNHOUSE/,Бусад,D
Sweetened Frozen Strawberries 1kg /Mega MGC/,Бусад,D
Target active 450гр 0984,Бусад,D
Target coconut 450гр 6535,Бусад,D
Target kiwi apple 450гр 6764,Бусад,D
Target mango 450гр 3862,Бусад,D
Target Maximum 450гр 2025,Бусад,D
Target orignal 450гр 1004,Бусад,D
Target peach 450 мл,Хүнс,D
Target zero 450гр 3886,Бусад,D
Tayo Халуун бууруулах наалт №6,Эмнэлгийн хэрэгсэл,D
Tealog apple green grape iced tea zero 500мл дис /5925/,Бусад,D
Tealog flat peach iced tea Zero 500мл дис /4447/,Бусад,D
Tealog green tangerine iced tea zero 500мл дис /4430/,Бусад,D
Tealog Ice tea flat peach sparkling can дис /5109/,Бусад,D
Tealog Ice tea gold apple can sparkling can дис /5116/,Бусад,D
Tealog ruby plum iced tea zero 500мл дис /5932/,Бусад,D
Teekanne Балжингарам цэцгийн цай 20ш /2782/,Бусад,D
Teekanne Мелатонинтай цай 20ш /0558/,Нэмэлт/уламжлалт,D
Ten ten Multi Vitamin N10*5=50 ууттай,Бусад,D
Ten ten Multi Vitamin N50 лаазтай,Эм,E
Ten ten Vita Гүзээлзгэнэтэй ундаа 190ml,Хүнс,D
Ten ten Vita Нэрстэй ундаа 190ml,Хүнс,D
TENGA Pocket секс хэрэгсэл block +21 /4166/,Бусад,D
TENGA Pocket секс хэрэгсэл биржгэр +21 /4159/,Бусад,D
TENGA Pocket секс хэрэгсэл долгионтой +21 /4142/,Бусад,D
TENGA VIO Ариун цэвэр шийт эр 10ш +21 /2654/,Бусад,D
TENGA вакум аяга кобальт бөгжтэй эр +21 /2692/,Бусад,D
TENGA вакум аяга секс хэрэгсэл эр +21 /2449/,Бусад,D
TENGA вакум секс хэрэгсэл мөнгөн +21 /2685/,Бусад,D
TENGA Зөөлөн аяга секс хэрэгсэл эр +21 /2456/,Бусад,D
TENGA Өндгөн секс хэрэгсэл +21 /0889/,Бусад,D
TENGA Өндгөн секс хэрэгсэл mesh +21 /0872/,Бусад,D
TENGA Өндгөн секс хэрэгсэл wind +21 /0858/,Бусад,D
TENGA Премиум вакум хэрэгсэл эр +21 /4979/,Бусад,D
Toffee Nut latte powder 1kg 101003013 /ANNHOUSE/,Бусад,D
TONEfitSUN веган нарны тос SPF50+ PA++++ /0200/,Бусад,D
TONEfitSUN нарны хамгаалттай күшн SPF50+  /0019/,Бусад,D
TONEfitSUN нарны хамгаалттай күшн SPF50+  /0095/,Бусад,D
TONEfitSUN тослог арьсанд зориулсан стик нарны тос SPF50+ PA++++ /0033/,Бусад,D
TONEfitSUN Уруулын бальзам бөөрөлзгөнө 03 SPF11 /0194/,Бусад,D
TONEfitSUN Уруулын бальзам таро 03 SPF10 /0170/,Бусад,D
TONEfitSUN Уруулын бальзам тоор 03 SPF10 /0163/,Бусад,D
TONEfitSUN Уруулын бальзам чангаанз 03 SPF10 /0187/,Бусад,D
TONEfitSUN хуурай арьсанд зориулсан нарны тос SPF50+ PA++++ /0040/,Бусад,D
Topicream хүүхдийн чийгшүүлэх сүүн тос 200гр,Бусад,D
Topicrem - AC тослог тэнцвэржүүлэх бактерийн эсрэг тос 40 мл,Бусад,D
Topicrem - AC үрэвслийг эрчимтэй хянах бактерын эсрэг серум,Гоо сайхан/ариун цэвэр,D
"Topicrem 2in1l/Хүүхдийн үс, бие угаагч /1906 500мл",Бусад,D
Topicrem 3т1 гүн цэвэрлэгч ус  3214 400гр,Гоо сайхан/ариун цэвэр,D
Topicrem 3т1 цэвэрлэгч ус 2378 200мл,Гоо сайхан/ариун цэвэр,D
Topicrem AC Mattifying Care/Үрэвсэлтэй арьс эмчлэх тос /3573 40мл,Бусад,D
Topicrem AC батга хатаах шавран маск / 4198 50мл,Бусад,D
"Topicrem Calm+ нарны тос SPF50+, 40мл",Бусад,D
"Topicrem Calm+ тайвшруулах зөөлөн тос /эмзэг, энгийн, холимог/ 40 мл",Бусад,D
Topicrem Calm+тайвшруулах 3т1цэвэрлэгч /эмзэг/  3924 200мл,Гоо сайхан/ариун цэвэр,D
"Topicrem Calm+тайвшруулах тос /холимог, тослог/2996 40гр",Бусад,D
Topicrem Cica repair,Бусад,D
Topicrem Cica repair/ Арьсны төрөл бүрийн шарх гэмтэл эдгээх тос /2682 40гр,Бусад,D
"Topicrem DA /Экзем, харшлыг эмчлэх цэвэрлэгч угаагч гель /2835 500гр",Гоо сайхан/ариун цэвэр,D
"Topicrem DA /Экзем,харшлын эсрэг тос/2583 200гр",Бусад,D
"Topicrem DA emollient экзем, харшлын тос 75гр",Бусад,D
"Topicrem DA emollient/ Экзем, харшлын эсрэг тос /2736 500гр",Бусад,D
Topicrem DA нүүрний тос 40 мл 4556,Гоо сайхан/ариун цэвэр,D
Topicrem Global Anti-aging fluid 40 ml,Бусад,D
Topicrem sun screen бүх төрлийн арьсны чийгшүүлэх нарны тос SPF50+ 50 мл 3+,Бусад,D
Topicrem ultra moisturizing shower gel /4389 1000мл,Бусад,D
Topicrem um serum Гүн чийгшүүлэх серум/3443 30мл,Гоо сайхан/ариун цэвэр,D
"Topicrem UR30 хайрст үлд, хуурайшилтын эсрэг гуужуулах тос 75 мл /4532/",Бусад,D
Topicrem АС мецилар ус /4488 200мл,Бусад,D
Topicrem АС мецилар ус /4495 400мл,Бусад,D
Topicrem бүх төрлийн арьсны шүршдэг нарны тос SPF50+ 150мл,Бусад,D
Topicrem гүн чийгшүүлэгч гарын тос /3252 50мл,Гоо сайхан/ариун цэвэр,D
Topicrem гүн чийгшүүлэх биеийн тос 200гр,Бусад,D
Topicrem гүн чийгшүүлэх гялалздаг /алтлаг/ тос 200мл/2880/,Бусад,D
Topicrem зовхины тос /3993 15мл,Гоо сайхан/ариун цэвэр,D
Topicrem Мөөгөнцөр/асуудалтай арьсны угаагч гель2699 200мл,Бусад,D
"Topicrem нөсөө толбо арилгах, цайруулах  серум /1388/",Гоо сайхан/ариун цэвэр,D
"Topicrem нөсөө толбо арилгах, цайруулах өдрийн тос /2477/",Бусад,D
"Topicrem Нөсөө толбо арилгах, цайруулах шөнийн тос 2484 40мл",Бусад,D
Topicrem сэвх нөсөөтэй арьсны цайруулах маск 50мл/ 4587/,Бусад,D
Topicrem тослог арьсны ариутган цэвэрлэгч /3269 400мл,Гоо сайхан/ариун цэвэр,D
Topicrem тослог арьсны ариутган цэвэрлэгч гель /2774 200мл,Гоо сайхан/ариун цэвэр,D
"Topicrem Үс, бие, нүүр цэвэрлэгч гель /2415 500мл",Гоо сайхан/ариун цэвэр,D
Topicrem Хуурай арьсны гуужуулагч /2873 200мл,Гоо сайхан/ариун цэвэр,D
Topicrem хуурай арьсны сүүн шингэн /2910 200мл,Гоо сайхан/ариун цэвэр,D
Topicrem Хуурай арьсны угаагч гель 200мл Нүүр цэвэрлэгч /2408/,Гоо сайхан/ариун цэвэр,D
Topicrem чийгшүүлэгч биеийн лосьон 500мл,Гоо сайхан/ариун цэвэр,D
Topicrem чийгшүүлэгч уруулын бальзам/2446,Бусад,D
Topicrem чийгшүүлэх нарны тос 40 мл /4907/,Бусад,D
Topicrem чийгшүүлэх нарны тос SPF50+ 200мл /5249/,Бусад,D
Topicrem чийгшүүлэх хөлийн тос 75 мл,Бусад,D
Topicrem Эмчилгээний сүүн шампунь/2323 500мл,Гоо сайхан/ариун цэвэр,D
Trifamox IBL 1500 inj sample,Бусад,D
Tsubaki Pex Damage Care&Repair Ангижруулагч 450ml /5977/,Гоо сайхан/ариун цэвэр,D
Tsubaki Pex Damage Care&Repair Шампунь 450ml /5830/,Гоо сайхан/ариун цэвэр,D
Tsubaki Premium Hair Fall Care & Repair Ангижруулагч 450ml /5403/,Гоо сайхан/ариун цэвэр,D
Tsubaki Premium Hair Fall Care & Repair Шампунь 450ml /5502/,Гоо сайхан/ариун цэвэр,D
Tsubaki Premium Moist Ангижруулагч 450ml /5250/,Гоо сайхан/ариун цэвэр,D
Tsubaki Premium Moist Шампунь 450ml /5236/,Гоо сайхан/ариун цэвэр,D
Tsubaki Premium Volume Repair Ангижруулагч 450ml /5632/,Гоо сайхан/ариун цэвэр,D
Tsubaki Premium Volume Repair Шампунь 450ml /5410/,Гоо сайхан/ариун цэвэр,D
"Tsuru Ca+Mg 14,7гр нунтаг /0481/",Эм,E
Tsuru Vitamin C нунтаг 8гр /0443/,Эм,E
"Tsuru будааны серамид коллаген 8,4гр /0498/",Нэмэлт/уламжлалт,D
"Tsuru мультавитамин нунтаг 8,4гр /0467/",Эм,E
"Tsuru төмөр нунтаг 8,4гр /0450/",Эм,E
"Tsuru цайр нунтаг 8,4гр /0474/",Эм,E
"Turmeric Liver Extract элэг хоргүйжүүлэх ,цөс ялгаралт №1 /0683/",Бусад,D
UHA  Кальци 20 өдөр /4930/,Бусад,D
UHA Gummi COQ10+DHA&EPA 14 өдөр /6821/,Бусад,D
UHA Витамин D 20ш /0022/,Бусад,D
UHA Витамин С 10 өдөр /8837/,Бусад,D
UHA Витамин С 20ш /9958/,Бусад,D
UHA Витамин С 30ш /1685/,Бусад,D
UHA Коллаген 14 өдөр /2407/,Нэмэлт/уламжлалт,D
UHA Мультвитамин 10 өдөр шинэ /4363/,Бусад,D
UHA Мультвитамин 30 өдөр шинэ /9737/,Бусад,D
UHA Төмөр 20 өдөр /5542/,Бусад,D
"UHA Төмөр, фолийн хүчил 10 өдөр /0268/",Бусад,D
"UHA Төмөр, фолийн хүчил 20 өдөр /0060/",Бусад,D
"UHA Төмөр, фолийн хүчил 30 өдөр /1807/",Бусад,D
UHA Хайлдаг Витамин С чихэргүй 30 өдөр /5927/,Бусад,D
UHA Хормын төдийд витамин витамин Д 30 өдөр /7620/,Бусад,D
UHA Хормын төдийд төмөр 30 өдөр /7955/,Бусад,D
UHA Цайр  гүзээлзгэнэ амт 20өдөр /6855/,Бусад,D
UHA Цайр 10 өдөр /4983/,Бусад,D
UHA Цайр 30 өдөр /4365/,Бусад,D
Ultra max ацх 150мм 30ш,Бусад,D
Ultra max ацх 240мм 10ш,Бусад,D
Ultra max ацх 260мм 10ш,Бусад,D
Ultra max ацх 280мм 8ш,Бусад,D
UNI  Zoo Бактер+ Кальци+ Вит Д  40ш /1306/,Бусад,D
UNI  Zoo Витамин С 40ш /1337/,Бусад,D
UNI  Zoo Мультивитамин 40ш /1320/,Нэмэлт/уламжлалт,D
UNI  Zoo төмөр фолийн хүчил 40ш /1313/,Бусад,D
UNI Acai Смүүти  200g /7369/,Бусад,D
UNI DHA EPA хүүхдийн витамин 90ш /0927/,Бусад,D
UNI IQ DHA  иштэй чихэр /0804/,Бусад,D
UNI Nobi спирулна өсөлт витамин 150г /1573/,Бусад,D
UNI ZOO Витамин С  150ш /0453/,Бусад,D
UNI ZOO Кальци гэдэс бактер 150ш /2892/,Бусад,D
UNI Zoo коллаген тоор серамид 150ш /2960/,Нэмэлт/уламжлалт,D
UNI ZOO Мультивитамин 150ш /0460/,Нэмэлт/уламжлалт,D
UNI Zoo Төмрийн бэлдмэл /0446/,Бусад,D
UNI Кальци лактоз иштэй чихэр /0828/,Бусад,D
UNI Хүүхдийн мульти витамин 100ш /0767/,Бусад,D
Unimat  анар & Асаи Смүүти Желе 10гр*14ш /2519/,Бусад,D
"UNIMAT  Хүүхдийн гоймон кальци, бактеритай",Бусад,D
UNIMAT  Хүүхдийн гоймон омегатай /1214/,Нэмэлт/уламжлалт,D
UNIMAT IQ DHA  иштэй чихэр 8ш /0880/,Бусад,D
Unimat ZOO Витамин D 150ш /3028/,Бусад,D
Unimat анар болон асай жимстэй  смүүти /1597/,Бусад,D
"UNIMAT Витамин А, корцетин /1221/",Бусад,D
UNIMAT Кальци лактоз иштэй чихэр 8ш /0897/,Бусад,D
Unimat киви & Ногоо Смүүти Желе 10гр*14ш /2526/,Бусад,D
"UNIMAT Хүүхдийн DHA, витамин Д /1207/",Бусад,D
UNIMAT Хүүхдийн ногооны жигнэмэг /1238/,Хүнс,D
UNIMAT Хүүхдийн нэрстэй жигнэмэг /1245/,Хүнс,D
"Unimat чиа үр, авакодатай смүүти /1603/",Бусад,D
Urgana аялалын сэт зөгийн жилийтэй /0502/,Бусад,D
Urgana башир цэцэгтэй шүдний оо 100 мл /3003/,Бусад,D
Urgana биеийн давсан СПА /0380/,Бусад,D
Urgana ванны бөмбөлөг 330гр /1252/,Бусад,D
Urgana гэдэсний дүүрэн арилгах массажны тос 50 мл /0793/,Бусад,D
Urgana жамц давстай шүдний оо 100 мл /3287/,Бусад,D
Urgana зөгийн жилийтэй шүдний оо 100мл /2990/,Бусад,D
Urgana нуралтын эсрэг тос 50мл /0809/,Бусад,D
Urgana тайван нойрыг дэмжих ванны давс /0885/,Бусад,D
Urgana уруул өнгөлөгч ногоон алимтай /0274/,Бусад,D
Urgana уруул өнгөлөгч чацарганатай /0255/,Бусад,D
Urgana уушигны тосон бигнүүр /2878/,Бусад,D
"Urgana үс уналтыг зогсоох, ургуулах багц /3249/",Бусад,D
Urgana үсний тоник 250мл,Гоо сайхан/ариун цэвэр,D
Urgana халгайн тос 100мл,Бусад,D
Urgana ханиаднаас хамгаалах гавар 8мл,Бусад,D
Urgana хөлийн дүрлэг 50гр /0342/,Бусад,D
Urgana хүүхдийн сойз ногоон /0618/,Эмнэлгийн хэрэгсэл,D
Urgana хүүхдийн сойз оранж /0601/,Эмнэлгийн хэрэгсэл,D
Urgana хүүхдийн сойз ягаан /0625/,Эмнэлгийн хэрэгсэл,D
Urgana хүүхдийн хоолойн цацлага 30мл,Эм,E
Urgana хүүхдийн хувцасны угаалгын шингэн вок 1.8 литр /0762/,Бусад,D
Urgana хүүхдийн шүдний оо аарцтай 75мл /0298/,Бусад,D
Urgana хүүхдийн шүдний оо ээзгийтэй 75мл /0281/,Бусад,D
Urgana шар сүүтэй хүүхдийн бактерийн эсрэг хөөсөн саван /0533/,Гоо сайхан/ариун цэвэр,D
Urgana шар сүүтэй хүүхдийн биеийн тос 250мл /0779/,Бусад,D
"Urgana шар сүүтэй хүүхдийн шампунь, шингэн саван 350мл",Гоо сайхан/ариун цэвэр,D
"Urgnan хүүхдийн угж, аяга угаах шингэн 500мл /0748/",Бусад,D
Uriage  халуун рашаан 300мл,Бусад,D
Uriage  халуун рашаан 50мл,Бусад,D
Uriage AGE ABSOLU коллагентай хөгшрөлтийн эсрэг өдрийн тос 50мл /9181/,Нэмэлт/уламжлалт,D
Uriage AGE ABSOLU коллагентай хөгшрөлтийн эсрэг серум 30мл /9976/,Нэмэлт/уламжлалт,D
Uriage AGE ABSOLU коллагентай хөгшрөлтийн эсрэг унтлагын маск 50мл /9198/,Нэмэлт/уламжлалт,D
Uriage age lift зовхины  тос чангалах үйлчилгээтэй  15мл /9211/,Гоо сайхан/ариун цэвэр,D
Uriage baby  хүүхдийн нуралтын эсрэг тос 100мл /8597/,Бусад,D
Uriage baby 1st spray хүүхдийн тайвшруулах нөхөн сэргээх спрей цайр+зэс 100мл /8641/,Эм,E
Uriage baby хүүхдийн анхны шампунь 200мл /8627/,Гоо сайхан/ариун цэвэр,D
Uriage baby хүүхдийн минералтай нарны тос SPF50+  50мл /5725/,Нэмэлт/уламжлалт,D
Uriage baby хүүхдийн халуун рашаан 150мл /5732/,Бусад,D
Uriage baby хүүхдийн цэвэрлэгч усан 500мл /8719/,Гоо сайхан/ариун цэвэр,D
Uriage baby хүүхдийн чийгшүүлэгч cүүн шингэн 500мл /8610/,Бусад,D
Uriage BARIEDERM CICA CREAM SPF50 гэмтэлтэй арьсны нарны тос 40мл /6548/,Бусад,D
Uriage BARIEDERM CICA-CREAM арьс нөхөн сэргээх тос 40мл /4735/,Бусад,D
Uriage bariesu нарны цацлага SPF30+ 200мл /8375/,Эм,E
Uriage bariesun нарны хамгаалалттай чийгшүүлэгч хуурай цацлага  SPF50+ 200мл /6500/,Эм,E
Uriage bariesun нөсөө толбоны эсрэг SPF50+ 40мл /8917/,Бусад,D
Uriage bariesun хөнгөн бүтэцтэй нарны тос SPF 50+ 30мл /9495/,Бусад,D
Uriage bariesun чийгшүүлэх нарны тос SPF50+ 50мл /8368/,Бусад,D
Uriage CICA DAILY нөхөн сэргээх чийгшүүлэх гэлэн тос 40мл /1924/,Бусад,D
Uriage depiderm зовхины тос нүдний хар хүрээ бүдгэрүүлэх 15мл /9792/,Гоо сайхан/ариун цэвэр,D
Uriage depiderm нөсөө толбо бүдгэрүүлж арьсыг гэрэлтүүлэх серум 30мл /9754/,Гоо сайхан/ариун цэвэр,D
Uriage depiderm нөсөө толбоны эсрэг эрчимтэй цайруулах шөнийн тос 30мл /9761/,Бусад,D
Uriage depiderm сэвх нөсөөний эсрэг нарны хамгаалалттай өдрийн тос SPF50+ 30мл /9778/,Бусад,D
Uriage depiderm цайруулах хөөсөн цэвэрлэгч  100мл /9785/,Гоо сайхан/ариун цэвэр,D
Uriage gyn-phy intimate эмэгтэйчүүдийн гелэн угаагч өдөр тутам хэрэглэх 200мл /5268/,Бусад,D
Uriage gyn-phy intimate эмэгтэйчүүдийн мист 50мл /6289/,Бусад,D
Uriage hyseac батга хатаагч гель 15мл,Бусад,D
Uriage hyseac батгатай арьсны нүх агшаах тонер 250мл /0125/,Гоо сайхан/ариун цэвэр,D
"Uriage hyseac батгатай арьсны тослог тэнцвэржүүлж, нөхөн төлжүүлэх серум 30мл /0101/",Гоо сайхан/ариун цэвэр,D
Uriage hyseac батгатай арьсны хөнгөн бүтэцтэй нарны тос 50мл /0057/,Бусад,D
Uriage hyseac батгатай арьсны цэвэрлэгч гель 150мл/0973/,Гоо сайхан/ариун цэвэр,D
Uriage hyseac батгатай арьсны чийгшүүлэх тос 40мл /0040/,Бусад,D
Uriage POWER3 DEODORANT ROLL-ON Хөлс дарагч 50мл,Гоо сайхан/ариун цэвэр,D
Uriage pruriced захтнаа намдаах гелэн түрхлэг 100мл,Бусад,D
"Uriage pruriced шумуулын тайвшруулах гель, төмөр хошуутай 15мл",Бусад,D
Uriage roseliane  эмзэг улайлттай арьсны тос SPF 30+ 40мл,Бусад,D
Uriage roseliane эмзэг улайлттай арьсны тайвшруулах цэвэрлэгч 250мл,Гоо сайхан/ариун цэвэр,D
Uriage xemose  чийгшүүлэгч уруулын тос 4г,Бусад,D
Uriage xemose псориазид зориулсан тайвшруулах нөхөн сэргээх тос 150мл,Бусад,D
Uriage xemose хэт хуурайшилттай эмзэгшсэн арьсны зөөлөн тосон цэвэрлэгч  200мл,Гоо сайхан/ариун цэвэр,D
Uriage xemose эмзэгшил намдаах  цацлага 200мл,Эм,E
Uriage xemose эмзэгшсэн хэт хуурайшилттай арьсны тайвшруулах бальзам 200мл,Бусад,D
Uriage батгатай арьсны нүх агшаах тонер 250мл /8306/,Гоо сайхан/ариун цэвэр,D
Uriage батгатай арьсны тослог тэнцвэржүүлэх эмульс 40мл /1734/,Бусад,D
Uriage батгатай арьсны чийгшүүлж тайвшруулах тос 40мл,Бусад,D
Uriage уруулын тос чийгшүүлэгч  4г,Бусад,D
Uriage халуун рашаан 150мл,Бусад,D
Uriage халуун рашаантай  мицелляр цэвэрлэгч  энгийн  болон хуурай арьсны 250мл,Гоо сайхан/ариун цэвэр,D
Uriage халуун рашаантай  нүүрний тос чийгшүүлэх  50мл,Гоо сайхан/ариун цэвэр,D
Uriage халуун рашаантай зовхины тос чийгшүүлэх  15мл,Гоо сайхан/ариун цэвэр,D
Uriage халуун рашаантай мицелляр цэвэрлэгч эмзэг арьсны 100мл,Гоо сайхан/ариун цэвэр,D
Uriage халуун рашаантай мицелляр цэвэрлэгч эмзэг арьсны 250мл,Гоо сайхан/ариун цэвэр,D
Uriage халуун рашаантай мицелляр цэвэрлэгч энгийн хуурай арьсны 100мл,Гоо сайхан/ариун цэвэр,D
Uriage халуун рашаантай серум эрчимтэй чийгшүүлэх  30мл,Гоо сайхан/ариун цэвэр,D
Uriage халуун рашаантай чийгшүүлэх гарын тос 50мл,Гоо сайхан/ариун цэвэр,D
Uriage халуун рашаантай шөнийн маск  чийгшүүлэх  50мл,Бусад,D
Uriage халуун рашаантай эрчимтэй чийгшүүлэгч ессенз 100мл,Бусад,D
Uriage хөөсөн цэвэрлэгч 150 мл,Гоо сайхан/ариун цэвэр,D
Uriagel care батгатай арьсны чийгшүүлж тайвшруулах тос 40мл /0088/,Бусад,D
Vaseline Pet Jelly 100мл,Бусад,D
Vaseline Pet Jelly 12* 50мл,Бусад,D
Vita Jelly Витаминаар баялаг улаан хүн орхоодойн желли 20гр/600гр N30 Korea,Нэмэлт/уламжлалт,D
Vitachun Plus ундаа 100мл №10 /Dong-wha/,Хүнс,D
Vitago kids хүүхдийн кальц 223мг 30ш,Бусад,D
Vitago кальц 500мг 20ш,Бусад,D
Vitality Forte Энерги нөхөх улаан хүн орхоодойн охь 20мл/320мл N16 Korea,Нэмэлт/уламжлалт,D
Vitamix Nerve Care капсул N30 /Fortex/,Нэмэлт/уламжлалт,D
Vitiskin- Арьс цайх өвчний эмчилгээний тос/3277 50мл,Бусад,D
Vitos shot - Хар саримс 20мл N15,Бусад,D
Vitos SHOT Барагшун Алтангагнуур 20мл N15,Бусад,D
Vitos SHOT Бөөр хамгаалах 20мл N15,Бусад,D
Vitos shot-Бөөр хамгаалах 20мл N1,Бусад,D
Vitos shot-Хар саримс 20мл N1,Бусад,D
"VLT Creme Brulee 32P 7,5гр",Бусад,D
VT 100 COLLAGEN REEDLE SHOT STICK POUCH (10ш) /7317/,Нэмэлт/уламжлалт,D
VT 100 PRO CICA REEDLE SHOT SHOT STICK POUCH (10ш) /7324/,Бусад,D
VT 100 REEDLE SHOT STICK POUCH (10ш) /7294/,Бусад,D
VT 100 RETI-A REEDLE SHOT STICK POUCH (10ш) /7249/,Бусад,D
VT 100 VITA-LIGHT STICK POUCH (10ш) /7256/,Бусад,D
VT 300 REEDLE SHOT STICK POUCH (10ш) /7300/,Бусад,D
VT COLLAGEN REEDLE SHOT 100 /3692/,Нэмэлт/уламжлалт,D
VT MILD REEDLE SHOT 50 2-STEP MASK /6020/,Бусад,D
VT RED BOOSTER REEDLE SHOT 100 50мл /9175/,Бусад,D
VT REEDLE SHOT 100 /8363/,Бусад,D
VT REEDLE SHOT 1000 15мл /3500/,Бусад,D
VT REEDLE SHOT 300  50мл /8431/,Бусад,D
"VT REEDLE SHOT 50, 50мл /6196/",Бусад,D
"VT REEDLE SHOT 700, 30мл /8448/",Бусад,D
VT REEDLE SHOT EX CICA MODELING PACK /6143/,Бусад,D
VT REEDLE SHOT EX HYALURONIC MODELING PACK /6174/,Бусад,D
VT REEDLE SHOT EX VITAMIN MODELING PACK /6167/,Бусад,D
VT антиоксидантаар баялаг BLACK TRUFFLE REEDLE SHOT® 100 /0867/,Бусад,D
VT батга үүсэхээс сэргийлэх CICA DAILY SOOTHING MASK /7490/,Бусад,D
VT батганы эсрэг CICA RETI-A MASK /8028/,Бусад,D
VT батганы эсрэг RETI-A REEDLE SHOT 100 /6396/,Бусад,D
VT сорви болон гэмтсэн арьсыг SNAIL REEDLE SHOT 100B /9182/,Бусад,D
VT тослогийг тэнцвэршүүлэх VITA-LIGHT BRIGHTENING MASK /6242/,Бусад,D
VT тослогийг тэнцвэршүүлэх VITA-LIGHT REEDLE SHOT 100 /6402/,Бусад,D
VT чийгшүүлэх HYDROP REEDLE SHOT 100hL /7546/,Бусад,D
VT чийгшүүлэх HYDROP REEDLE SHOT 300hL /7553/,Бусад,D
"Weleda Arnica массаж тос, 50мл",Бусад,D
Weleda Baby Calendula бие болон үсний шампунь/3127 200мл,Гоо сайхан/ариун цэвэр,D
"Weleda Baby Calendula биеийн лосьон, 200мл 3134",Гоо сайхан/ариун цэвэр,D
Weleda Baby Calendula нуралтын тос/3103 30мл,Бусад,D
Weleda Baby Calendula нуралтын эсрэг тос 75мл /8311/,Бусад,D
Weleda Baby Calendula сүүн угаагч 200мл /6591/,Бусад,D
Weleda baby calendule бие болон нүүрниы тос 75 мл,Бусад,D
Weleda baby гэдэсний массажны тос 50мл,Бусад,D
Weleda baby шүдний гелэн оо 50мл,Бусад,D
"Weleda Baby, биеийн массажны тос 200мл /5365/",Бусад,D
"Weleda Birch целлулит массаж тос, 100мл",Бусад,D
Weleda Calendula хүүхдийн шампунь 400мл /0266/,Гоо сайхан/ариун цэвэр,D
"Weleda Harmony Бие угаагч Relax, 200мл 0776",Бусад,D
"Weleda Mama сүү оруулах цай,органик 40гр N1",Бусад,D
"Weleda Mama хярзангийн массажны тос, 50мл",Бусад,D
"Weleda Mama Язралтын эсрэг тос, 150мл",Бусад,D
Weleda mama язралтын эсрэг тос/0777 100мл,Бусад,D
"Weleda Men Хөлс дарагч, 50мл 5228",Бусад,D
Weleda Rosemary үс уналтын эсрэг ангижруулагч 150мл /0779/,Гоо сайхан/ариун цэвэр,D
Weleda Rosemary үс уналтын эсрэг шампунь 250мл /0378/,Гоо сайхан/ариун цэвэр,D
"Weleda Skinfood нүүр, биеийн тос light, 75мл - Weleda AG 1491",Бусад,D
"Weleda Skinfood нүүр, биеийн тос rich, 75мл - Weleda AG",Бусад,D
"Weleda Skinfood, 30мл 6481",Бусад,D
"Weleda Лавандатай массажны тос, 100мл",Бусад,D
"Weleda Үсний тэжээлийн тоник, 100мл",Гоо сайхан/ариун цэвэр,D
"Weleda Хөлс дарагч анартай, 50мл",Бусад,D
Weleda Шүдний оо фтортой 0+ 50мл /0519/,Бусад,D
Weleda Шүдний оо фтортой 6+ 50мл /8423/,Бусад,D
WHO international standard interferon alpha 2b /Genferon/,Бусад,D
WS 3-Hydrohybenzoic Acid Standart 150mg,Бусад,D
WS Etoposide,Бусад,D
WS Framycetin Sulfate 25mg,Бусад,D
WS Insty for Kids,Бусад,D
WS Insty Granules,Бусад,D
WS Insty Lemon Granules,Бусад,D
WS Linkus Balsam,Бусад,D
WS Linkus Lozenges honey lemon,Бусад,D
WS Linkus Lozenges Mint,Бусад,D
WS Linkus Lozenges Orange,Бусад,D
"WS Methyl Parahydroxybenzoate 500mg, 1000mg",Бусад,D
WS Neomycin Sulfate Mic.Assay 25mg,Бусад,D
WS Neomycin Sulfate Secondary 150mg,Бусад,D
WS Noamine EP 0.89mg,Бусад,D
WS nsty Sugar free Granules,Бусад,D
WS Phenylalanine WP 10mg,Бусад,D
WS Phenylephrine Hydrochloride 1000mg,Бусад,D
WS Polymyxin B sulfate Mic.Assay EP 25mg,Бусад,D
WS Polymyxin B Sulfate Secondary 200mg,Бусад,D
WS Streptokinase STR12,Бусад,D
WS Treptokinase 1vial,Бусад,D
WS Ulinastatin 1vial,Бусад,D
WS Ulinastatin UTI13,Бусад,D
Xerolan - Эмзэгшсэн арьсны тайвш/нөхөн төлжүүлэх тосон цацлага 9918 150мл,Эм,E
Yobick йогурт гүзээлзгэнэ 80мл /5894/,Бусад,D
Yobick йогурт оригинал 310мл /7166/,Бусад,D
Yobick йогурт оригинал 80мл /5665/,Бусад,D
Yobick йогурт сакура 310мл /7210/,Бусад,D
Yogurt Sparkling 250ml /8914/,Бусад,D
Yuhan Kimberly (Sample product) /Mega MGC/,Бусад,D
Yuwa ability цэвэрлэгч оранжи /5473/,Гоо сайхан/ариун цэвэр,D
Yuwa хувцас толбо арилгагч 10ш /5626/,Бусад,D
Yzone-Clean нунтаг 7г №1 /FELIZCOS/,Эм,E
Yzone-Clean угаагч 150г №1 /FELIZCOS/,Бусад,D
Zero Sample Product /Mega MGC/,Бусад,D
ZINC-M шахм 20мг N10,Эм,V
А.З Ажигцэрон 10гр,Бусад,D
А.З Алтангагнуур 15гр,Бусад,D
А.З Аньсны навч 10гр,Бусад,D
А.З Борголзонтой цай урга 50гр,Бусад,D
А.З Бөөрний зэхмэл ууттай 15гр,Бусад,D
А.З Бөөрний зэхмэл цай 50гр,Бусад,D
А.З Ганга өвс 10гр,Бусад,D
А.З Даралт бууруулах цай 50гр,Бусад,D
А.З Зүрхний зэхмэл цай 50гр,Бусад,D
А.З Лидэр өвс 10гр,Бусад,D
А.З Олсорхог халгай 10гр,Бусад,D
А.З Таван салаа 10гр,Эм,E
А.З Тархины цай 50гр,Бусад,D
А.З түрүү булчирхайн зэхмэл цай /4647/ 76гр,Бусад,D
А.З Ургамал Арц 15гр,Бусад,D
А.З Ургамал Ванжингарав 10гр,Бусад,D
А.З Ургамал Газрын хаг 10гр,Бусад,D
А.З Ургамал Монгол алтан хундага 10гр,Бусад,D
А.З Ургамал Нохойн хошуу 10гр,Бусад,D
А.З Ургамал сөд өвс,Бусад,D
А.З Ургамал Тэхийн шээг 15гр,Бусад,D
А.З Ургамал Цайны хужир 50гр,Бусад,D
А.З Ургамал Цээнийн үндэс 15гр,Бусад,D
А.З Ургамал Шилмүүс 100гр,Бусад,D
А.З Үе мөчний зэхмэл цай 50гр,Бусад,D
А.З Халгайн ханд 120гр,Бусад,D
А.З Хамар угаагч баллон 300гр,Бусад,D
А.З Хамар угаагчны давс 40ш,Бусад,D
А.З Хамар чийгшүүлэгч 70гр,Бусад,D
А.З Ханиадны зэхмэл 10гр,Бусад,D
А.З Ханиадны зэхмэл 50гр,Бусад,D
А.З хатаасан мойл 60гр,Бусад,D
А.З Ходоод нойр булчирхайн 50гр,Бусад,D
А.З Хоолой ам зайлах давс 80гр,Бусад,D
А.З Хоолой ам зайлах сода 100гр,Бусад,D
А.З Хулангийн ундаа 10гр,Хүнс,D
А.З Хуруу лент N48,Бусад,D
А.З Цагаан мөөг 10гр,Бусад,D
А.З Царван 10гр,Бусад,D
А.З цус шингэрүүлэх цай /4654/ 67гр,Бусад,D
А.З Чихрийн шижингийн цай 50гр,Бусад,D
А.З Шингэн алдалт зогсоох 15гр,Бусад,D
А.З Элэг цөсний зэхмэл 50гр,Бусад,D
А.З Эмэгтэйчүүдийн даавар нөхөх зэхмэл цай /4661/ 65гр,Бусад,D
А.З Юмдүүжин 10гр,Бусад,D
Абана шахм N50,Нэмэлт/уламжлалт,D
Абидиум капсул 2мг N100 /XL Laboratories PVT.Ltd/,Эм,V
Абико мagneloop хуянгийн зүүлт мах хар 50 см,Эмнэлгийн хэрэгсэл,D
Абико мagneloop хуянгийн зүүлт мах хар 60 см,Эмнэлгийн хэрэгсэл,D
Абико мистио ус лемоны амттай 500мл,Бусад,D
Абико мистио ус усан үзмийн амттай 280мл,Бусад,D
Абико нүүрний хаван буулгах үйлчилгээтэй витамин С /0239/,Бусад,D
Абико ядаргаа тайлах витамин С-тэй Желли /2568 /,Бусад,D
Абико ядаргаа тайлах нэг өдрийн витамин С /0130/,Бусад,D
Абуцел-BТ өтгөний уут 20-80мм N5,Бусад,D
Абуцел-К өтгөний уут 20-70мм N5,Эм,E
Абуцел-С өтгөний уут 20-60мм N5,Бусад,D
Авалтан шахмал 10мг/160мг №30 /Dongkoo Bio/,Эм,E
Авалтан шахмал 5мг/160мг №30 /Dongkoo Bio/,Эм,E
Аварин 300мг+60мг №30,Бусад,D
Агар-8 /Х/ N15,Бусад,D
Агафья /Хусны шүүстэй шампунь 500мл №1 /Natura Siberica/,Хүнс,D
Адаптол капс 300мг N20,Эм,E
Адаптол шахм 500мг N20,Эм,E
Адва-Айрон №60 /Nanjing/,Бусад,D
Адва-Биотикс КИДС МАКС 40мг15мл №10 /Kaifeng Red Maple/,Бусад,D
Адваграф капс 0.5мг N50,Эм,V
Адваграф капс 1мг N50,Эм,V
Аденерон лаа N10 /Vegapharm/,Эм,E
"АЕвит /алтай/ з/капс 100000 ОУН+0,1г N30",Хүнс,D
Аевит капс /минск/ №30,Хүнс,D
Азарга нүдний дусал 10мг+6.8мг-5мл N1 /Alcon-Couvreur/,Эм,E
Азибиот б/шахм 500мг N3,Эм,V
Азибру-500 б/шахм 500мг N3,Эм,V
АзитроВис капс /Азитромицин/ 500мг N3,Эм,V
АзитроВис хөв/н 100мг 5мл N1,Эм,V
АзитроВис хөв/н 200мг 5мл N1,Эм,V
Азитромицин /лек/ б/шахм 500мг N3,Эм,V
Азитромицин /лек/ хөв/н 200мг/5мл 20мл,Эм,V
Азитрон 100мг N6 /Монос/,Эм,V
Азитрон капс 250мг N10,Эм,V
Азитрон шахм 500мг N6,Эм,V
Азулен нунт 6мг/1.5г N1,Эм,E
Ай рич альфа /Eyerich alfa/ нүд/дус 15мл,Бусад,D
Айбранс б/шахм 100мг N21,Эм,E
Айбранс б/шахм 125мг N21,Эм,E
Аква Марис бэби сп/х 150мл N1,Эм,E
Аква Марис бэби сп/х 50мл,Эм,E
Аква Марис дусал хүүхэд 10мл,Эм,E
Аква Марис классик сп 1+ 30мл N1,Эм,E
"Аква Марис Лейка нунт / хамар угаах савтай / 2,97гр N30",Эм,E
Аква Марис норм сп/х 150мл,Эм,E
Аква Марис норм сп/х 50мл,Эм,E
"Аква Марис нунт морская соль 3+ 2,97гр N30",Эм,E
Аква Марис плюс сп/х 30мл,Эм,E
Аква Марис стронг сп/х 30мл,Эм,E
Аква Марис Экстра хамрын цацлага 150мл №1 /Jadran- Galenski/,Эмнэлгийн хэрэгсэл,D
Аква Марис эктоин сп/х 20мл,Эм,E
Аквавит Д3 уусм 375мкг/мл-10мл №1 /Technolog/,Эм,V
Аквадетрим Д3 дусал 10мл,Эм,V
Аквалор беби дусал 15мл N1,Эм,E
Акку-Чек актив аппарат /10тестгүй/ N1,Эмнэлгийн хэрэгсэл,D
"Аклавкеир 250 мг+62,5мг/5мл;60ml №1 /Huazhong/",Эм,V
Акридерм ГК 10мг/г+1мг/г+0.64мг/г-15г крем №1,Эм,V
"Акридерм крем 0,05% 15гр N1",Эм,V
Акридерм СK тос/т 15гр N1,Эм,V
Актиливер капс Морнинг N120,Эм,E
Албурел т/шин 20% 100мл,Эм,E
Албурел т/шин 20% 50мл N1,Эм,E
Алвовизан бүрх шахмал 2мг №28 /Haupt Pharma Munster/,Эм,E
Алергозол-DF сп 0.06%- 10мл N1,Эм,E
"Алергозол-DF х/дус 0,06% 10мл N1",Эм,E
Алерин шахм 5мг N10,Эм,V
Алка Зельтцер уус/шх N10,Эм,E
Алкафен назал з/капс N10,Эм,E
Алкобюз шахм 500мг N4,Эм,E
Аллетек шахм 10мг N100,Эм,V
Аллком шахм 500мг N4,Эм,E
Алмасан ууж хэрэглэх хөвмөл 10 г №20 /Stellapharm/,Эм,E
Алое /даль/ т/уусм 1мл N10,Эм,E
Алое /нахиа/ т/уусм 1мл N10,Эм,E
Алое найрлагатай уруул эмчилгээний тос /2 ширхэг/,Бусад,D
Алтан гагнуурын ханд /50ус/ ш/ханд 30мл,Эм,E
Алтан гагнуурын ханд /монос/ ш/ханд 20мл N1,Эм,E
Алфавит Антистресс шахм N60,Эм,E
Алфавит в сезон простуд шахм N60,Нэмэлт/уламжлалт,D
Алфавит Детский сад шахм N60,Нэмэлт/уламжлалт,D
Алфавит Диабет шахм N60,Нэмэлт/уламжлалт,D
Алфавит Классик шахм N120,Нэмэлт/уламжлалт,D
Алфавит Классик шахм N60,Нэмэлт/уламжлалт,D
Алфавит Косметик шахм N60,Нэмэлт/уламжлалт,D
Алфавит Мамино здоровье шахм N60,Нэмэлт/уламжлалт,D
Алфавит Мужчин шахм N60,Нэмэлт/уламжлалт,D
Алфавит Тинейжер шахм / 14-18 нас / N60,Нэмэлт/уламжлалт,D
Алфавит шахм / 50-с дээш нас / N60,Нэмэлт/уламжлалт,D
Алфавит Школьник шахм / 7-14 нас / N60,Нэмэлт/уламжлалт,D
Алфавит Энергия шахм N60,Нэмэлт/уламжлалт,D
Альбумин /ск плазма/ д/шин 20% 100мл,Эм,V
Альпикол 120мл сироп №1 /Gustav Klein/,Эм,E
Альфа Кальци з/капс N60,Эм,E
Ам шүдний сальфетка шинэ гүзээлзгэнэ 20ш,Бусад,D
Ам шүдний сальфетка шинэ усан үзэм 20ш,Бусад,D
Амар дэр /Одь тан/,Бусад,D
Амброксол /ivco/ т/уусм 15мг 2мл,Эм,V
Амвис б/шахм 120мг N40,Эм,E
Амигдалин В17 Ханд 10мл N10,Бусад,D
Амизон /хүүхэд 6-12 нас/ 125мг N10,Эм,E
Амизон б/шахм 250мг N10,Эм,E
Амикомплекс д/шин 91.70% 250мл,Эм,E
Амин дэм эрдэс бодисын комплекс DHC Perfect Supplement МV & M шахм N120,Нэмэлт/уламжлалт,D
"Амин хүчлийн хүч нунт 2,5гр N30",Эм,E
Аминовит 250мл дуслын шингэн №1,Эм,E
Аминокапроны хүчил /ivco/ д/шин 5% 100мл,Эм,E
Аминолебан дуслын шингэн 8%-500мл N1 /PT. Otsuka/,Эм,E
Аминосол д/шин 92.9% 250мл №1,Бусад,D
Амиокордин т/уусм 150мг 3мл N5,Эм,V
Амиокордин шахм 200мг N30,Эм,V
Амитриптилин-Гриндекс б/шахм 10мг N50,Эм,V
Амитриптилин-Гриндекс б/шахм 25мг N50,Эм,V
Амлесса шахм 4мг + 10мг N30,Эм,V
Амлесса шахм 4мг + 5мг N30,Эм,V
Амлесса шахм 8мг + 10мг N30,Эм,V
Амлесса шахм 8мг + 5мг N30,Эм,V
Амлизект шахм 10мг+20мг N30 /Replek/,Эм,V
Амлизект шахм 5мг+10мг N30 /Replek/,Эм,V
Амло Денк шахм 10мг N50,Эм,V
Амло Денк шахм 5мг N50,Эм,V
Амны хаалт цагаан N40,Эмнэлгийн хэрэгсэл,D
Амны хөндийн аяга /7883/,Бусад,D
Амны цацлага Анар 20мл №1 /Тэгш-анар ХХК/,Эм,E
Амны цацлага Гаатай 20мл N1,Эм,E
Амны цацлага Гүзээлзгэнэтэй 20мл N1,Эм,E
Амны цацлага Усан үзэм 20мл №1 /Тэгш-анар ХХК/,Эм,E
Амоксан хөв/н 125мг/5мл- 60мл N1,Эм,V
Амокси-Денк 1000 шахм 1000мг N10,Эм,E
Амокси-Денк 500 шахм 500мг N20,Эм,E
Амоксивелл 1000 шахмал N14,Эм,E
Амоксивелл 457 хөвмөл N1,Эм,E
АмоксиКейр ууж хэр хөвм бэлтг нунт 125мг/5мл-100мл №1 /Huazhong Pharmaceutical/,Эм,E
АмоксиКейр шахмал 250мг №100 /Huazhong Pharmaceutical/,Эм,E
Амоксиклав 2х б/шахм 1000мг N14,Эм,V
Амоксиклав б/шахм 2х 1000мг N10,Эм,V
"Амоксиклав Денк б/шахм 500/62,5  мг N16",Эм,V
Амоксиклав Денк нунт 1000мг+125 мг N8,Эм,V
Амоксиклав Денк нунт 1000мг+125мг N12,Эм,V
Амоксиклав хөв/н 312.5мг/5мл 100мл,Эм,V
Амоксиклав шахм 625мг N15,Эм,V
Амоксициллин /монос/ капс 250мг N10,Эм,V
Амоксициллин /монос/ капс 500мг N10,Эм,V
Амоксициллин /энси/ капс 250мг N10,Эм,V
Амоксициллин /энси/ капс 500мг N10,Эм,V
Амотакс Дис 1г бүрхүүлтэй шахмал №16,Эм,E
Ампициллин /энси/ капс 500мг N10,Эм,V
Ампициллин +Сульбактам тар/н 1000мг + 500мг N1,Эм,V
Ампициллин 1 Ж тар/н /энси/ 1гр N1,Эм,V
Амуулай багц N3,Бусад,D
Анакосинум үрэл 6гр №6 /Bhargava Phytolab/,Бусад,D
Анальгин / нахиа / т/уусм 50% 2мл N10,Эм,E
Анальгин /даль/ т/уусм 50% 2мл N10,Эм,E
Анальгин /мөнх.тун/ шахм 500мг N10,Эм,E
Анальгин /цомбо/ т/уусм 50% 2мл N10,Эм,E
Анарын үрийн ханд DHC шахм 500мг N60,Эм,E
Анастрозол-Денк б/шахм 1мг N30,Эм,V
Анаферон /хүүхэд/ дусал 25мл N1,Эм,E
Анаферон /хүүхэд/ шахм N20,Нэмэлт/уламжлалт,D
Анаферон шахм N20,Нэмэлт/уламжлалт,D
АнвиМакс нимбэг нунт N12,Эм,E
Ангиноваг аэр 20мл,Эм,E
Ангримакс капс N20,Эм,E
Анзибел мед лимон шахм N30,Эм,E
Анзибел ментол шахм N30,Эм,E
Аниос гель 1л №1 /Anios an ecolab company/,Бусад,D
Аносол д/шин 60.48% 250мл №1,Эм,E
Антацид кальци-6 капс N90,Нэмэлт/уламжлалт,D
Антифлу кидс нунт N5,Эм,E
Антифлу нунт N5,Эм,E
Антифлу шахм N12,Эм,E
"Антишемин шахмал 0,5г N30 /Тавин-Ус/",Эмнэлгийн хэрэгсэл,D
Анузол ш/г/лаа N10,Эм,E
Анхан тусламжийн цүнх жижиг,Бусад,D
Анхны тусламжийн иж бүрдэл N1,Бусад,D
Аожиру цэлцэгнүүр /том хүн/ 15гр №30 /Muromachi Chemical/,Бусад,D
Апаурин /Диазепам / шахм 5мг N30,Эм,V
Апидан экстенд шахмал 600мг N50 /Desitin/,Эм,E
Ариун наалт 10см*10см N1 /Дэлгэрэх Цоморлиг/,Эмнэлгийн хэрэгсэл,D
Ариун наалт 10см*15см N1 /Дэлгэрэх Цоморлиг/,Эмнэлгийн хэрэгсэл,D
Ариун наалт 10см*25см N1 /Дэлгэрэх Цоморлиг/,Эмнэлгийн хэрэгсэл,D
Ариун наалт 10см*30см N1 /Дэлгэрэх Цоморлиг/,Эмнэлгийн хэрэгсэл,D
Ариун нэрмэл ус тарилгын уусмал 500мл №1 /Энхийн шүүдэр ХХК/,Эм,E
Ариун сав 10мл,Бусад,D
"Ариун самбай /Gause swabs/ 7.5см*7,5см N5",Бусад,D
Ариун самбай 10см*10см /New med/ N5,Бусад,D
Ариун самбай 7.5см*7.5см эмн/х N5,Эм,E
Ариутан ариутан гель 30мл шинг N1,Бусад,D
Ариутан Ариутгах халдваргүйжүүлэх шингин 1л N1,Эм,E
Ариутан Ариутгах халдваргүйжүүлэх шингэн 250мл N1,Эм,E
Ариутан Ариутгах халдваргүйжүүлэх шингэн 50мл N1,Эм,E
Ариутан денатрут 50мл,Бусад,D
Ариутан денатрут спирт 1л,Бусад,D
Ариутан денатрут спрей 250мл,Эм,E
Артифлекс шахм N120,Нэмэлт/уламжлалт,D
Артифлекс шахм N180,Нэмэлт/уламжлалт,D
Артро актив Денк нунт N14,Эм,E
Арфен 125мг №10 лаа,Эм,V
Арфен 250мг №10 лаа,Эм,V
Асай бэрри Капсул №120 /Premium/,Эм,E
асаяки гэмтэлтэй үсний ангижруулагч 400мл \4910\,Гоо сайхан/ариун цэвэр,D
асаяки гэмтэлтэй үсний шампунь 400мл,Гоо сайхан/ариун цэвэр,D
асаяки гялалзуулагчтай ангижруулагч 400мл \4934\,Гоо сайхан/ариун цэвэр,D
асаяки гялалзуулагчтай шампунь 400мл,Гоо сайхан/ариун цэвэр,D
асаяки хуйхны эмчилгээний ангижруулагч 400мл,Гоо сайхан/ариун цэвэр,D
асаяки хуйхны эмчилгээний шампунь 450мл,Гоо сайхан/ариун цэвэр,D
асаяки шулуутгагчтай ангижруулагч 400мл \4897\,Гоо сайхан/ариун цэвэр,D
асаяки шулуутгагчтай шампунь 400мл \4880\,Гоо сайхан/ариун цэвэр,D
Аскорбины хүчил / Цомбо / 5% 2мл N10,Эм,V
Аскорбины хүчил /50ус/ шахм 50мг N10,Эм,V
Аскорбины хүчил 5%-2мл №10,Эм,V
Аскорутин /50ус/ шахм 300мг N10,Эм,E
Аскорутин /нахиа/ шахм 50мг/20мг N10,Эм,E
Аскорутин шахмал 300мг N10 /Нахиа/,Эм,E
Асмеф б/шахм 500мг N100,Эм,E
Аспаркам-Фармак тар/н/у 10мл N10,Эм,E
Аспирин нарийн гэдсэнд уусдаг бүрхүүлтэй шахмал 100мг N100 /Towa/,Эм,V
Аспирин С /монос/ шахм 500мг N10,Эм,E
Аспирин С уус/шх 400мг N10,Эм,E
Аспирин-100 /монос/ б/шахм 100мг N100,Эм,V
Аспирин-100 /монос/ шахм 100мг N100,Эм,V
Аспирин-81 /монос/ шахм 81мг N100,Эм,V
Асури ам арчилгааны багц,Бусад,D
Асури ам зайлагч 20ш,Бусад,D
Асури аяллын багц цүнхтэй,Бусад,D
Асури далайн давстай шүдний оо,Бусад,D
Асури нэмэлт толгойтой шүдний утастай багц,Нэмэлт/уламжлалт,D
Асури толбо арилгагч 20ш,Бусад,D
Асури толбо арилгагч 30ш,Бусад,D
Асури толгой хамгаалагчтай хүүхдийн сойз,Эмнэлгийн хэрэгсэл,D
Асури фтортой хүүхдийн шүдний оо,Бусад,D
Асури хөлс арилгах нойтон сальфетка 10ш,Бусад,D
Асури хүүхдийн багц,Бусад,D
Асури хэл цэвэрлэгчтэй багц,Гоо сайхан/ариун цэвэр,D
Атекс хамгаалалт бугуй L/XL N1,Бусад,D
Атектура Бризхалер ин/ц 150мкг+320мкг N1,Эм,V
Атенолол Денк шахм 50мг N100,Эм,V
Аторис б/шахм 10мг N30 /КРКА/,Эм,V
Аторис б/шахм 20мг N30,Эм,V
Аторис б/шахм 40мг N30,Эм,V
Атроп нүд/дус 1% 5мл,Эм,V
Аурокаин нүдний дусал 0.5%-5мл №1 /Aurolab/,Эм,E
Аурофорт нүд/дус 1% - 5мл N1,Эм,V
Афала шахм 0.003г N100 /Materia Medica/,Эм,E
Ацецис нунт 200мг N20,Эм,V
Ацецис нунт 600мг N10,Эм,V
Ацидофилус капс N100,Эм,E
Ацикловир /акр/ тос/т 5% 5гр N1,Эм,V
Ацикловир Акри шахм 200мг N20,Эм,V
Ацикловир Денк тос/т 5% 7гр N1,Эм,V
Ацикловир Денк шахм 200мг N25,Эм,V
Ацикловир крем 5%-5гр N1 /Coral/,Эм,V
Ацикловир-Акри 400мг шахмал №20,Эм,V
Ациклостад шахм 400мг N35,Эм,V
Ациклостад шахм 800мг N35,Эм,V
АЦЦ актив Нун/уус 600мг N10,Эм,V
АЦЦ лонг уус/шх 600мг N10,Эм,V
АЦЦ нунт 100мг N20,Эм,V
АЦЦ нунт 200мг N20,Эм,V
Аэртал б/шахм 100мг N60,Эм,E
"Аэртал крем 1,5% 60гр N1",Эм,E
Аюулгүйн хайрцаг 5л N1,Бусад,D
Аяга таваг угаагч шингэн Жимстэй 500г /Lion Corp./дис,Бусад,D
Аяга таваг угаагч шингэн Ногоон цайтай 500г /Lion Corp./ дис,Бусад,D
Аялалын сэт №5 /гранд төгс ха/,Бусад,D
Байгалийн гаралтай нуралтын тос,Бусад,D
Байгалийн гаралтай хүүхдийн цацлага 125гр,Эм,E
Бактеросин тос/т 15гр N1,Эм,V
Балабан 2%-15г тосон түрхлэг №1,Эм,V
Балжингаравын цай 10ш,Бусад,D
Бамбайн ханд /50ус/ 30мл N1,Бусад,D
Бамбайн ханд /монос/ 20мл N1,Эм,E
Барагшун бэлдмэл 220г /Одь тан/,Бусад,D
"Барагшун капс 0,25гр N30",Эм,E
Барбитал шахм 100мг N10,Эм,V
Барбитал шахм 5мг N10,Эм,V
Бароле капс 20мг N30,Эм,E
Барсукор 100мл N1,Эм,E
Барсукор 200мл N1,Бусад,D
Бартай наалт 7*10 №5 /Henan Kangdi Medical Device Company/,Эмнэлгийн хэрэгсэл,D
Бартай наалт 7*10см №10,Эмнэлгийн хэрэгсэл,D
Бартай өвчин намдаах наалт№10 /Ричшел ХХК /,Эмнэлгийн хэрэгсэл,D
Бартай халдаг наалт N1,Эмнэлгийн хэрэгсэл,D
Бартай хүйтэн  наалт N1,Эмнэлгийн хэрэгсэл,D
Батганы наалт /салицилтай/ ParAid №24,Эмнэлгийн хэрэгсэл,D
"Батганы наалт 8мм, 12мм №36 /Пожа Нова/",Эмнэлгийн хэрэгсэл,D
"Батганы наалт 8мм, 12мм №72 /Пожа Нова/",Эмнэлгийн хэрэгсэл,D
Батганы наалт N51 Beauty,Эмнэлгийн хэрэгсэл,D
"Батганы наалт олон өнгөтэй Од, Зүрх №108 /Пожа Нова/",Эмнэлгийн хэрэгсэл,D
"Батганы наалт хар өнгөтэй Од, Зүрх №108 /Пожа Нова/",Эмнэлгийн хэрэгсэл,D
Батганы наалт шөнийн эрчимжүүлсэн /сп/,Эмнэлгийн хэрэгсэл,D
Батганы тос 15гр №1 /Пожа Нова/,Бусад,D
"Батончик  ""Бүйлс- цангис жимс"" самар жимстэй  Mindy's 35г.",Бусад,D
"Батончик ""Кешью  Хулууны үр"" самар жимстэй 35г",Бусад,D
"Батончик ""Шоколад-Бүйлс-Апельсин"" самар жимстэй  Mindy's 35г.",Хүнс,D
Батончик бүрхүүлтэй уурагтай onlyfit /8032/,Бусад,D
Батончик бүрхүүлтэй уурагтай кокос onlyfit /8056/,Бусад,D
Батончик бүрхүүлтэй уурагтай шоколад onlyfit /8100/,Хүнс,D
"ББ-C тарилга тарилгын уусмал 5мг/мл-10мл №10 /Huons Co.,Ltd/",Эм,E
Бекутан КИДС ВИТС Мультиомега-3 250 мл N1,Нэмэлт/уламжлалт,D
"Белара б/шахм 0,03 мг+2 мг N21",Эм,E
Белла ideale regulan 80гр,Бусад,D
Белла ultra biue 10new,Бусад,D
Белла ацх green perpucta ultra silky drai 235мм N10,Бусад,D
Белла ацх шөнө perpucta ultra silky drai 315 N7,Бусад,D
Белла нүүрний хөвөн 40+120 /new /,Бусад,D
Белла нүүрний хөвөн 80+30,Бусад,D
Белла нүүрний хөвөн N25,Эм,E
Белла ө/тут панти софт N20,Бусад,D
Белла ө/тут панти фреш N20,Бусад,D
Белла ө/тут панти энержи N20 \1445\,Бусад,D
Белла ө/тутам ароме N20 \1421\,Бусад,D
Белла ө/тутам сенситив N20,Бусад,D
Беллергамин шахм N20,Эм,E
Бенефикс тарилгын уус бэлтг нунтаг+тариуртай уусгагч 500ОУН №1 /Пфайзер/,Эмнэлгийн хэрэгсэл,D
Бензатин пенициллин /энси/ тар/н 2.4 ОУН,Эм,E
Бензилбензоат /алтай/ тос/т 20% 25гр,Эм,V
Бензилпенициллин натри /энси/ тар/н 1гр,Эм,V
Бениквит В 3мл N5,Эм,E
Бепантен крем 100гр N1,Эм,E
Бепантен крем 5% 30гр,Эм,E
Бепантен мазь 5% 30гр,Эм,E
Бепантен мазь 5%-100гр №1,Эм,E
Бепантен плюс крем 50мг+5мг/г 30гр,Эм,E
Бепантен-дерма тослог тэнцвэржүүлэх биеийн лосион 200мл /Байер/,Бусад,D
Берривит Таамий Жо Жо  Чацарганатай үзэмтэй үрэл 60гр N1,Бусад,D
Берривит үрэл ааруул /аньстай/ 60гр N1,Бусад,D
Берривит үрэл ааруул /тарагтай/ 60гр N1,Бусад,D
Берривит үрэл ааруул /чацарганатай/ 60гр N1,Бусад,D
Берривит үрэл аньс /үзэмтэй/ 60гр,Бусад,D
БерриВит үрэл аньс 25гр,Бусад,D
БерриВит үрэл гаа /mint ball/ 25гр,Бусад,D
БерриВит үрэл нэрс /үзэмтэй/ 60гр N1,Бусад,D
БерриВит үрэл нэрс 25гр,Бусад,D
Берривит үрэл чацаргана /үзэмтэй/ 60гр N1,Бусад,D
БерриВит үрэл чацаргана 25гр,Эм,E
Беррилакт нунт N30 /Kendy/,Эм,E
Бесонин сп/х 64мг 7мл N1,Эм,V
Бетаклав б/шахм 500мг+ 125мг N14,Эм,V
Бетаклав б/шахм 875мг+ 125мг N14,Эм,V
Бетаклав хөвмөлийн нунтаг 400мг/5мл + 57мг/5мл-70мл N1 /KRKA/,Эм,V
Бетасал тосон түрхлэг тос/т 20мг N1,Эм,E
Бетозон Н крем 15гр,Эм,V
Бетозон-ЭН тос/т 15гр,Эм,V
Бетосалик тос/т 15гр,Эм,V
Бефрон хөвмөл 100мл/5мл-100мл N1 /Nobel/,Эм,V
Бидика шахм 25мг N120,Эм,E
Бидисептол шахм 480мг N20,Эм,V
Бидоп шахм 10мг N28,Эм,V
Бидоп шахм 5мг N28,Эм,V
Биеийн гуужуулагч /Кени манготой/ 250мл №1 /Natura Siberica/,Гоо сайхан/ариун цэвэр,D
Биеийн сэрүүцүүлэх цацлага /1292/,Эм,E
Билобил Интенсе 120мг N20,Нэмэлт/уламжлалт,D
Билобил Интенсе капс 120мг N60,Нэмэлт/уламжлалт,D
Билобил Форте капс 80мг N20,Нэмэлт/уламжлалт,D
Бинно судасны даралт оймс хоншооргүй урт шаргал S,Бусад,D
Бинно судасны даралт оймс хоншооргүй шаргал M,Бусад,D
Бинно судасны даралт оймс хоншооргүй шаргал S,Бусад,D
Бинт [Тавин-Ус] эмн/х 7м х14см N1,Бусад,D
Бинт [Тэгш-Анар] эмн/х 7м х14см N1,Бусад,D
Бинт /7*14см/ эмн/х N1,Бусад,D
Бинт 7м*14см N1 /Тэгш-Анар/,Бусад,D
Био-Тич Витамин Д3 капс 1000ОУН N100,Эм,V
Био-Тич Витамин Д3 капс 1000ОУН N250,Эм,V
Био-Тич Витамин Д3 капс 50000ОУН N100,Эм,V
Био-Тич Витамин Д3 капс 5000ОУН N100,Эм,V
Био-Тич Витамин Д3 капс 5000ОУН N250,Эм,V
Био-Тич Кал-цитрат 200мг №100,Бусад,D
Биоапижин 50мл N1 /Үтрээний тос/,Бусад,D
БиоГаяа Протектис шахмал N30 /Biogaia/,Эм,E
Биомон алое нүүр угаагч гель 120мл,Бусад,D
Биомон алое нүүр цэвэрлэгч сүүн шингэн 120мл,Гоо сайхан/ариун цэвэр,D
Биомон алое чийгшүүлэгч тоник 150мл,Бусад,D
Биомон алое чийгшүүлэгч тос 50мл,Бусад,D
Биомон ангижруулагч гангын хандтай 250мл,Гоо сайхан/ариун цэвэр,D
Биомон ангижруулагч гурамсан хандтай 250мл,Гоо сайхан/ариун цэвэр,D
Биомон ангижруулагч чихэр өвсний хандтай 250мл,Гоо сайхан/ариун цэвэр,D
Биомон гарын тос тэжээлийн 75мл,Гоо сайхан/ариун цэвэр,D
Биомон гарын тос хонины сүүлтэй 50мл,Гоо сайхан/ариун цэвэр,D
Биомон гарын тос чийгшүүлэгч 75мл,Гоо сайхан/ариун цэвэр,D
Биомон кидс биеийн чийгшүүлэгч лосьон 250мл,Гоо сайхан/ариун цэвэр,D
Биомон кидс биеийн шингэн саван&шампунь 350мл,Гоо сайхан/ариун цэвэр,D
Биомон кидс тэжээлийн тос 100мл,Бусад,D
Биомон кидс хонины сүүлтэй тос 120мл,Бусад,D
Биомон кидс хонины сүүлтэй тос 250мл,Бусад,D
Биомон кидс цацлага 120мл,Эм,E
Биомон мицеллар ус 250мл,Бусад,D
Биомон мицеллар ус ногоон цайны хандтай 250мл,Бусад,D
Биомон нарны тос SPF40 45мл,Бусад,D
Биомон нарны тос SPF50+ 50мл,Бусад,D
Биомон салфеткан маск цайруулах 25мл /3686/,Гоо сайхан/ариун цэвэр,D
Биомон хөлийн гелэн түрхлэг 40мл,Бусад,D
Биомон хөлийн цацлага 65гр,Эм,E
Биомон шампунь гангын хандтай 250мл,Гоо сайхан/ариун цэвэр,D
Биомон шампунь гангын хандтай 400мл,Гоо сайхан/ариун цэвэр,D
Биомон шампунь гангын хандтай 560мл,Гоо сайхан/ариун цэвэр,D
Биомон шампунь гурамсан хандтай 250мл,Гоо сайхан/ариун цэвэр,D
Биомон шампунь гурамсан хандтай 400мл,Гоо сайхан/ариун цэвэр,D
Биомон шампунь гурамсан хандтай 560мл,Гоо сайхан/ариун цэвэр,D
Биомон шампунь чихэр өвсний хандтай 250мл,Гоо сайхан/ариун цэвэр,D
Биомон шампунь чихэр өвсний хандтай 400мл,Гоо сайхан/ариун цэвэр,D
Биомон шампунь чихэр өвсний хандтай 560мл,Гоо сайхан/ариун цэвэр,D
"Биопланцентон гель 0,5% 15гр",Эм,E
Биоплас барагшун 70% 50мл / алтан/,Бусад,D
Биотин плас залгидаг шахмал N60,Нэмэлт/уламжлалт,D
Бисептол хөвмөл 80мл №1,Эм,E
Бифидумбактер нунт 5 доз N10,Эм,E
Бифидумбактерин фл N10,Эм,E
Бифорже шахм 10мг/160мг N28,Эм,V
Бифорже шахм 5мг/80мг N28,Эм,V
Бициллин-3 тар/н 600000ОУН,Эм,E
Бициллин-5 тар/н 1200ОУН,Эм,E
Блекморын зонд (Sengstaken Tube) 16ch 96cm эмн/х N1,Эм,E
Блемарен уус/шх 967.5мг+1197мг+835.5мг N80,Эм,E
"Боботик дусал 66,66мг/мл 30мл",Эм,V
Бойрер BC44 даралтны э/ап бугуй,Эмнэлгийн хэрэгсэл,D
Бойрер BC51 даралтны аппарат бугалга,Эмнэлгийн хэрэгсэл,D
Бойрер BM23 даралтны аппарат бугалга,Эмнэлгийн хэрэгсэл,D
Бойрер BM26 даралтны аппарат бугалга,Эмнэлгийн хэрэгсэл,D
Бойрер BM26 даралтны э/апп бугалга,Эмнэлгийн хэрэгсэл,D
Бойрер BM40 даралт э/ап буга ONPACK,Эмнэлгийн хэрэгсэл,D
Бойрер BM40 даралтны э/ап бугалганы,Эмнэлгийн хэрэгсэл,D
Бойрер BM44 даралтны э/ап бугалга,Эмнэлгийн хэрэгсэл,D
Бойрер BM45 даралтны аппарат бугалга,Эмнэлгийн хэрэгсэл,D
Бойрер FC72 Ионжуулсан нүүрний саун,Бусад,D
Бойрер FC95 эмн/х нүүр цэвэрлэгч сойз N2,Эмнэлгийн хэрэгсэл,D
Бойрер FT09 биеийн х/э термометр/э,Эмнэлгийн хэрэгсэл,D
Бойрер FT09/1 биеийн х/э термометр/э,Эмнэлгийн хэрэгсэл,D
Бойрер FT16 Хэмжилтийн хугацаа богино биеийн х/э  термометр/э,Эмнэлгийн хэрэгсэл,D
Бойрер FT65 Олон үйлдэлт биеийн х/э  термометр/э,Эмнэлгийн хэрэгсэл,D
Бойрер GL44 Сахарын аппарат,Эмнэлгийн хэрэгсэл,D
Бойрер HA20 сонсголын аппарат,Эмнэлгийн хэрэгсэл,D
Бойрер IH18 утлагын аппарат,Эмнэлгийн хэрэгсэл,D
Бойрер IH18 утлагын аппаратын запас N1,Эмнэлгийн хэрэгсэл,D
Бойрер IH21 утлагын аппарат,Эмнэлгийн хэрэгсэл,D
Бойрер IH26 утлагын аппарат,Эмнэлгийн хэрэгсэл,D
Бойрер IH51 утлагын аппарат №1 (небулайзер),Эмнэлгийн хэрэгсэл,D
Бойрер IL11 нэг удаагийн ламп 100W,Бусад,D
Бойрер IL11 хэт улаан туяаг-р шарлагын аппарат,Эмнэлгийн хэрэгсэл,D
Бойрер IL21  хэт улаан туяаг-р шарх ла,Эм,E
Бойрер IL21 нэг удаагийн ламп 150W,Бусад,D
Бойрер IL35 шарлагын аппарат,Эмнэлгийн хэрэгсэл,D
Бойрер LA30 үнэртүүлэгч,Бусад,D
Бойрер LW220 амин тос /harmony/,Бусад,D
Бойрер LW220 амин тос /relax/,Бусад,D
Бойрер LW220 амин тос /sleep well/,Бусад,D
Бойрер LW220 амин тос /vitality/,Бусад,D
Бойрер MG16 биеийн массажёр энгийн N1,Эм,E
"Бойрер PO13 хүүхдийн зүрх/цохилт, хүч/төр хэмжигч апп",Эмнэлгийн хэрэгсэл,D
"Бойрер PO30 зүрх/цохилт, хүч/төр хэмжигч апп",Эмнэлгийн хэрэгсэл,D
"Бойрер PO35 зүрх/цохилт, хүч/төр хэмжигч апп",Эмнэлгийн хэрэгсэл,D
Бойрер Сахар хэмжигч аппаратны тест N50,Эмнэлгийн хэрэгсэл,D
Бойрер Сахар хэмжигч үзэг,Эмнэлгийн хэрэгсэл,D
Бойрер Сахар хэмжигч үзэгний зүү N100,Эмнэлгийн хэрэгсэл,D
Бойрер хэт улаан туяаг-р шарлагын аппарат IL50,Эмнэлгийн хэрэгсэл,D
Бондекс тарилгын уусмал + тариур 3мг-3мл №1 /Korea United Pharm/,Эмнэлгийн хэрэгсэл,D
Бонджигар капс N20,Нэмэлт/уламжлалт,D
Бонджигар сироп 90мл,Нэмэлт/уламжлалт,D
Боннисан дусал 30мл,Нэмэлт/уламжлалт,D
Боннисан сироп 120мл,Нэмэлт/уламжлалт,D
Бонниспаз дусал 15мл,Эм,E
"Бонспри 20мг т/уусм 20мг -0,4мл N1",Эм,E
Боржуми рашаан 330мл /1339/,Бусад,D
Боржуми рашаан 500мл /1346/,Бусад,D
"Бөөр цэвэрлэх, үйл ажиллагааг дэмжих цай том 40г N20 /Одь тан/",Бусад,D
"Бөөр цэвэрлэх, үйл ажиллагааг дэмжих цай-жижиг 20г N10 /Одь тан/",Бусад,D
Брайву-3 /Х/ 1г N15 тан эм /Одь тан/,Нэмэлт/уламжлалт,D
Брайнакт т/уусм 1000мг/8мл N5 /Dankos/,Эм,V
Брезол сироп 100мл N1,Нэмэлт/уламжлалт,D
Брилинта 90мг N56,Эм,E
Бромгексин /акр/ шахм 8мг N20,Эм,E
Бромгексин /берл/ сироп 4мг/5мл 60мл N1,Эм,E
Бромгексин /берл/ шахм 8мг N25,Эм,E
Бронхо Мунал капс 3.5мг N10,Эм,E
Бронхо Мунал капс 7мг N10,Эм,E
Бронхолитин сироп 125гр,Эм,E
Брэйнакт шахм 500мг N30,Эм,E
Брэнд-1 Спирулина 100% №2200,Эм,E
Бугуйн даралтын аппарат Тун эрдэнэ фарма N1,Эмнэлгийн хэрэгсэл,D
Бугуйн хамгаалалт ОС-2104 12.5-15см /S/ №1 /Flamingo/ /Ascent meditech/,Бусад,D
Бугуйн хамгаалалт ОС-2104 15-17.5см /M/ №1 /Flamingo/ /Ascent meditech/,Бусад,D
Бугуйн хамгаалалт ОС-2104 20-22.5см /XL/ №1 /Flamingo/ /Ascent meditech/,Бусад,D
Бугуйн хамгаалалт ОС-2104 22.5-25см /2XL/ №1 /Flamingo/ /Ascent meditech/,Бусад,D
Бугуйн чиг JYK-C021 L зүүн N1 /Osky Medical/,Эмнэлгийн хэрэгсэл,D
Бугуйн чиг JYK-C021 M баруун N1 /Osky Medical/,Бусад,D
Бугуйн чиг JYK-C021 M зүүн N1 /Osky Medical/,Эмнэлгийн хэрэгсэл,D
Бугуйн чиг JYK-C021 S баруун N1 /Osky Medical/,Бусад,D
Бугуйн чиг ОС-2016 20-22.5см /ХL/ №1 /Flamingo/ /Ascent meditech/,Бусад,D
Бугуйн чиг ОС-2016 22.5-25см /2ХL/ №1 /Flamingo/ /Ascent meditech/,Бусад,D
Бугуйн чиг тохируулагчтай ОС-2015 12.5-15см /S/ №1 /Flamingo/,Эм,E
Бугуйн чиг тохируулагчтай ОС-2015 15-17.5см /M/ №1 /Flamingo/,Эм,E
Бугуйн чиг тохируулагчтай ОС-2015 20-22.5см /XL/ №1 /Flamingo/,Бусад,D
"Будесаноб ин/ц 0,5мг 2мл N1",Эм,V
Булуу фкс/моб цмт. L*2A Өвдөг [318-403/25] эмн/х N1,Эмнэлгийн хэрэгсэл,D
Булуу фкс/моб цмт. L*2B Өвдөг [318-403/26] эмн/х N1,Эмнэлгийн хэрэгсэл,D
Булуу фкс/моб цмт. L*3 Өвдөг [318-403/03] эмн/х N1,Эмнэлгийн хэрэгсэл,D
Булуу фкс/моб цмт. L*4 Өвдөг [318-403/04] эмн/х N1,Эмнэлгийн хэрэгсэл,D
Булуу фкс/моб цмт. L*5 Өвдөг [318-403/05] эмн/х N1,Эмнэлгийн хэрэгсэл,D
Булуу фкс/моб цмт. R*2 Өвдөг [318-402/02] эмн/х N1,Эмнэлгийн хэрэгсэл,D
Булуу фкс/моб цмт. R*2A Өвдөг [318-402/25] эмн/х N1,Эмнэлгийн хэрэгсэл,D
Булуу фкс/моб цмт. R*2B Өвдөг [318-402/26] N1,Бусад,D
Булуу фкс/моб цмт. R*4 Өвдөг [318-402/04] эмн/х N1,Эмнэлгийн хэрэгсэл,D
Булуу фкс/моб цмт. R*5 Өвдөг [318-402/05] эмн/х N1,Эмнэлгийн хэрэгсэл,D
Булуу чагт цмт. L*1B Өвдөг эмн/х [318-413/16] N1,Эмнэлгийн хэрэгсэл,D
Булуу чагт цмт. L*2B Өвдөг [318-413/26] эмн/х N1,Эмнэлгийн хэрэгсэл,D
Булуу чагт цмт. L*3 Өвдөг [318-413/03] эмн/х N1,Эмнэлгийн хэрэгсэл,D
Булуу чагт цмт. R*2 Өвдөг [318-412/02] N1,Бусад,D
Булуу чагт цмт. R*2A Өвдөг [318-412/25] N1,Бусад,D
Булуу чагт цмт. R*2B Өвдөг [318-412/26] эмн/х N1,Эмнэлгийн хэрэгсэл,D
Булуу чагт цмт. R*4 Өвдөг [318-412/04] эмн/х N1,Эмнэлгийн хэрэгсэл,D
Булууны доод нэмэлт 3# LL 10mm №1 549373 /Just medical/,Нэмэлт/уламжлалт,D
Булууны доод нэмэлт 3# LL 5mm №1 549375 /Just medical/,Нэмэлт/уламжлалт,D
Булууны доод нэмэлт 3# LM 10mm №1 549421 /Just medical/,Нэмэлт/уламжлалт,D
Булууны доод нэмэлт 3# LM 15mm №1 549419 /Just medical/,Нэмэлт/уламжлалт,D
Булууны доод нэмэлт 3# RL 10mm №1 549372 /Just medical/,Нэмэлт/уламжлалт,D
Булууны доод нэмэлт 3# RL 5mm №1 549374 /Just medical/,Нэмэлт/уламжлалт,D
Булууны доод нэмэлт 3# RM 10mm №1 549420 /Just medical/,Нэмэлт/уламжлалт,D
Булууны доод нэмэлт 3# RM 5mm №1 549422 /Just medical/,Нэмэлт/уламжлалт,D
Булууны доод нэмэлт 4# LL 10mm №1 549367/Just medical/,Нэмэлт/уламжлалт,D
Булууны доод нэмэлт 4# LL 5mm №1 549369 /Just medical/,Нэмэлт/уламжлалт,D
Булууны доод нэмэлт 4# LM 10mm №1 549415 /Just medical/,Эмнэлгийн хэрэгсэл,D
Булууны доод нэмэлт 4# LM 5mm №1 549417 /Just medical/,Эмнэлгийн хэрэгсэл,D
Булууны доод нэмэлт 4# RL 10mm №1 549366 /Just medical/,Нэмэлт/уламжлалт,D
Булууны доод нэмэлт 4# RL 5mm №1 549368 /Just medical/,Нэмэлт/уламжлалт,D
Булууны доод нэмэлт 4# RM 10mm №1 549414 /Just medical/,Эмнэлгийн хэрэгсэл,D
Булууны доод нэмэлт 4# RM 5mm №1 549416 /Just medical/,Эмнэлгийн хэрэгсэл,D
Булууны доод нэмэлт 5# LL 10mm №1 549361 /Just medical/,Нэмэлт/уламжлалт,D
Булууны доод нэмэлт 5# LL 5mm №1 549363 /Just medical/,Нэмэлт/уламжлалт,D
Булууны доод нэмэлт 5# LM 10mm №1 549409 /Just medical/,Эмнэлгийн хэрэгсэл,D
Булууны доод нэмэлт 5# LM 5mm №1 549411  /Just medical/,Эмнэлгийн хэрэгсэл,D
Булууны доод нэмэлт 5# RL 10mm №1 549360 /Just medical/,Нэмэлт/уламжлалт,D
Булууны доод нэмэлт 5# RL 5mm №1 549362 /Just medical/,Нэмэлт/уламжлалт,D
Булууны доод нэмэлт 5# RM 10mm №1 549408 /Just medical/,Эмнэлгийн хэрэгсэл,D
Булууны доод нэмэлт 5# RM 5mm №1 549410 /Just medical/,Эмнэлгийн хэрэгсэл,D
Булууны доод нэмэлт 6# LL 10mm №1 549355 /Just medical/,Нэмэлт/уламжлалт,D
Булууны доод нэмэлт 6# LL 5mm №1 549357 /Just medical/,Нэмэлт/уламжлалт,D
Булууны доод нэмэлт 6# LM 10mm №1 549403 /Just medical/,Нэмэлт/уламжлалт,D
Булууны доод нэмэлт 6# LM 5mm №1 549405 /Just medical/,Нэмэлт/уламжлалт,D
Булууны доод нэмэлт 6# RL 10mm №1 549354 /Just medical/,Нэмэлт/уламжлалт,D
Булууны доод нэмэлт 6# RL 5mm №1 549356 /Just medical/,Нэмэлт/уламжлалт,D
Булууны доод нэмэлт 6# RM 10mm №1 549402 /Just medical/,Нэмэлт/уламжлалт,D
Булууны доод нэмэлт 6# RM 5mm №1 549404 /Just medical/,Нэмэлт/уламжлалт,D
Бумба N12,Бусад,D
Бумба N6,Эм,E
Бумба №6,Бусад,D
Бумба соронзтой N12,Бусад,D
Бумба эргүүлдэг N12 /Хятад/,Бусад,D
Бумба эргүүлдэг N8 /Хятад/,Бусад,D
Бумбардай лууван алим 110мл,Бусад,D
Бумбардай лууван банана  110мл,Бусад,D
"Бумбардай лууван, гүзээлзгэн 250мл",Бусад,D
"Бумбардай лууван, лийр 250мл",Бусад,D
"Бумбардай лууван, манго 250мл",Бусад,D
"Бумбардай лууван, хулуу 250мл",Бусад,D
Бурамхан исгэлэн 40гр,Бусад,D
Бурамхан самартай 40гр,Бусад,D
Бурамхан сахаргүй 40гр,Бусад,D
Бурамхан холимог 40гр,Бусад,D
Бурамхан чулуу 40гр,Бусад,D
Бутапсин тос/т 20гр,Эм,E
Бүүвэйхэн наадаг живх L 9-13кг N18 /6456/,Эмнэлгийн хэрэгсэл,D
Бүүвэйхэн наадаг живх M 6-10кг N20 /6449/,Эмнэлгийн хэрэгсэл,D
Бүүвэйхэн наадаг живх NB 2-4кг N24 /6425/,Эмнэлгийн хэрэгсэл,D
Бүүвэйхэн наадаг живх S 4-7кг N22 /6432/,Эмнэлгийн хэрэгсэл,D
Бүүвэйхэн наадаг живх XL 12-15кг N16 /6463/,Эмнэлгийн хэрэгсэл,D
Бүүвэйхэн наадаг живх XXL 15+кг N14 /6470/,Эмнэлгийн хэрэгсэл,D
Бүүвэйхэн өмсдөг живх L 6-10кг N16 /6487/,Эмнэлгийн хэрэгсэл,D
Бүүвэйхэн өмсдөг живх XL 9-13кг N16 /6494/,Эмнэлгийн хэрэгсэл,D
Бүүвэйхэн өмсдөг живх XXL 12-15кг N12 /6500/,Эмнэлгийн хэрэгсэл,D
Бүүвэйхэн өмсдөг живх XXXL 15+кг N10 /6517/,Эмнэлгийн хэрэгсэл,D
Бүүвэйхэн хүүхдийн нойтон салфетка N64 /6623/,Гоо сайхан/ариун цэвэр,D
Бфлуйд д/шин 500мл N1,Бусад,D
Бэби Колкол сироп 100мл N1,Эм,E
"Бэби формула дархлаа 9085 2,5гр N30 9085",Эм,E
"Бэби Формула калци 8934 2,5гр N30 8934",Бусад,D
"Бэби формула Мишка Анхаарал сайжруулах,зажилдаг хүүхдийн витамин 2,5гр N60 3845",Бусад,D
"Бэби Формула Мишка Дархлаа,зажилдаг хүүхдийн витамин 2.5гр N60 3784",Эм,E
"Бэби формула Мишка Кальци,зажилдаг хүүхдийн витамин 2,5гр N60 3807",Бусад,D
"Бэби формула Мишка Мультивитамин,зажилдаг хүүхдийн витамин 2гр N30 0707",Нэмэлт/уламжлалт,D
"Бэби формула Мишки Мультивитамин,зажилдаг хүүхдийн витамин 2гр N60 3821",Нэмэлт/уламжлалт,D
"Бэби Формула оюун ухаан9092 2,5гр N30 9092",Бусад,D
Бэлгийн хайрцаг зурагтай /эсү 8516/,Бусад,D
"Бэлгэвч 0,01 улаан",Эм,E
"Бэлгэвч 0,01 хар",Бусад,D
"Бэлгэвч 0,01 шар",Бусад,D
Бэлгэвч dotted pleasure N3 /4918/,Бусад,D
Бэлгэвч fruit mix N3 /4499/,Бусад,D
Бэлгэвч monster spike condom №1 /0620/,Бусад,D
Бэлгэвч monster spike condom №1 /0637/,Бусад,D
Бэлгэвч monster spike condom №1 /0651/,Бусад,D
Бэлгэвч monster spike condom №1 /0668/,Бусад,D
Бэлгэвч monster spike condom №1 /0736/,Бусад,D
Бэлгэвч monster spike condom №1 /1214/,Бусад,D
Бэлгэвч natural pleasure N3 /2372/,Бусад,D
Бэлгэвч №3 Recare,Бусад,D
Бэлгэвч Recare-Caramelo №3,Бусад,D
Бэлгэвч tornado passion N3 /4185/,Бусад,D
Бэлгэвч xtra pleasure N3 /2396/,Бусад,D
Бэлгэвч нимгэн N3 One touch lights,Бусад,D
Бэлгэвч товруутай N3 One touch dotted,Бусад,D
Бэлгэвч товруутай&үелэлтэй One touch enjoy maxx,Бусад,D
Бэлгэвч уртасгах үйлдэлтэй N3 One touch Long Love,Бусад,D
Бэлгэвч энгийн N3 One touch classic N3,Бусад,D
Бэлэг Дист1,Бусад,D
Бэлэг дист2,Бусад,D
Бэлэг дист3,Бусад,D
Бээлий үзлэгийн бээлий S /50 хос/ N100 (Maxsafe),Эмнэлгийн хэрэгсэл,D
Бээлийн 1 удаагийн ариун N1 /Malaysia/,Эмнэлгийн хэрэгсэл,D
Бюрак шахм 15мг N1,Эм,V
В-Гель 30гр,Бусад,D
В-комплекс N50,Бусад,D
Вагилак гель 50гр N1,Эм,E
Вагилак лаа №10,Эм,E
Вагилак шин/саван 250мл N1,Гоо сайхан/ариун цэвэр,D
Вагимилт үт/кап 100мг+100мг N7,Эм,E
"Вазелин  hbl арьсыг сэргээгч, шинэчилэх үйлчилгээтэй биеийн тос 100мл",Бусад,D
Вазелин /50ус/ тос/т 20гр №1,Бусад,D
Вазелин /50ус/ тос/т 25гр,Эм,E
Вазелин /монэнз/ /Pure petroleum jelly/ 5гр N4,Эм,E
"Вазелин арьсыг сэргээгч, алоетой биеийн тос",Бусад,D
"Вазелин гүн чийгшүүлж,  гялалзуулах үйлчилгээтэй биеийн тос 100мл",Бусад,D
"Вазелин хуурайшсан арьсыг  чийгшүүлж, нөхөн төлжүүлдэг 100мл",Бусад,D
Вакадо Акуварайто шингэн нөхөх ионжуулсан ундаа N8,Хүнс,D
Вакум тенерийн зүү 23G №1 /New Remedy/,Эмнэлгийн хэрэгсэл,D
"Вакуум соруул Barovac эмн/х P400PM/4,8/ 400мл N1",Бусад,D
Валидол шахм 60мг N6,Эм,E
Валидол шахм 60мг+188мг N10,Эм,E
Вальпроат деситин шахмал 300мг N100 /Desitin/,Эм,V
Вальсакор б/шахм 160мг N28,Эм,V
Вальсакор б/шахм 80мг N28,Эм,V
Вальсакор Н б/шахм 160мг+12.5мг N28,Эм,V
Вальсакор Н б/шахм 80мг+12.5мг N28,Эм,V
Вамлосет шахм 10мг/ 160мг N30,Эм,V
Вамлосет шахм 5мг/ 160мг N30,Эм,V
Вамлосет шахм 5мг/ 80мг N30,Эм,V
"ВанИн Алпрам шахм 0,5мг N30",Эм,V
ВанИн Арипизол шахм 10мг N30,Эм,V
Ванин Гиданион 100мг №300,Бусад,D
ВанИн Зирепин шахм 10мг N56,Эм,V
ВанИн Кепрептол CR 500мг N30,Эм,V
ВанИн Кломипрамин капс 25мг N500,Эм,V
"ВанИн Клоназепам шахм 0,5мг N200",Эм,V
ВанИн Куэтапин шахм 100мг N30,Эм,E
ВанИн Куэтапин шахм 25мг N30,Эм,V
ВанИн Литийн карбонат шахм 300мг N500,Эм,V
ВанИн Мемантин шахм 10мг N30,Эм,E
ВанИн Мирзентак шахм 15мг N30,Эм,V
ВанИн Налтрексон шахм 50мг N30,Эм,V
ВанИн Неомазин шахм 100мг N1000,Эм,V
ВанИн Неулептол капс 300мг N30,Эм,V
ВанИн Пенид шахм 10мг N30,Эм,E
ВанИн Перидол шахм 5мг N1000,Эм,V
ВанИн Прирептол капс 150мг N30,Эм,V
ВанИн Прирептол шахм 75мг N30,Эм,V
ВанИн Риперидон шахм 2мг N30,Эм,V
ВанИн Флуоксетин капс 20мг N30,Эм,V
ВанИн Целкок шахм 200мг N30,Эм,V
ВанИн Эпилиптор СР шахм 200мг N30,Эм,V
ВанИн Эсциталопрам шахм 10мг N30,Эм,V
"Варфарин никомед шахм 2,5мг N100",Эм,V
Вегзелма тарилгын концентрат 100мг-16мл N1 /Celltrion Inc/,Эм,V
Вегзелма тарилгын концентрат 400мг-16мл N1 /Celltrion Inc/,Эм,V
Вемлиди шахм 25мг N30,Эм,V
Вермокс /монос/ шахм 100мг N4,Эм,V
Верона капс N20,Эм,E
Верона капс N60 /Хербион/,Эм,E
Верошпирон шахм 25мг N20,Эм,V
Вестинорм шахм 16мг N30,Эм,E
"Ви Рото Витамин нүд/дус 3,9мг+13,0мг+6,5мг+130мг+13 мг - 13мл N1",Хүнс,D
Ви Рото Драй эй нүдний дусал 13мл N1 (Rohto),Эм,E
Виагра б/шахм 100мг N4,Эм,E
Виагра б/шахм 50мг N4,Эм,E
Виагрос шахмал 100мг №4 /Монос/,Эм,E
Вивабон сироп 120мл,Эм,E
Вигентин шахм 500мг/125мг N14,Эм,V
Видалиста шах 20мг №4 /Centurion Laboratories/,Бусад,D
Видора бүрх шахмал 3мг+0.03мг №28 /Laboratories LEON FARMA/,Эм,E
Видора микро бүрх шахмал 3мг+0.02мг №28 /Laboratories LEON FARMA/,Эм,E
Визгиал нүд чийгшүүлэх дусаалга 0.4% 10мл N1,Бусад,D
Визгиал нүд эрчимтэй чийгшүүлэх дусаалга 0.2% 10мл N1,Бусад,D
Визулайз витамин А+Е-тэй нүдний дусаалга 10мл N1,Бусад,D
"Визулайз күүлинг улайлт бууруулж, амраах дусаалга 10мл N1",Бусад,D
Визулайз линзний уусмал N1,Эмнэлгийн хэрэгсэл,D
Визулайз нүд амраах дусаалга 15мл N1,Бусад,D
Визулайз нүд угаах шингэн 100мл N1,Бусад,D
Визулайз нүд чийгшүүлэх дусаалга 0.3% 10мл N1,Бусад,D
Визулайз нүдний өнгө сэргээх дусаалга 10мл N1,Бусад,D
Викасол /нахиа/ т/уусм 1% 1мл N10,Эм,E
Викасол /Цомбо/ т/уусм 1%- 1мл N10,Эм,E
Викрил мэс заслын хайлдаг утас 3-0 90cm N12,Бусад,D
Викрил мэс заслын хайлдаг утас 75*17*1/2 4-0 №1 /Foosin Medical/,Бусад,D
Викрил мэс заслын хайлдаг утас 75*22*1/2 2-0 №1 /Foosin Medical/,Бусад,D
"Викуре шахм 0,5мг N30",Эм,V
Вилда Денк 50мг шахм №28,Эм,E
Вим мед Arex өвчин намдаах наалт 4519 N10 /сп/,Эмнэлгийн хэрэгсэл,D
Вим мед Arex өвчин намдаах наалт 4656 N5 /сп/,Эмнэлгийн хэрэгсэл,D
вим мед arex өвчин намдаах тос 100гр /сп/,Бусад,D
Вим мед Gmate Origin сахарын аппарат /сп/,Эмнэлгийн хэрэгсэл,D
Вим мед Gmate аппаратны тест стрип N50 /сп/,Эмнэлгийн хэрэгсэл,D
Вим мед Mongpro Гель /сп/,Бусад,D
Вим мед Naoderm түлэнхийн тос 1332 20гр /сп/,Бусад,D
Вим мед North sense Liquid (Deoclean) хөлс дарагч 6116 /сп/,Бусад,D
Вим мед ариун наалт  6*9 №10 /сп /,Эмнэлгийн хэрэгсэл,D
Вим мед ариун наалт 10*10 №50 /сп /,Эмнэлгийн хэрэгсэл,D
Вим мед ариун наалт 10*15 №50 /сп/,Эмнэлгийн хэрэгсэл,D
Вим мед ариун наалт 10*20 №50 /сп/,Эмнэлгийн хэрэгсэл,D
Вим мед ариун наалт 10*25 №50 /сп/,Эмнэлгийн хэрэгсэл,D
Вим мед Ариун наалт 10*30 N50 8084 /сп/,Эмнэлгийн хэрэгсэл,D
вим мед ариун наалт 5*7 № 10 /сп/,Эмнэлгийн хэрэгсэл,D
вим мед ариун наалт 9*9 № 10 /сп /,Эмнэлгийн хэрэгсэл,D
Вим Мед Батганы наалт N45 1643 /сп/,Эмнэлгийн хэрэгсэл,D
Вим мед батганы наалт шөнийн эрчимжүүлсэн /1681/ /сп/,Эмнэлгийн хэрэгсэл,D
Вим мед бохь juicy fresh N15 /сп/,Бусад,D
Вим мед бохь spearmint N15 /сп/,Бусад,D
Вим мед бохь үлээдэг watta coke N16 /сп/,Бусад,D
Вим мед бохь үлээдэг watta peach N16 /сп/,Бусад,D
"Вим мед бөөрөнхий лент 3,7 N100 /сп/",Бусад,D
Вим мед бэбэст хүүхдийн хорсол /сп/,Бусад,D
Вим мед даралтны аппарат 2 хүн санадаг /3687/ /сп/,Эмнэлгийн хэрэгсэл,D
Вим мед даралтны аппарат хоёр талаараа хэмждэг /сп/,Эмнэлгийн хэрэгсэл,D
Вим мед даралтны аппарат энгийн /3688/ /сп/,Эмнэлгийн хэрэгсэл,D
Вим мед дэвсдэг живх  №10 /сп/,Эмнэлгийн хэрэгсэл,D
Вим мед лаб бенд  №100 /сп/,Бусад,D
Вим мед наадаг живх L N10 /сп/,Эмнэлгийн хэрэгсэл,D
Вим мед наадаг живх XL N10 /сп/,Эмнэлгийн хэрэгсэл,D
Вим мед Наадаг пад N30 6252 /сп /,Бусад,D
Вим мед Нанолет өндөг хатгагч №100 /сп/,Бусад,D
Вим мед нойтон сальфетик  № 20 /сп/,Бусад,D
Вим мед нойтон сальфетик № 100 /сп/,Бусад,D
Вим мед өмсдөг живх  M № 10 /сп/,Эмнэлгийн хэрэгсэл,D
Вим мед өмсдөг живх L №10 /сп/,Эмнэлгийн хэрэгсэл,D
Вим мед сорвины тос 2119 N1 /сп/,Бусад,D
Вим мед уян зүүний наалт №50 /сп/,Эмнэлгийн хэрэгсэл,D
Вим мед хатигны наалт /0110/ N3 /сп/,Эмнэлгийн хэрэгсэл,D
Вим мед хатигны наалт /0110/ N3+,Эмнэлгийн хэрэгсэл,D
Вим мед хелико бактер устгагч 100мл /сп/,Бусад,D
Вим мед Хөхний памперс шар N60 /сп/,Бусад,D
Вим мед Хөхний памперс ягаан N60 /сп/,Бусад,D
Вим мед хуруу лент N22 /сп/,Бусад,D
Вим мед хуруу лент усны хамгаалттай 65*25мм №10 /сп/,Бусад,D
Вим мед хуруу лент усны хамгаалттай №10 /сп/,Бусад,D
Вим мед Хуруу лент энгийн N10 2828 /сп/,Бусад,D
Вим мед хуурай салфетик N70 /4168/,Бусад,D
Вим мед хүүхдийн амны нойтон сальфетик 3316 N25 /сп/,Бусад,D
Вим мед хүүхдийн клизм N2 /сп/,Бусад,D
Вим мед хүүхдийн хуруу лент N8 /сп /,Бусад,D
Вим мед хүүхдийн шингэн хросол 120мл /3967/ /сп/,Бусад,D
Вим мед хэлний өнгөр цэвэрлэгч /сп/,Гоо сайхан/ариун цэвэр,D
Вим мед цаасан лент  1 инч /сп/,Бусад,D
Вим мед цаасан лент 1/2 инч /сп/,Бусад,D
Вим мед цаасан лент 2инч /сп /,Бусад,D
Вим мед Шил цэвэрлэгч 1671 /сп/,Гоо сайхан/ариун цэвэр,D
Вим мед шумуулын цацлага /сп/,Эм,E
Вим мед эвэр үүний наалт  4014 N8 /сп/,Эмнэлгийн хэрэгсэл,D
Вимск шахм 100мг N30,Эм,E
Вимск шахм 200мг N30,Эм,E
Вимск шахм 50мг N30,Эм,E
Винпотропил капс 5мг+ 400мг N60,Эм,E
Виренте 0.5мг б/шах №30 sample,Бусад,D
Виренте стандарт бодис,Бусад,D
Висмут 120мг шахмал №56,Эм,E
Витабелла тарилга 5мкг/мл-1мл №1 /DONHKOOK/,Эм,V
Витагрипп /аньстай/ мөхл 1000 мг 20гр N10,Эм,E
Витагрипп мөхл 1000 мг 20гр N10,Эм,E
Витагрипп+Zn мөхл /вит С 1000мг+цайр 5мг/ 20гр N10,Эм,E
Витамикс Eye care капс N30,Нэмэлт/уламжлалт,D
"Витамикс Hair, Skin and Nails капс N30",Нэмэлт/уламжлалт,D
Витамикс Joint care капс N30,Нэмэлт/уламжлалт,D
Витамикс Memori and капс concentration N30,Нэмэлт/уламжлалт,D
Витамикс Restful Sleep капс N30,Нэмэлт/уламжлалт,D
Витамикс Slim Figure капс N30,Эм,E
Витамикс Vita bears заж/паст N60,Нэмэлт/уламжлалт,D
Витамикс Иммун капс N30,Эм,E
Витамикс Мультивитамин A-Z капс N30,Нэмэлт/уламжлалт,D
"Витамин D3 600 МЕ, N60",Бусад,D
Витамин А /алтай/ капс 100000ОУН N30,Эм,V
Витамин А шахм 10000 ОУН N110,Эм,E
Витамин В Денк шахм N100,Эм,E
Витамин В комплекс /хаско/ шахм N50,Эм,E
Витамин В комплекс /энси/ т/уусм 2мл N10,Эм,E
Витамин В1 /ivco/ 1мл N1,Эм,E
Витамин В1 т/уусм /нахиа/ N10,Эм,E
Витамин В12 /нахиа/ т/уусм 500мкг 1мл N10,Эм,V
Витамин В6 /нахиа/ т/уусм N10,Эм,V
Витамин Д 5000 IU №120 Капсул,Эм,E
Витамин Д DHC шахм 1000мг N30,Эм,E
Витамин Д б/шахм 2000мг N110,Эм,V
Витамин Д шахмал 1000 ОУН N110 /21-р зуун/,Эм,E
Витамин Д3 /хаско/ капс 2000 ОУН N60,Эм,V
Витамин Д3 2000  ME+K2 /Эвалар/ шахм 60ш 2879,Эм,V
Витамин Д3+К2 Стронг /D3 2000IU + K2 50mcg/ №30,Бусад,D
"Витамин Е DHC капс 301,5мг N30",Эм,E
Витамин Е з/капс 100мг N30,Хүнс,D
Витамин Е шахм 1000ОУН N55,Хүнс,D
"Витамин К2 100 мкг, N50",Бусад,D
Витамин РР /нахиа/ 1% 1мл N10,Эм,E
Витамин С /нахиа/ т/уусм 5% 2мл N10,Эм,V
Витамин С 1000мг №120 Шахмал,Эм,E
Витамин С 1200мг N60,Эм,V
Витамин С DHC капс 1000мг N60,Эм,E
Витамин С Желли 1000мг усан үзэм N14,Бусад,D
Витамин С Желли 1000мг ханборгоцой N14,Эм,V
Витамин С нунт 1500мг N30,Эм,E
Витамин С т/уусм 2000мг- 10мл N50,Эм,V
Витамин С-Vita C /монад/ уусм 2% 200мл,Эм,V
Витамин С1200 21ш япон плас 6958,Бусад,D
Витамин& Минерал нунт N30,Нэмэлт/уламжлалт,D
Витаминтай иштэй чихэр Alpenlor multi vitamins И10,Бусад,D
Витаминтай иштэй чихэр Immunity multi vitamins И50,Бусад,D
Витаминтай иштэй чихэр Immunity И50,Бусад,D
Витан С нунтаг N20,Эм,V
Витаплекс д/уусм 500мл N1,Эм,E
Витапрост ш/г/лаа 10мг N10,Эм,E
Витапрост шахм 20мг N20,Эм,E
Витафит ph-тай шүлтлэг ус 330мл /1509/,Бусад,D
Витафит ph-тай шүлтлэг ус 850мл /2643/,Бусад,D
ВитВКейр 2мл N10 /тарилгын уусмал/,Эм,E
Витериа эрэгтэй N30 кап,Бусад,D
Виферон ш/г/лаа 500'000 ОУН N10,Эм,E
Виферрон бүрхүүлтэй шахмал 10х10 /PT. Kalbe Farma Tbk/,Эм,E
Вишневский линимент 1.2г+1.2г 40гр N1,Эм,E
Вишневскийн линимент тос/т 30гр,Эм,E
ВН Витамин Д3 1000 ОУН шахм N260,Эм,V
ВН Витамин Е з/капс 400ОУН N120,Хүнс,D
ВН Витамин С заж/ш [халуун орны жимсний амттай] 500мг N300,Эм,V
ВН Витамин С шахм [Нохойн хошуутай] 1000мг N150,Эм,E
Воксабан б/шахм 20мг N28,Эм,V
Вольтарен Эмульгель 1% гель 100гр N1,Эм,V
Вольтарен Эмульгель гель 1% 20гр,Эм,V
Вольтарен Эмульгель гель 1% 50гр,Эм,V
Вольтарен Эмульгель гель 2% 100гр,Эм,V
Вольтарен Эмульгель гель 2% 50гр N1,Эм,V
Вометрон б/шахм 8мг N100,Эм,V
Вонтаксим тар/н 1гр,Эм,V
Ворминол шахм 400мг N3,Эм,V
ВП уян зүү (pur) 16Ж 1/4 -31641 N1,Эмнэлгийн хэрэгсэл,D
ВП уян зүү /pur/ 14Ж*1 1/4''-31741 N1,Эмнэлгийн хэрэгсэл,D
ВП уян зүү /pur/ 24Ж*1 3/4''-31221 N1,Эмнэлгийн хэрэгсэл,D
Вүүдс / зөгийн бал+лимон / хүлх/ш N15,Эм,E
Вүүдс / оранж / хүлх/ш 225г №15,Бусад,D
Вүүдс / оригинал / хүлх/ш N15,Эм,E
Вүүдс / үхрийн нүд / хүлх/ш N15,Эм,E
Вүүдс / черри / хүлх/ш N15,Эм,E
"Вүүдс /лимон / хүлх/ш 2,5гр N15",Эм,E
Вүүдс Бромгексин сироп 100мл,Эм,E
Вүүдс хүлх/ш N15,Эм,E
Вэлл Ретинол N30 нунтаг,Эм,E
Вэллнэсс гиалуроны хүчил капсул N60,Эм,E
Вэллнэсс коллаген нунтаг N30,Нэмэлт/уламжлалт,D
Вэллнэсс коэнзимКю10 капсул N30,Нэмэлт/уламжлалт,D
Вэллнэсс эр ти жи омега /rTG omega/ капсул N30,Нэмэлт/уламжлалт,D
Вэллхэйр биотин 5мг шахмал N30,Нэмэлт/уламжлалт,D
Гавар Тосон түрхлэг 3гр №1 /Nanjing Joyful Imp/,Эм,E
Газ Кү ууж хэрэглэх хөвмөл 2г/100мл-10мл №60 /Genuone/,Эм,V
Галазолин х/дус 0.1% 10мл,Эм,E
Галмагель 1.5гр/15мл №20,Эм,E
Гальвус шахм 50мг N28,Эм,V
ГальвусМЕТ б/шахм 50мг+ 850мг N60,Эм,V
ГальвусМЕТ б/шахм 50мг+1000мг N60,Эм,V
Гамалате В6 сироп 80мл,Эм,E
Гамалате В6 шахм N20,Эм,E
Гарньер Арьс чийгшүүлэх жүржийн найрлагатай нүдний маск г/с бараа 6гр N1,Бусад,D
Гарньер бүх төрлийн арьсанд зориулсан витаминС 400мл /7674/,Бусад,D
Гарньер бүх төрлийн арьсанд зориулсан гиалуроны хүчил агуулсан 400мл /6554/,Бусад,D
Гарньер бүх төрлийн арьсанд зориулсан гурвалсан үйлчилгээтэй мицеллийн ус 3в1 г/с бараа 400мл N1,Бусад,D
Гарньер бүх төрлийн арьсанд зориулсан мицеллийн ус г/с бараа 400мл N1,Бусад,D
Гарньер бүх төрлийн арьсанд зориулсан ягаан мицеллийн ус г/с бараа 400мл N1,Бусад,D
Гарньер Маска Ткан Дл Глз Увл Упругость 6гр,Бусад,D
Гарньер Ткан Маска Гиалурон Концент 33гр,Бусад,D
Гарньер Тканевая Маска Зеленая Свежесть 32гр,Бусад,D
Гарньер Тканевая Маска Лаванда 32гр,Бусад,D
Гарньер Тканевая Маска Синяя Аква Бомба 32гр,Бусад,D
Гарньер усан үзмийн найрлагатай нүүр цэвэрлэгч тоник г/с бараа 200мл N1,Гоо сайхан/ариун цэвэр,D
Гарньер хөлс дарагч 50мл /3112/,Бусад,D
"Гарньер хуурай, эмзэг арьсанд зориулсан сарнайн хандтай нүүр цэвэрлэгч тоник г/с бараа 200мл N1",Гоо сайхан/ариун цэвэр,D
Гарньер Чистая Кожа 3В1 С Углем 150мл,Бусад,D
Гарньер Чувств.Мицеллярная Вода 125мл,Гоо сайхан/ариун цэвэр,D
Гарын сойлт PD-311-1 N1 Хятад,Бусад,D
Гарын сойлт торон L size №1 /Conwell medical/,Бусад,D
Гарын сойлт торон M size N1,Бусад,D
Гарын сойлт хар OC-2038 105-115см (XL) №1 /Ascent meditech/,Бусад,D
Гарын сойлт хар OC-2038 115см-125см (2XL) №1 /Ascent meditech/,Бусад,D
Гарын сойлт хар OC2036 (L) №1,Бусад,D
Гарын сойлт хар OC2036 (M) №1,Бусад,D
Гарын сойлт хар OC2036 (S) №1,Бусад,D
Гарын сойлт хар OC2036 (XL) №1,Бусад,D
Гарын сойлт хүүхэд /эмэгтэй/ N1  /Энэтхэг/,Бусад,D
Гарын сойлт хүүхэд L N1 /Энэтхэг/,Бусад,D
Гарын сойлт хүүхэд M N1  /Энэтхэг/,Бусад,D
Гарын тос Glicemille бактерийн эсрэг,Гоо сайхан/ариун цэвэр,D
Гарын хөөсөн саван 300мл Cherry,Гоо сайхан/ариун цэвэр,D
Гарын хөөсөн саван 300мл Ocean breese,Гоо сайхан/ариун цэвэр,D
Гарын шингэн саван Нил ягаан цэцэгстэй 250мл /Lion Corp./ Дис,Гоо сайхан/ариун цэвэр,D
Гарын шингэн саван Чийгшүүлэгчтэй 250мл /Lion Corp./ дис,Гоо сайхан/ариун цэвэр,D
Гарын шингэн саван Эмзэг арьсанд зориулсан 250мл /Lion Corp./ Дис,Гоо сайхан/ариун цэвэр,D
Гаструс шахм 21гр N30,Эм,E
Гат про-10+ нунт /том хүн 24 bill/ 2гр N30,Эм,E
Гат про-7+ нунт /хүүхэд 16 bill/ 60гр N30,Эм,E
Гати-Пред нүд/дус 5мл N1,Эм,E
"Гахайн ихэс 20,000мг Placenta Premium /8359/",Бусад,D
Геворин шахм N10,Эм,E
"Гексаспрей /Биклотимол/2,5%- 30гр N1",Эм,E
Гексикон эм/лаа 16мг N10,Эм,E
Гельминтокс шахм 125мг N6,Эм,E
Гельминтокс шахм 250мг N3,Эм,E
Геморал лаа ш/г N12,Эм,E
Гентамицин /минхуа/ т/уусм 80мг/мл 2мл N10,Эм,V
Гентамицин-К т/уусм 80мг/ 2мл N10,Эм,V
Гентрисон крем 10гр N1,Эм,E
Гепа Л т/уусм 5г- 10мл N1,Эм,E
Гепа-Мерз Ацино 10мл №10,Бусад,D
Гепа-Мерз Ацино 5г №30,Бусад,D
Гепарин / ivco / 5000 ОУН 1мл N1,Эм,V
Гепарин т/уусм 5000 ЕД/мл-5мл N5 /Belmed/,Эм,V
Гепарин тос/т 25гр,Эм,V
Гепатит C вирус антибоди түргэвчилсэн тест N40 /Hangzhou/,Эмнэлгийн хэрэгсэл,D
Гепахол капс 300мг N30,Эм,E
"Герак нунт 6,02гр N10",Нэмэлт/уламжлалт,D
"Гербер алим банана, нэрс 90гр",Бусад,D
"Гербер алим, банана, лийр 90гр",Бусад,D
Гербер нухаш 4жимс 2245 90гр,Бусад,D
Гербер нухаш манго 2645 90гр,Бусад,D
ГЕРБЕР сүүтэй каш овьёостой 6 сараас дээш /5126/,Бусад,D
Гербион исландын хөвд сироп / хуурай ханиалга / 150мл N1,Эм,E
Гербион первоцвета сироп /цэртэй ханиалга/ 150мл,Эм,E
Гербион плюща сироп /цэртэй ханиалга/ 7мг/мл 150мл,Эм,E
Гербион плюща хүлхмэл шах 35мг №16 /КРКА/,Бусад,D
Гербион подорожника сироп /таван салаа/ 150мл,Эм,E
Гердилиум шахм 10мг N50,Эм,V
Герман витамин OXI-C 1000мг N20 уусдаг шахмал,Эм,E
Герман витамин С N20 уусдаг шахмал,Эм,E
Герман Кальц N20 уусдаг шахмал,Эм,E
Герман Магни N20 уусдаг шахмал,Эм,E
Герман Мультивитамин + Минерал N20 уусдаг шахмал,Нэмэлт/уламжлалт,D
Герман Мультивитамин N20 уусдаг шахмал,Нэмэлт/уламжлалт,D
Герман Мультивитамин хүүхэд N20 уусдаг шахмал,Нэмэлт/уламжлалт,D
Герман Төмөр N20 уусдаг шахмал,Эм,E
Герман Цайр N20 уусдаг шахмал,Эм,E
Гиал форте т/уусм 2мл N3,Эм,E
Гидрокортизон тосон түрхлэг 20г №1 /тосон түрхлэг/,Эм,V
Гилофа спорт оймс,Бусад,D
Гилофа Файн /судасны/140клон,Бусад,D
Гим Ashvagandha капс /стрессийн эсрэг / 250мг N60,Нэмэлт/уламжлалт,D
Гим Baby cream Ghee 50ml /6495/,Бусад,D
Гим Baby derma cream Ghee 50gr /6518/,Бусад,D
Гим Baby rash relief cream Ghee 20g /6877/,Бусад,D
Гим Baby rash relief cream Ghee 50g /6501/,Бусад,D
Гим Deep Cleansing Coffee Face Scrub 100ml /6952/,Бусад,D
Гим Deep Cleansing Coffee Face Wash 100ml /6938/,Бусад,D
Гим DSC Turmeric Face Wash 100ml /6143/,Бусад,D
Гим Extra Moisturizing baby soap 75g /2217/,Бусад,D
Гим Head to toe baby wash Ghee 400ml /6891/,Бусад,D
Гим Himalaya Clear Complexion Face Sheet Mask №1 /9313/,Бусад,D
Гим Himalaya DSC Turmeric Face Sheet Mask №1 /6259/,Бусад,D
Гим Himalaya Energizing Face Coffee Sheet Mask №1 /6983/,Бусад,D
Гим Himalaya Youth Eternity Face Sheet Mask №1 /9320/,Бусад,D
Гим HiOra/буйлны үрэвсэл гель /HiOra-GA gel/ 15мл N1,Бусад,D
Гим Hotta Цай зөгийн балтай 1гр N10,Бусад,D
"Гим Hotta Цай хүн орхоодой, цагаан гаатай цай 90гр N10",Нэмэлт/уламжлалт,D
"Гим Hotta Цай эслэг, цагаан гаатай 80гр N10",Бусад,D
Гим Neem Skin Wellness капс 250мг N60,Эм,E
Гим Ori body scrub shower gel coffee 500ml /4872/,Бусад,D
Гим Ori body scrub shower gel grapefruit 500ml /4841/,Бусад,D
Гим Ori body scrub shower gel vanilla 500ml /4865/,Бусад,D
Гим Ori conditioner all hair types 400ml /2830/,Гоо сайхан/ариун цэвэр,D
Гим Ori moisturizing shower gel mango 1000ml /4780/,Бусад,D
Гим Ori moisturizing shower gel peach 1000ml /4773/,Бусад,D
Гим Ori moisturizing shower gel strawberry 1000ml /4766/,Бусад,D
Гим Ori shampoo garlic 400ml /2762/,Гоо сайхан/ариун цэвэр,D
Гим ori shampoo olive 1500ml /2793/,Гоо сайхан/ариун цэвэр,D
Гим Ori shampoo olive 400ml /2748/,Гоо сайхан/ариун цэвэр,D
Гим ori shampoo protein&egg 400ml /2731/,Гоо сайхан/ариун цэвэр,D
Гим Pollution Detox Charcoal Face Wash 50ml /0165/,Бусад,D
Гим pro body lotion amber & vanilla 500ml /3080/,Гоо сайхан/ариун цэвэр,D
Гим Pro body lotion coconut milk 500ml /3103/,Гоо сайхан/ариун цэвэр,D
Гим Pro body lotion tropical & fruit 500ml /3066/,Гоо сайхан/ариун цэвэр,D
Гим Pro shampoo anti-dandruff 600ml /1840/,Гоо сайхан/ариун цэвэр,D
Гим Pro shampoo dry&damaged 600ml /1826/,Гоо сайхан/ариун цэвэр,D
Гим Pro shampoo normal 600ml /1857/,Гоо сайхан/ариун цэвэр,D
Гим Strawberry Gloss Lip Balm 10g /2437/,Бусад,D
Гим Ultra Mois Cocoa Butter Lip Balm 10g /2420/,Бусад,D
Гим Батга/гель /Clarina anti-acne face wash gel/ 30*2гр N1,Бусад,D
Гим Батга/тос /Clarina anti-acne cream/ 30гр N1,Бусад,D
Гим бэлгэвч One Extended Pleasure №3 /3398/,Бусад,D
Гим бэлгэвч One Mixed Pleasures №12 /0075/,Бусад,D
Гим бэлгэвч One Mixed Pleasures №3 /0006/,Бусад,D
Гим бэлгэвч One Pleasure Dots №12 /7519/,Бусад,D
Гим бэлгэвч One Pleasure Dots №3 /7502/,Бусад,D
Гим бэлгэвч One Super Sensitive №12 /0009/,Бусад,D
Гим бэлгэвч One Super Sensitive №3 /0002/,Бусад,D
Гим бэлгэвч One Super Studs №12 /0044/,Бусад,D
Гим бэлгэвч One Super Studs №3 /0037/,Бусад,D
Гим бэлгэвч One True Fit №3 /0020/,Бусад,D
Гим бэлгэвч One Ultra Feel 2-in-1 №10 /0373/,Бусад,D
Гим бэлгэвч One Zerothin №12 /0051/,Бусад,D
Гим бэлгэвч One Zerothin №3 /0013/,Бусад,D
Гим бэлгэвч PB 003 №3 /0457/,Бусад,D
Гим бэлгэвч PB 3 PLEASURES №3 /0464/,Бусад,D
Гим бэлгэвч PB NUDY №3 /0471/,Бусад,D
Гим бэлгэвч PB PAUSE №3 /0488/,Бусад,D
Гим бэлгэвч PB TORNADO №3 /0495/,Бусад,D
Гим Гавар/өвдөлт намдаах /Pain balm strong/ 10гр N1,Бусад,D
Гим Гавар/ханиадны /Cold balm/ 10гр N1,Бусад,D
Гим Гар/тос /Age dеfying cream/ 100мл N1,Бусад,D
Гим Гар/тос тэжээлийн /Nourishing hand cream/ 100мл N1,Гоо сайхан/ариун цэвэр,D
Гим гарын тэжээлийн тос 50мл,Бусад,D
Гим Крем живх /Diaper rash cream/ 20гр,Эмнэлгийн хэрэгсэл,D
Гим нүүр чийгшүүлэгч тос 50мл,Бусад,D
Гим Нүүр/clear complexion with 1234,Бусад,D
Гим Нүүр/тос тэжээлийн  50гр N1 \6377\,Бусад,D
Гим Нүүр/тос тэжээлийн 100гр N1 \6384\,Бусад,D
Гим Нүүр/угаагч шингэн /Purifying neem face wash/ 100мл N1,Бусад,D
Гим Нүүр/чийгшүүлэгч  алое /5530/ 100мл,Бусад,D
Гим нүүрний тос оливтой шинг 150мл \ 0246\,Гоо сайхан/ариун цэвэр,D
Гим нүүрний тос эрчимтэй чийгшүүлэх тос шинг 150мл \3881\,Гоо сайхан/ариун цэвэр,D
Гим оо /active fresh toothpaste/ 150мл,Бусад,D
Гим оо Ayureda gum care 150gr,Бусад,D
Гим оо Triple action herbal 125gr,Бусад,D
Гим оо ultra whitening toothpaste 75gr /5104/,Бусад,D
Гим Оо өдөр тутам /Dental cream/ 200гр N1,Бусад,D
Гим Оо сэнгэнсэн /Active fresh toothpaste/ 100гр \ 6482\,Бусад,D
Гим Оо хэт мэдрэгшил бууруулах оо /Sensitive toothpaste/ 100гр N1,Бусад,D
Гим Оо цайруулан гялалзуулах /Sparkling white toothpaste/ 100гр N1,Бусад,D
Гим оо цайруулан гялалзуулах 150мл \6122\,Бусад,D
Гим Оо цогц арчилгаа /Complete care toothpaste/ 100гр N1 \0688\,Бусад,D
Гим суганы үнэр дарагч Underarm Deodorant Cream 10ml /4036/,Гоо сайхан/ариун цэвэр,D
Гим Трифала капс 250мг N60,Эм,E
Гим уруул өнгөлөгч honey lip balm /0455/,Бусад,D
Гим Уруул чийгшүүлэгч эрчимтэй /Natural intensive lip balm/ 10гр N1,Бусад,D
Гим Үс/шампунь /Anti dandruff shampoo/ хуурай үс 400мл N1,Гоо сайхан/ариун цэвэр,D
Гим Үс/шампунь тэжээлийн /Protein shampoo gentle/ 400гр N1,Гоо сайхан/ариун цэвэр,D
Гим Үс/шампунь уналтын эсрэг /Anti hair fall shampoo/ 400мл N1,Гоо сайхан/ариун цэвэр,D
Гим үсний шампунь /Natural Protien/ 340ml /2381/,Гоо сайхан/ариун цэвэр,D
Гим үсний шампунь /Repair Regenerate/ 400ml /1555/,Гоо сайхан/ариун цэвэр,D
Гим үсний шампунь /Softness Shine/ 400ml /8333/,Гоо сайхан/ариун цэвэр,D
Гим ХайОра СЖ-амны салст тос/т өвдөлт намдаах гель 10гр,Бусад,D
Гим хөлний үнэр дарагч Foot Deodorant Cream 10ml /4029/,Гоо сайхан/ариун цэвэр,D
Гим хөлс дарагч Roll-On Deodorant Men 80ml /4067/,Гоо сайхан/ариун цэвэр,D
Гим хөлс дарагч Roll-On Deodorant Sport 80ml /4074/,Гоо сайхан/ариун цэвэр,D
Гим хөлс дарагч Roll-On Deodorant women 80ml /4050/,Гоо сайхан/ариун цэвэр,D
Гим Хүүхд/арьс арчилгааны багц,Бусад,D
Гим Хүүхд/лосьон /Baby lotion ghee/ 400мл /6525/,Гоо сайхан/ариун цэвэр,D
Гим Хүүхд/лосьон /Baby lotion/ 200мл N1,Гоо сайхан/ариун цэвэр,D
Гим Хүүхд/тос /Baby cream/ 50мл N1,Бусад,D
Гим Хүүхд/тос тэжээлийн /Nourishing baby oil/ 100мл N1,Бусад,D
Гим Хүүхд/цацлага /Baby powder/ 50гр N1,Эм,E
Гим Хүүхд/шампунь зөөлөн /Gentle baby shampoo/ 200мл N1,Гоо сайхан/ариун цэвэр,D
Гим ХҮҮХДИЙН ГАВАР - Soothing Baby Rub 15ml /3524/,Бусад,D
Гим хүүхдийн шүдний оо bubble gum 80гр /1544/,Бусад,D
Гим хүүхдийн шүдний оо mint /1551/,Бусад,D
Гим хүүхдийн шүдний оо оранж 80гр /1568/,Бусад,D
Гим Чийгшүүлэгч хүүхдийн саван Moisturizing baby soap 75гр,Гоо сайхан/ариун цэвэр,D
Гим Шүдний оо энгийн  гималай 100гр,Бусад,D
"Гинварен т/уусм 17,5мг 5мл N25",Нэмэлт/уламжлалт,D
Гинелла охидын шингэн саван 100мл №1 /Czech Republic/,Гоо сайхан/ариун цэвэр,D
Гинелла эмэгтэйчүүдийн шингэн саван 200мл №1 /Czech Republic/,Гоо сайхан/ариун цэвэр,D
Гинкго комплекс капсул №120 /Premium/,Нэмэлт/уламжлалт,D
Гинкобал инж 3.5мг/мл-5мл N10,Бусад,D
Гинокапс 100мг+ 100мг N10,Эм,E
Гинофилус үт/кап N14,Эм,E
Гинофилус-SR үт/кап N6,Эм,E
Гинсомин капс N30,Нэмэлт/уламжлалт,D
Глизид М шахм 500мг+80мг N10,Эм,V
"Гликопирролат тарилгын уусмал 0,2мг-1мл №10 /Reyon/",Эм,E
Глимепирид Денк-2 шахм 2мг N30,Эм,V
Глимепирид Денк-3 шахм 3мг N30,Эм,V
Глицирон б/шахм N100,Эм,E
Глицирон т/уусм 20мл N1,Эм,V
Глюкоз /ivco/ д/шин 10% 250мл N1,Эм,E
Глюкоз /ivco/ д/шин 5% 100мл N1,Эм,E
Глюкоз /ivco/ д/шин 5% 250мл N1,Эм,E
Глюкоз /ivco/ д/шин 5% 500мл N1,Эм,E
Глюкоз /цомбо/ т/уусм 40%- 10мл N10,Эм,E
Глюкоз /энхийн шүүдэр/ д/шин 5% 500мл N1,Эм,E
Глюкоз /энхийн шүүдэр/ д/шин 5%- 250мл N1,Эм,E
Глюкоза /даль/ т/уусм 40% 10мл N10,Эм,E
Глюкозамин №900 Glucosamine /9591/,Нэмэлт/уламжлалт,D
Глюкозамин Хондроитин болон МСМ шахмал №120 /FACTORS/,Нэмэлт/уламжлалт,D
Глюкозамин шахм 300мг N300,Нэмэлт/уламжлалт,D
Глюкозамин/Хондротин 750/600мг N60,Нэмэлт/уламжлалт,D
Годекс N100,Бусад,D
Гоё аарцны ундаа 480мл,Хүнс,D
Гоё чацарганатай аарц 480мл,Бусад,D
Гоо сайханы цэлцэгнүүр 280гр №28 /Shiseido/,Гоо сайхан/ариун цэвэр,D
Горчичник Приправыч нунт 50гр N1,Эм,E
Гофен капс 400мг N50,Эм,V
Граммидин 0.0638мг+0.10мг N1,Бусад,D
Граммидин мэдээгүйжүүлэгчтэй 0.06мг+0.015мг+0.10мг N1,Бусад,D
Граммидин нео шахмал 3мг+1мг N18 /Valenta/,Эм,E
Граммидин хүүхдийн 0.03мг+0.1мг N1,Бусад,D
Грелка 1000мл эмн/х N1,Бусад,D
Грелка 2000мл эмн/х N1,Бусад,D
Грелка 500мл эмн/х N1,Бусад,D
Грийн энема /тосон клизм/ 20мл N1,Эм,E
Грийн энема /тосон клизм/ эмн/х 20мл N1,Эм,E
Грипоблок том хүн нунт/уус N12,Эм,E
Гропивирин 500мг №50,Эм,V
Гроприносин -Рихтер сироп 250мг/5мл 150мл N1,Эм,V
Гроприносин Форте мөхлөг 1000мг №30,Эм,V
Гроприносин Форте шахмал 1000мг №30,Эм,V
Гроприносин шахм 500мг N20,Эм,V
Гроприносин шахм 500мг N50,Эм,V
Гуровитаген уусм 500мл,Эм,E
Гүн гүн сүү 9сар-3 нас 140гр,Бусад,D
Гүн нойр шотс 10мл N10,Бусад,D
Гүүд найт Денк капсул №60,Эм,E
Гэмтсэн хөлний чиг JYK-D009 L N1 /Osky Medical/,Бусад,D
Гэмтсэн хөлний чиг JYK-D009 M N1 /Osky Medical/,Бусад,D
Гэмтсэн хөлний чиг JYK-D009 S N1 /Osky Medical/,Бусад,D
Гэмтэлтэй үсэнд зориулсан ангижруулагч 400мл /Lion Corp./ дис,Гоо сайхан/ариун цэвэр,D
Гэмтэлтэй үсэнд зориулсан ангижруулагч 400мл /Lion Corp./+,Гоо сайхан/ариун цэвэр,D
Гэмтэлтэй үсэнд зориулсан шампунь 400мл /Lion Corp./ Дис,Гоо сайхан/ариун цэвэр,D
Д-Вит Ламира бүрх шах 50000 IU №8,Эм,V
Даавуун лент 2x500 см Avanti Medical,Бусад,D
Даавуун лент 3x500 см Avanti Medical,Бусад,D
Даавуун лент 5x500 см Avanti Medical,Бусад,D
Дажес капс капс 25мг+50мг+15мг+25мг+15мг+50мг+13мгмг N20,Эм,E
"Дайжест Актив капс 17,91гр N30",Эм,E
Дайжестронг №6 /ХБ бэлдмэл/,Бусад,D
Далацин капс 150мг N16,Эм,V
Далацин капс 300мг N16,Эм,V
Дапапрозин шахмал 10мг №28 /Dongkoo Bio/,Эм,V
Даралтат шарх угаагч WZ-WPL-01,Бусад,D
Даралтны аппарат дан (Yuwell) эмн/х N1,Эмнэлгийн хэрэгсэл,D
Даралтны хос аппарат N1 /MDF/,Эмнэлгийн хэрэгсэл,D
Дарву 5 /Х/ чацаргана 5 1г N15 талх эм /Одь тан/,Нэмэлт/уламжлалт,D
Дармон шахм N50,Эм,E
Даролак уус/шх 1.25ОУН N10,Нэмэлт/уламжлалт,D
Дархлаа дэмжих цай жижиг 20г N10 /Одь тан/,Эм,E
Дархлаа дэмжих цай том 40г N20 /Одь тан/,Эм,E
Дасгалын бөмбөг OC-2138 N1 /Энэтхэг/,Бусад,D
Девази ууж хэрэглэх хөвмөл бэлтгэх нунтаг 200мг/5мл-30мл №1 /Devlife/,Эм,V
Девиксим ДС ууж хэрэглэх хөвмөл бэлтгэх нунтаг 100мг/5мл-60мл №1 /Devlife /,Эм,V
Девиксим шахмал 400мг №7 /Devlife/,Эм,V
Дегирол 0.25мг хүлхдэг шахмал N100 /Darya/,Эм,E
Декс-Оф нүд/чих/дус 4мл N1,Эм,E
Дексалгин 25мг нунтаг N10 /Берлин-Хеми/,Эм,E
Дексалгин 25мг шахмал N20 /Берлин-Хеми/,Эм,E
Дексалгин 50мг/2мл №5 тар/уусмал /Берлин Хеми/,Эм,E
Дексалгин бүрхүүлтэй шахмал 25мг N20 /Nobel/,Эм,E
Дексалгин гель 12.5мг/1г-60 г №1 /Nobel/,Эм,E
Дексалгин т/уусм 50мг/ 2мл N6,Эм,E
Дексаметазон 4мг-1мл №10,Эм,V
Дексаметазон 4мг/1мл N1,Эм,V
Дексаметазон т/уусм 4мг 1мл N1,Эм,V
Дексибупрофен капс 300мг N10,Эм,E
Дексирен б/шахм 25мг N20,Эм,E
Дексмедетомидин гидрохлорид тарилга 0.2мг/2мл №1,Эм,E
Декстафен 0.5мг + 2мг каплет N100,Эм,E
Демакот крем 15гр,Эм,E
Денк Д3 Юниор шахм 500 ОУН N100,Эм,V
Денк- Брэйн актив шахм N30,Эм,E
Денк-Витактив капс В12 100ҮУН N30,Эм,E
Денк-Витамин Д3 актив шахм N100,Эм,V
Денк-Тимэйр шахм N20,Эм,E
Денк-Эйр б/шахм 10мг N28,Эм,V
Денк-Эйр Юниор заж/ш 4мг N28,Эм,V
Денк-Эйр Юниор заж/ш 5мг N28,Эм,V
Депакин Хроно /Солонгос/ шахм 300мг N100,Эм,V
Депакин Хроно /Солонгос/ шахм 500мг N100,Эм,V
Депакин Хроно шахм 300мг N100,Эм,V
Депакин Хроно шахм 500мг N30,Эм,V
Депантол эм/лаа N10,Эм,E
Депенд Amshim tape N11,Бусад,D
Депенд relief tape 10ш,Бусад,D
Депенд relief+underwear longtime XL14 0757,Бусад,D
Депенд relief+Underwear Longtime XL7 0733,Бусад,D
Депенд дэвсгэр том хүний 60*74см N10,Бусад,D
Депенд өмсдөг эр М 0604 N10,Бусад,D
Депенд өмсдөг эрэгтэй L 2461 N9,Бусад,D
Депенд том хүний наадаг живх N9,Эмнэлгийн хэрэгсэл,D
Депенд том хүний өмсдөг живх N16,Эмнэлгийн хэрэгсэл,D
Депенд том хүний өмсдөг живх N18,Эмнэлгийн хэрэгсэл,D
Депенд том хүний өмсдөг живх N9,Эмнэлгийн хэрэгсэл,D
Депенд хэрэглэл/ үнэр дарагчтай/ N24,Гоо сайхан/ариун цэвэр,D
Дермобактер уусм 125мл N1,Эм,E
Десерт банана morelife /6913/,Бусад,D
Десерт шоколад morelife /6920/,Хүнс,D
Деслора Денк б/шахм 5мг N10,Эм,E
Десона хамрын цацлага 10мл N1,Эм,V
Десонап сп 6мл N1,Эм,E
Джес шахм N28,Эм,E
Диабет сахар дарангуйлагч хар үрийн бэлдмэл /Hamdard/ №60,Бусад,D
Диазепам 0.5-2мл №1,Эм,V
Диакарб шахм 250мг N30,Эм,V
Диакоф ханиадны сироп 100мл N1,Нэмэлт/уламжлалт,D
Диарекс N30,Нэмэлт/уламжлалт,D
Дибазол /50ус/ шахм 20мг N10,Эм,E
Дибазол /даль/ т/уусм 1% 5мл N10,Эм,E
Дибазол /мөнх.тун/ шахм 20мг N10,Эм,E
Дизинил 16 мг шахмал N100,Эм,E
Дикиес өмд DK010P CIPS-L,Бусад,D
Дикиес өмд DK010P CIPS-M,Бусад,D
Дикиес өмд DK015 BAPS - L,Бусад,D
Дикиес өмд DK015 CIPS - L,Бусад,D
Дикиес өмд DK015 NYPS - L,Бусад,D
Дикиес өмд DK015 PWPS-M,Бусад,D
Дикиес өмд DK015 RYPS - L,Бусад,D
Дикиес өмд DK130 CIE - L,Бусад,D
Дикиес өмд DK130 NAV - L,Бусад,D
Дикиес өмд DK130 ROY - L,Бусад,D
Дикиес өмд DK135 ROY – M,Бусад,D
Дикиес өмд DK135 WIN-M,Бусад,D
Дикиес өмд DK135P CAR - M,Бусад,D
Дикиес өмд DK135P CAR - S,Бусад,D
Дикиес өмд DK135P CAR - XS,Бусад,D
Дикиес өмд DK135P CAR - XXS,Бусад,D
Дикиес өмд DK135P CIE - M,Бусад,D
Дикиес өмд DK135P CIE - XS,Бусад,D
Дикиес өмд DK135P PWT M,Бусад,D
Дикиес өмд DK135P PWT S,Бусад,D
Дикиес өмд DK135P PWT XS,Бусад,D
Дикиес өмд DK135P PWT XXS,Бусад,D
Дикиес өмд DK135P WIN – M,Бусад,D
Дикиес өмд DK135P WIN – XS,Бусад,D
Дикиес өмд DK155 BLK-M,Бусад,D
Дикиес өмд DK155 CAR-M,Бусад,D
Дикиес өмд DK155 CAR-XXS,Бусад,D
Дикиес өмд DK155 HTNA-XS,Бусад,D
Дикиес өмд DK155 PWT - XS,Бусад,D
Дикиес өмд DK155 PWT - XXS,Бусад,D
Дикиес өмд DK155 PWT-M,Бусад,D
Дикиес өмд DK155 ROY-XXS,Бусад,D
Дикиес өмд DK155 WIN-M,Бусад,D
Дикиес өмд DK155 WIN-S,Бусад,D
Дикиес өмд DK155 WIN-XS,Бусад,D
Дикиес өмд DK155 WIN-XXS,Бусад,D
Дикиес өмд DK155P BLK M,Бусад,D
Дикиес өмд DK155P BLK S,Бусад,D
Дикиес өмд DK155P BLK XS,Бусад,D
Дикиес өмд DK155P BLK XXS,Бусад,D
Дикиес өмд DK155P CAR S,Бусад,D
Дикиес өмд DK155P CAR XS,Бусад,D
Дикиес өмд DK155P CAR XXS,Бусад,D
Дикиес өмд DK155P HUN M,Бусад,D
Дикиес өмд DK155P HUN S,Бусад,D
Дикиес өмд DK155P HUN XS,Бусад,D
Дикиес өмд DK155P HUN XXS,Бусад,D
Дикиес өмд DK155P NAV M,Бусад,D
Дикиес өмд DK155P NAV S,Бусад,D
Дикиес өмд DK155P NAV XS,Бусад,D
Дикиес өмд DK155P NAV XXS,Бусад,D
Дикиес өмд men DK015 BAPS-L,Бусад,D
Дикиес өмд men DK015 BAPS-M,Бусад,D
Дикиес өмд men DK015 CIPS-L,Бусад,D
Дикиес өмд men DK015 NYPS-L,Бусад,D
Дикиес өмд men DK055 CIE-L,Бусад,D
Дикиес өмд men DK055 CIE-S,Бусад,D
Дикиес өмд men DK055 CIE-XL,Бусад,D
Дикиес өмд men DK055 NAV-XL,Бусад,D
Дикиес өмд men DK055 PWT-XL,Бусад,D
Дикиес өмд men DK055 ROY-S,Бусад,D
Дикиес өмд men DK055 ROY-XL,Бусад,D
Дикиес өмд men DK055 ROY-XS,Бусад,D
Дикиес халад 81404 DWHZ-M,Эмнэлгийн хэрэгсэл,D
Дикиес халад 81404 DWHZ-S,Эмнэлгийн хэрэгсэл,D
Дикиес халад men 81404 DHWZ-XS,Эмнэлгийн хэрэгсэл,D
Дикиес цамц DK615 CIPS-L,Бусад,D
Дикиес цамц DK615 CIPS-M,Бусад,D
Дикиес цамц DK615 PWPS-XS,Бусад,D
Дикиес цамц DK615 RYPS - XS,Бусад,D
Дикиес цамц DK616 WZMC-XS,Бусад,D
Дикиес цамц DK635 CIPS - L,Бусад,D
Дикиес цамц DK635 NYPS - L,Бусад,D
Дикиес цамц DK635 RYPS - L,Бусад,D
Дикиес цамц DK678 ROY- M,Бусад,D
Дикиес цамц DK678 ROY- S,Бусад,D
Дикиес цамц DK678 ROY- XS,Бусад,D
Дикиес цамц DK678 WIN - S,Бусад,D
Дикиес цамц DK678 WIN-XS,Бусад,D
Дикиес цамц DK870 CAR M,Бусад,D
Дикиес цамц DK870 CAR S,Бусад,D
Дикиес цамц DK870 CAR XXS,Бусад,D
Дикиес цамц DK870 ROY -XXS,Бусад,D
Дикиес цамц DK870 ROY-M,Бусад,D
Дикиес цамц DK870 ROY-XS,Бусад,D
Дикиес цамц DK870 WIN-M,Бусад,D
Дикиес цамц DK870 WIN-S,Бусад,D
Дикиес цамц DK870 WIN-XS,Бусад,D
Дикиес цамц DK875 BLK - M,Бусад,D
Дикиес цамц DK875 BLK-M,Бусад,D
Дикиес цамц DK875 BLK-S,Бусад,D
Дикиес цамц DK875 BLK-XS,Бусад,D
Дикиес цамц DK875 BLK-XXS,Бусад,D
Дикиес цамц DK875 CAR-M,Бусад,D
Дикиес цамц DK875 CAR-S,Бусад,D
Дикиес цамц DK875 CAR-XS,Бусад,D
Дикиес цамц DK875 CAR-XXS,Бусад,D
Дикиес цамц DK875 CIE M,Бусад,D
Дикиес цамц DK875 CIE S,Бусад,D
Дикиес цамц DK875 CIE XS,Бусад,D
Дикиес цамц DK875 CIE XXS,Бусад,D
Дикиес цамц DK875 HUN M,Бусад,D
Дикиес цамц DK875 HUN S,Бусад,D
Дикиес цамц DK875 HUN XS,Бусад,D
Дикиес цамц DK875 HUN XXS,Бусад,D
Дикиес цамц DK875 NAV XS,Бусад,D
Дикиес цамц DK875 NAV XXS,Бусад,D
Дикиес цамц DK875 PWT - M,Бусад,D
Дикиес цамц DK875 PWT - S,Бусад,D
Дикиес цамц DK875 PWT-S,Бусад,D
Дикиес цамц DK875 PWT-XS,Бусад,D
Дикиес цамц DK875 PWT-XXS,Бусад,D
Дикиес цамц DK875 ROY - XXS,Бусад,D
Дикиес цамц men DK635 BAPS-L,Бусад,D
Дикиес цамц men DK635 BAPS-S,Бусад,D
Дикиес цамц men DK635 CIPS-L,Бусад,D
Дикиес цамц men DK635 CIPS-M,Бусад,D
Дикиес цамц men DK635 CIPS-S,Бусад,D
Дикиес цамц men DK635 RYPS-L,Бусад,D
Дикиес цамц men DK930 BLK-XS,Бусад,D
Дикиес цамц men DK930 CIE-S,Бусад,D
Дикиес цамц men DK930 CIE-XS,Бусад,D
Дикиес цамц men DK930 NAV-XS,Бусад,D
Дикиес цамц men DK930 ROY-S,Бусад,D
Дикиес цамц men DK930 ROY-XS,Бусад,D
Дикло Денк 100 ректал ш/г/лаа 100мг N10,Эм,V
Дикло Денк 100 Ретард шахм 100мг N100,Эм,V
Дикло Денк шахм 50мг N100,Эм,V
Дикломол СР шахм 100мг N100,Эм,V
Дикломон Ретард шахм 100мг N100,Эм,V
Диклофенак 75мг-2мл №10,Эм,V
Дилакса капс 100мг N10,Эм,V
Дилакса капс 200мг N10,Эм,V
Димедрол /ivco/ т/уусм 1% 1мл N1,Эм,E
Димедрол /даль/ т/уусм 1% 1мл N10,Эм,E
Димедрол тарилгын уусмал 1%-1мл N10 /Цомбо/,Эм,E
"Дино Sambucus Вит-С чихэр 1.2гр №50 /CHO-A PHARM.CO.,LTD/",Бусад,D
"Дино Вита-С чихэр 1.2гр №10 /CHO-A PHARM.CO.,LTD/",Бусад,D
Диован б/шахм 160мг N14,Эм,V
Диован б/шахм 80мг N14,Эм,V
Диосперидин бүрхүүлтэй шахмал 450мг+50мг N30 /Help/,Эм,E
Диротон шахм 10мг N28,Эм,V
Диротон шахм 20мг N28,Эм,V
Диротон шахм 5мг N28,Эм,V
Дистрептаза эм/лаа 15000 ОУН + 1250 ОУН N6,Эм,E
Дитамин Анти-Колик дусал 10мл N1,Эм,E
Дифлазон 50мг N7,Эм,V
Дифлазон капс 150мг N1,Эм,V
Дифлю капсул 150мг N4 /Seoul/,Эм,V
Дифлюкан д/шин 2мг/мл 50мл,Эм,V
Дифлюкан капс 150мг N1,Эм,V
Дифлюкан капс 50мг N7,Эм,V
Дицинон т/уусм 250мг /2мл N50,Эм,V
Дицинон шахм 250мг N100,Эм,V
ДК назал 50 мл №1 /шүршлэг/,Эм,E
Докси Денк шахм 200мг N8,Эм,V
Докси-Денк шахм 100мг N20,Эм,V
Доксициклин штада шахм 100мг N10,Эм,V
Долоогоны ханд /50ус/ сп/х 30мл,Эм,E
Долоогоны ханд /монос/ 20мл N1,Эм,E
Донг А /Energy drink VaLaVoom/ 250мл,Бусад,D
Донг А /Power up энерги/ шинг 250мл N1,Бусад,D
Донг А бакус Carbonate 250мл,Бусад,D
Донг А бакус Сахаргүй 250мл,Бусад,D
ДонгА бакус - Д 100 мл N1,Бусад,D
ДонгА бакус - Х 100 мл N1,Бусад,D
Доппел герц омега 3-6-9 капс N60,Нэмэлт/уламжлалт,D
Дорзомид-Т нүдний дусал 5мл N1 /Pneu Pharma/,Эм,E
Дорсун-Т нүд/дус 2%+0.5% - 5мл N1,Эм,E
"Дотарем уусм 0,5моль/мл 20мл N1",Эм,E
Дотуур хувцас 4 нас /Эсү 6789/,Бусад,D
Дофазолин сп/х 15мл N1,Эм,E
Дөрвөн цэнт Скай Селл Флу вакцин 0.5 мл №1 /SK Bioscience/,Эм,E
Драмина 3+ шахм 50мг N10,Эм,E
Дриклор 20мл,Эм,E
Дроптоп б/шахм 10мг+10мг №30 /Ildong/,Эм,E
Дротаверин /нахиа/ шахм 40мг N100,Эм,V
Дротаверин гидрохлорид шахмал 40мг №100 /Borisovskiy/,Эм,V
Дуйнум шахмал 50мг N30 /Medochemie Ltd/,Эм,V
Дуксет 30мг капс №28 sample,Эмнэлгийн хэрэгсэл,D
Дуксет 60мг капс №28 sample,Эмнэлгийн хэрэгсэл,D
Дунд чөмөгний хүзүүний чиг JYK-D019 L N1 /Osky Medical/,Эмнэлгийн хэрэгсэл,D
Дунд чөмөгний хүзүүний чиг JYK-D019 M N1 /Osky Medical/,Эмнэлгийн хэрэгсэл,D
Дунд чөмөгний хүзүүний чиг JYK-D019 S N1 /Osky Medical/,Эмнэлгийн хэрэгсэл,D
Дуовит б/шахм N40,Эм,E
Дусал залгах 3 замтай крант N1 /Хятад/,Эм,E
Дусал тоологч N1,Эм,E
Дуслын систем /Ньюремеди/ N1,Эмнэлгийн хэрэгсэл,D
Дуслын систем /Тэгш-Анар ХХК/ №1,Эмнэлгийн хэрэгсэл,D
Дуслын систем 21Ж N1 /Jianshi/,Эмнэлгийн хэрэгсэл,D
Дуслын систем 22 Жи №1 /Тимус фарм/,Эмнэлгийн хэрэгсэл,D
Дуслын систем 22G N1 /Henan/,Эмнэлгийн хэрэгсэл,D
"Дустар 0,5мг капс N30",Эм,V
Дэвсгэр 40см х 40см №1 /Ньюремеди/,Бусад,D
Дэвсгэр 60см*90см №20 /Нахиа/,Бусад,D
Дэвсгэр памперс 60*75см №10 /Carnation/,Бусад,D
Дэвсдэг живх / литтл валлей ст/ N25,Эмнэлгийн хэрэгсэл,D
Дэе 2 Дэе Тэ коллаген бюьти плас /Orzax/ N30,Нэмэлт/уламжлалт,D
Дэнти поп гүзээлзгэнэ и/чихэр 1ш,Бусад,D
Дэнти поп лака мошин и/чихэр 1ш,Бусад,D
Дэнти Поп оранж и/чихэр 1ш,Бусад,D
Дэнти поп ханборгоцой и/чихэр 1ш,Бусад,D
Дэнти поп хоолой и/чихэр 1ш,Бусад,D
Дэнти поп чоко вов и/чихэр 1ш,Бусад,D
Дюфастон шахм 10мг N20,Эм,V
Енат 400 капс N30,Эм,E
Енат крем 50гр N1,Хүнс,D
Енатрон үтрээний лаа 200мг N12 /AZ. Chimiche Riunite Angelini/,Эм,E
Ж-Кит шахм 1000мг+500мг+20мг N6,Эм,E
Жаст классик Стем 09# 54I752 /Just medical/,Эмнэлгийн хэрэгсэл,D
Жаст классик Стем 11# 54I750 /Just medical/,Эмнэлгийн хэрэгсэл,D
Жаст классик Стем 13# 54I748 /Just medical/,Эмнэлгийн хэрэгсэл,D
Жаст классик Стем 14# 54I747 /Just medical/,Эмнэлгийн хэрэгсэл,D
Жаст классик Стем 15# 54I746 /Just medical/,Эмнэлгийн хэрэгсэл,D
Жаст классик Стем 16# 54I745 /Just medical/,Эмнэлгийн хэрэгсэл,D
Жаст классик Стем 8E3140 06# /Just medical/,Эмнэлгийн хэрэгсэл,D
Жаст Толгой металл 28-3.5 832770 /Just medical/,Эмнэлгийн хэрэгсэл,D
Жаст Толгой металл 28+0 832771 /Just medical/,Эмнэлгийн хэрэгсэл,D
Жаст Толгой металл 28+3.5 832772 /Just medical/,Эмнэлгийн хэрэгсэл,D
Жаст Толгой металл 28+7 832773 /Just medical/,Бусад,D
Жаст Толгой металл 32-3.5 832761 /Just medical/,Эмнэлгийн хэрэгсэл,D
Жаст Толгой металл 32+0 832762 /Just medical/,Эмнэлгийн хэрэгсэл,D
Жаст Толгой металл 32+3.5 832763 /Just medical/,Эмнэлгийн хэрэгсэл,D
Жаст Толгой металл 32+7 832764 /Just medical/,Эмнэлгийн хэрэгсэл,D
Жгут,Бусад,D
Жеил аскорбины хүчил т/уусм 500мг- 2мл N50,Эм,V
Жейл Кифентеч /үе мөч/ наалт 10см*7см 30мг N7,Эмнэлгийн хэрэгсэл,D
Жейл Пингвин халуун наалт 14см*10см N5,Эмнэлгийн хэрэгсэл,D
Жейл Пингвин хүйтэн наалт 14см*10см N5,Эмнэлгийн хэрэгсэл,D
Желебетакложе крем 0.64мг+1мг+10мг 15гр N1,Эм,E
ЖЖ шумуул үргээх хүж,Бусад,D
Жийрэг моб. L*1B Өвдөг эмн/х 318-448/12 N1,Эмнэлгийн хэрэгсэл,D
Жийрэг моб. L*2A/L*2B Өвдөг [318-447/12] эмн/х N1,Эмнэлгийн хэрэгсэл,D
Жийрэг моб. L*2A/L*2B Өвдөг [318-447/14] N1,Бусад,D
Жийрэг моб. R*2A/R*2B Өвдөг [318-437/12] эмн/х N1,Эмнэлгийн хэрэгсэл,D
Жийрэг фкс. L*1B Өвдөг [318-248/12] эмн/х N1,Эмнэлгийн хэрэгсэл,D
Жийрэг фкс. L*2 Өвдөг [318-242/10] эмн/х N1,Эмнэлгийн хэрэгсэл,D
Жийрэг фкс. L*2 Өвдөг [318-242/12] эмн/х N1,Эмнэлгийн хэрэгсэл,D
Жийрэг фкс. L*2 Өвдөг [318-242/14] эмн/х N1,Эмнэлгийн хэрэгсэл,D
Жийрэг фкс. L*2A/L*2B Өвдөг [318-247/12] эмн/х N1,Эмнэлгийн хэрэгсэл,D
Жийрэг фкс. L*2A/L*2B Өвдөг [318-247/14] эмн/х N1,Эмнэлгийн хэрэгсэл,D
Жийрэг фкс. L*3 Өвдөг [318-243/10] эмн/х N1,Эмнэлгийн хэрэгсэл,D
Жийрэг фкс. L*3 Өвдөг [318-243/12] эмн/х N1,Бусад,D
Жийрэг фкс. L*4 Өвдөг [318-244/10] эмн/х N1,Эмнэлгийн хэрэгсэл,D
Жийрэг фкс. L*4 Өвдөг [318-244/12] эмн/х N1,Эмнэлгийн хэрэгсэл,D
Жийрэг фкс. L*5 Өвдөг [318-245/12] эмн/х N1,Эмнэлгийн хэрэгсэл,D
Жийрэг фкс. L2A*2B Өвдөг [318-247/10] эмн/х N1,Эмнэлгийн хэрэгсэл,D
Жийрэг фкс. R*1B Өвдөг [318-238/12] эмн/х N1,Эмнэлгийн хэрэгсэл,D
Жийрэг фкс. R*1B Өвдөг [318-258/10] N1,Бусад,D
Жийрэг фкс. R*1B Өвдөг XS [318-238/10] эмн/х N1,Эмнэлгийн хэрэгсэл,D
Жийрэг фкс. R*2 Өвдөг [318-232/10] эмн/х N1,Бусад,D
Жийрэг фкс. R*2 Өвдөг [318-232/12] эмн/х N1,Бусад,D
Жийрэг фкс. R*2A/R*2B Өвдөг [318-237/12] эмн/х N1,Эмнэлгийн хэрэгсэл,D
Жийрэг фкс. R*2A/R*2B Өвдөг [318-237/14] эмн/х N1,Эмнэлгийн хэрэгсэл,D
Жийрэг фкс. R*2A/R*2B Өвдөг 318-237/10 эмн/х N1,Эмнэлгийн хэрэгсэл,D
Жийрэг фкс. R*3 Өвдөг [318-233/12] эмн/х N1,Эмнэлгийн хэрэгсэл,D
Жийрэг фкс. R*4 Өвдөг [318-234/10] эмн/х N1,Эмнэлгийн хэрэгсэл,D
Жийрэг фкс. R*4 Өвдөг [318-234/12] эмн/х N1,Эмнэлгийн хэрэгсэл,D
Жийрэг фкс. R*4 Өвдөг [318-234/14] эмн/х N1,Эмнэлгийн хэрэгсэл,D
Жийрэг фкс. R*5 Өвдөг XL [318-235/10] эмн/х N1,Эмнэлгийн хэрэгсэл,D
Жийрэг чагт L*1B Өвдөг 318-268/12 N1,Бусад,D
Жилоба 40мг N30,Бусад,D
Жирэм/тест /тэгш анар / One step HCG Pregnancy Test N1,Эмнэлгийн хэрэгсэл,D
Жирэм/тест HCG Pregnancy test эмн/х /midstream/ N1,Эмнэлгийн хэрэгсэл,D
Жирэм/тест One-step pregnancy test стрип N1,Эмнэлгийн хэрэгсэл,D
Жирэмсний бүс XXL №1 /Хятад/,Бусад,D
Жирэмсний сойлт 2XL N1 /Энэтхэг/,Бусад,D
Жирэмсний сойлт 3XL N1 /Энэтхэг/,Бусад,D
Жирэмсний сойлт L N1 /Энэтхэг/,Бусад,D
Жирэмсний сойлт XL N1 /Энэтхэг/,Бусад,D
Жирэмсэний сарпан урт,Бусад,D
Жирэмсэний сойлт /дэвжих /,Бусад,D
Жоинт Мовемент Глюкозамин 1000мл liquid №1,Нэмэлт/уламжлалт,D
"Жойнт актив шахм 80+15+2,25мг N30",Эм,E
Жуст тийрс ликуигел нүд/дус 1% - 10мл N1,Эм,E
Жуст тийрс нүд/дус 0.5% - 10мл N1,Эм,E
"Жүүс Aloe king 0,5л N1",Бусад,D
Жүүс Aloe king grape лаазтай 240мл,Эм,E
Жүүс Aloe king pineapple лаазтай 240мл N1,Эм,E
Жүүс Aloe King Sugar Free 1.5л N1,Бусад,D
Жүүс Aloe king лаазтай 240мл N1,Эм,E
Жүүс Aloe Original 1.5л,Бусад,D
Жүүс Aloe Vitamin C 1.5л /2495/,Бусад,D
Жүүс Аloe strawberry лаазтай 240мл,Эм,E
Жүүс алое анар 500мл,Бусад,D
"Жүүс Алое витамин шинг 0,5л N1 /2518/",Бусад,D
Жүүс алое киви 500мл,Бусад,D
Жүүс алое манга 500мл,Бусад,D
"Жүүс Алое оригнал шинг 0,5л N1 /4949/",Бусад,D
Жүүс алое сахаргүй 500мл /2518/,Бусад,D
Залтирон т/уусм 10мл N10,Нэмэлт/уламжлалт,D
Залуужуулах бүтээгдэхүүн Proteo Glycan Collagen /0306/,Нэмэлт/уламжлалт,D
Запацид капс 30мг N30,Эм,V
Земан-СХ капс N30,Нэмэлт/уламжлалт,D
Зензонид утлагад зориулсан хөвмөл 2мл N10 /Ha Noi CPC1/,Эм,E
Зенкомби утлагад зориулсан хөвмөл 2.5 мл N10 /Ha Noi CPC1/,Эм,V
Зестомин 200 мл N1 /сироп/,Эм,E
Зетали тарилгын уусмал 2мг-300мл N1 /Demo/,Эм,E
Зилт шахм 75мг N28,Эм,V
Зинк стик 5гр нунтаг N20,Эм,E
Зовиракс крем 5% 2гр,Эм,V
Золедро Денк т/шин 4мг 5мл N1,Эм,V
Золцер липолизид тарилгын нунтаг 40мг10мл №1 /Centurion Ilac/,Эм,E
Зомета тарилгын шингэн бэлтгэх концентрат 4мг/5мл N1 /Novartis/,Эм,V
Зөгийн бал таван салаа /монос/ Ханд 100мл N1,Эм,E
Зүү эмчилгээний 0.25*40 №10 /Тэгш-Анар ХХК/,Эмнэлгийн хэрэгсэл,D
ИбуКейр 100мг/5мл-100мл N1 /Сироп/,Эм,V
Ибумон 200мг N10,Эм,V
Ибумон шахм 400мг N10,Эм,V
Ибупрофен Денк б/шахм 600мг N20,Эм,V
Ибупрофен Денк шахм 400мг N100,Эм,V
Ибуфен бөөрөлзгөнө ууж хэрэглэх хөвмөл 100мг/5мл-100мл №1 /Medana/,Эм,V
Ибуфен хөвм 100мг/5мл 100мл,Эм,V
Ибуфен Юниор капсул 200мг №10 /Polpharma S.A/,Эм,V
Идеос заж/ш N30,Эм,E
Идэвхижүүлсэн нүүрс / тимусфарма / шахм 250мг N10,Эм,E
Идэвхижүүлсэн нүүрс шахм 250мг N10,Эм,E
Изосорбит шахм 20мг N100,Эм,E
Изофлуран ингаляци 250мл N1 /Piramal Pharma/,Эм,V
Ил-янг алмагат хөвм 1гр 15мл N30,Эм,E
Имексим 100мг №12,Эм,V
Имипенем+ Циластати тар/н 500мг+500мг №1,Эм,V
"Имифед Эс Си 250мг+62,5мг №12",Эм,V
Иммун актив + Д3 нунтаг N20 /Denk/,Эм,E
Иммун актив нунт 40гр N20,Эм,E
Иммунал шахм 80мг N20,Эм,E
Иммуновис плюс кидс сироп 150мл N1,Эм,E
Иммуновис плюс кидс шахм N60,Эм,E
Иммуновис плюс шахм N30,Эм,E
Имодев капсул 2мг №100 / Devlife/,Эм,V
Имопек шахм 2мг N100 +,Эм,V
"Имунофан 45мкг/мл-1мл тарилгын уус №5 /ОХУ, Бионокс/ -",Бусад,D
"Имунофан 45мкг/мл-1мл тарилгын уус №5 /ОХУ, Бионокс/ +",Эм,E
Ингавирин капсул 60мг N10 /Валента/,Эм,E
Ингавирин капсул 90мг N10 /Валента/,Эм,E
Ингалипт аэр 30мл,Эм,E
Индометацин шахм 25мг N30,Эм,V
Индомон тос/т 20гр,Эм,E
Индомон шахм 25мг N20,Эм,E
"Инжекторын гуурс 1800мм, 400103 №1",Бусад,D
Инжекторын гуурс 2500мм №1,Бусад,D
Иннэр Флора Бораж Ойл капсул N60,Эм,E
Иннэр Флора Гранбэрри капсул N60,Эм,E
Инсти Без сахар мөхл N5,Эм,E
Инсти Кидс мөхл N5,Эм,E
Инсти Лимон мөхл N5,Эм,E
Инсти мөхл N5,Эм,E
Инсулины зүү автомат эмн/х 31гр х 5мм N1,Эмнэлгийн хэрэгсэл,D
Интеллан капс N20,Эм,E
Интралипид 20% 250мл N1,Эм,E
Интубацийн чиглүүлэгч гуурс 2.0мм эмн/х N1,Эм,E
Интубацын гуурс cuffed ID:8.0mm OD:10.7mm Fr32 N1 /Хятад/,Бусад,D
Инфлюцид А шахмал N40,Нэмэлт/уламжлалт,D
Инфулган 100мл,Эм,E
Иод уусм 10% 25мл N1,Эм,V
Иодтой ариутгалын хөвөн №50 / Ричшел ХХК /,Эм,E
Ирда стандарт бодис,Бусад,D
Ирдапин б/шахм 150мг/10мг N28,Эм,E
Ирдапин б/шахм 150мг/5мг N28,Эм,E
Ирдапин б/шахм 300мг/10мг N28,Эм,E
Итас капсул N60 Amino up,Эм,E
Итокан б/шахм 50мг N30,Эм,E
Йогурт желли гүзээлзгэнэ 20ш /0573/,Бусад,D
Йогурт желли гүзээлзгэнэ 8ш /2993/,Бусад,D
Кабивен приперал д/шин 1440мл N1,Эм,E
Кавинтон т/уусм 5мг/мл 2мл N10,Эм,E
Кавинтон Форте шахм 10мг N30,Эм,E
Кавинтон шахм 5мг N50,Эм,E
Кагоме алим луувангийн ногооны шүүс 100мл*3,Хүнс,D
Кагоме берри смүүти /3375/,Хүнс,D
Кагоме манго ногоо жимсний шүүс 100мл*3,Хүнс,D
Кагоме нил өнгийн ногоо жимсний шүүс 100мл*3,Хүнс,D
Кагоме нухаш /алим 180гр,Хүнс,D
"Кагоме нухаш жимс,ногооны 180гр",Хүнс,D
Кагоме нэг өдрийн ногоо шүүс англи 720мл,Хүнс,D
Кагоме оригинал ногоо жимсний шүүс 100мл*3,Хүнс,D
"Кагоме смүүти анар, берри жимсний холимог",Хүнс,D
Кагоме цагаан тоорын холимог шүүс 195мл /5162/,Хүнс,D
Кагоме шүүс алим  7542 750мл,Хүнс,D
Кагоме шүүс алим  9195 200мл,Хүнс,D
Кагоме шүүс алим 100% 5931,Хүнс,D
"Кагоме шүүс алим, ногоо жимсний холимог 720мл",Хүнс,D
Кагоме шүүс Аожиру эслэг 720мл,Хүнс,D
Кагоме шүүс лууван 200мл,Хүнс,D
Кагоме шүүс манго жимс 200мл,Хүнс,D
Кагоме шүүс манго жимс 720мл,Хүнс,D
Кагоме шүүс нил өнгийн ногоо 200мл,Хүнс,D
Кагоме шүүс нил өнгийн ногоо 720мл,Хүнс,D
Кагоме шүүс нэг өдрийн ногоо 200мл,Хүнс,D
Кагоме шүүс нэг өдрийн ногоо 720мл,Хүнс,D
Кагоме шүүс олон жимст 100% N3,Хүнс,D
Кагоме шүүс оригнал ногоо жимс 200мл,Хүнс,D
Кагоме шүүс оригнал ногоо жимс 720мл,Хүнс,D
Кагоме шүүс өглөөний жимс 200мл,Хүнс,D
Кагоме шүүс улаан лоол 200мл,Хүнс,D
Кагоме шүүс улаан лооль давсгүй 720мл,Хүнс,D
Кагоми фүкүока гүзээлзгэний холимог 100% шүүс,Хүнс,D
Кагоцил шахм 12мг N20,Эм,E
Кали смесь /ivco/ д/шин 100мл N1,Эм,E
Кали смесь /ivco/ д/шин 250мл N1,Эм,E
Калийн хлорид тарилгын шингэн 7.5%-100мл N1 /IVCO/,Эм,E
Калпис плас 200мл ашигтай бактертэй,Бусад,D
Кальпис ундаа / Цангаа тайлах эрүүл ундаа/ N1,Хүнс,D
Кальцемин Адванс шахм N120,Эм,E
Кальцемин Адванс шахм N30,Эм,E
Кальцемин Адванс шахм N60,Эм,E
Кальцемин Силвер шахм N60,Эм,E
Кальцемин сильвер бүрхүүлтэй шахмал №120,Эм,E
Кальцемин сильвер бүрхүүлтэй шахмал №30,Эм,E
Кальцемин шахм N120,Эм,E
Кальцемин шахм N30,Эм,E
Кальцемин шахм N60,Эм,E
Кальци L-Аспартат 200мг N100,Эм,E
Кальци N180 /Адуу/,Бусад,D
Кальци актив уус/шх 500мг N20,Эм,E
Кальци Д Денк уус/шх 1000мг+880 ОУН N20,Эм,E
Кальци Д3 Никомед апельсин заж/ш 500мг+200 ОУН N120,Эм,E
Кальци Д3 Никомед минт заж/ш 500мг+200 ОУН N120,Эм,E
Кальци Д3 Никомед минт заж/ш 500мг+200ОУН N30,Эм,E
Кальци Д3 Никомед форте лимон заж/ш 500мг N30,Эм,E
Кальци Д3 Никомед форте лимон заж/ш 500мг+400 ОУН N120,Эм,E
Кальци Д3 Никомед форте лимон заж/ш 500мг+400 ОУН N60,Эм,E
Кальци плас Витамин Д-К2 Минералууд зөөлөн капсул №90 /FACTORS/,Нэмэлт/уламжлалт,D
Кальци хлорид /даль/ т/уусм 10% 10мл N10,Эм,E
"Кальци/Магни DHC капс 360мг, 206мг N30",Эм,E
Кальциар баялаг цэлцэгнүүр 280гр №28 /Shiseido/,Бусад,D
Кальцивита Форте зөөлөн капсул 600мг №30 /Mega Life/,Эм,E
"Кальций -Магний с витамином D3, N150",Бусад,D
"Кальций 600мг, N60",Бусад,D
"Кальций D3, /Эвалар/ шахм 2гр N30 0646",Эм,E
"Кальций-Магний-Цинк, N100",Бусад,D
Кальцийн глюконат / түш / шахм 500мг N10,Эм,V
Кальцийн глюконат /монос/ капс 500мг N10,Эм,V
Кальцийн глюконат /энси/ т/уусм 1мг/ 10мл N10,Эм,V
Камистад беби гель 20мл №1,Бусад,D
Камистад гель 20мг + 200мг 10гр,Эм,E
Камостат мезилат шахмал 100мг N100 /Towa/,Эм,E
"Кангавитес с витамином С 100 мг, N90",Бусад,D
"Кангавитес с мультивитаминами и минералами, N60",Нэмэлт/уламжлалт,D
Кандизол стандарт бодис,Бусад,D
Канефрон H б/шахм N60,Эм,E
Канефрон Н дусал 100мл,Эм,E
Кантаб Плас шахм 16мг/12.5мг /Нобел/,Эм,E
Кантаб Плас шахм 32мг/12.5мг /Нобел/,Эм,E
Кантаб Стандарт бодис,Бусад,D
Кантаб шахм 16мг /Нобел/,Эм,E
Кантаб шахм 32 мг /Нобел/,Эм,E
Кантаб шахм 8мг /Нобел/,Эм,E
Капто-Нахиа шахм 25мг N100,Эм,E
Каптоприл /соф/ шахм 25мг N40,Эм,E
Каптоприл HCT Денк шахм 50/25мг N100,Эм,E
Кар-Q 100 N30,Нэмэлт/уламжлалт,D
Карбамазепин 200мг шахмал N50 /Монос/,Эм,V
Карбоцистейн б/шахм 500мг N100,Эм,E
Карведи Денк 6.25мг N30,Эм,V
Кардив/Никардипине/ 1мг 10мл N10,Эм,V
Кардидоп т/уусм 40мг/мл 5мл N5,Эм,V
"Кардиовит т/уусм 0,5% 2мл N3",Эм,E
Кардиомагнил Форте шахм 150мг N100,Эм,E
Кардиомагнил шахм 75мг N30,Эм,E
Кардоритм 10мг шах №30 sample,Бусад,D
"Кардоритм 2,5мг б/шах №30 sample",Бусад,D
Кардоритм 5мг б/шах №30 sample,Бусад,D
Кардоритм Стандарт бодис,Бусад,D
Карегин Борын хүчилтэй лаа 2г №10,Эм,E
Карнилев т/уусм 1г/5мл N5 /Spey Medical/,Эм,E
Карнилев уух уусм 1г-10мл N10 /Help S.A/,Бусад,D
Карсил Макс капс 110мг N30,Эм,E
Картил N180 /Адуу/,Бусад,D
Кверцетин шахмал 500мг N60 Фармавижн,Эм,E
Кебанон наалт 30мг N7,Эмнэлгийн хэрэгсэл,D
Кеналог т/уусм 40мг 1мл N5,Эм,V
Кено өтгөн түрхлэг мазь 1мг 3гр N1,Эм,E
Кеппра XR шахм 750мг N30,Эм,V
Кеппра шахм 1000мг N60,Эм,V
Кеппра шахм 250мг N60,Эм,V
Кеппра шахм 500мг N60,Эм,V
Кесвэр хагалгаагаар төрсөн хүүхдийн сүүн тэжээл 400гр,Хүнс,D
Кетонал гель 2.5% 50гр,Эм,E
Кетонал Дуо капс 150мг N30,Эм,E
Кетонал капс 50мг N25,Эм,E
Кетонал крем 5% 30гр,Эм,E
Кетонал т/уусм 100мг 2мл N10,Эм,E
Кетонал Форте шахм 100мг N20,Эм,E
Кетонал ш/г/лаа 100мг N12,Эм,E
Кетотифен /Лекхим/ шахм 1мг N30,Эм,E
Кетотифен /соф/ шахм N30,Эм,E
Кетразин шахм 5мг N10,Эм,V
Кидфлэйм шахмал 600мг №15x4 /Bhargava Phytolab/,Эм,E
Кимчи Курут 1500мг N50,Бусад,D
Клавомид 625 б/шахм 625мг N20,Эм,V
Кланекси тар/н 1000мг+ 200мг N1,Эм,V
Кларем шахм 250мг N14,Эм,V
Клари-БКРС шахм 500мг N10,Эм,V
Кларитромицин капс 500мг N10,Эм,V
Кларитромицин шахм /нобел / 500мг N7,Эм,V
Кларитромицин шахм 500мг N10,Эм,V
Кларитрон /монос/ шахм 500мг N14,Эм,V
Кларотадин шахм 10мг N10,Эм,V
Клартикор / кларитромицин / шахм 250мг N10,Эм,V
Клартикор / кларитромицин / шахм 500мг N10,Эм,V
Кларуктам Цефотаксим+Сульбактам 1000мг+500мг №1,Эм,E
Клийнекс So so нойтон салфетка N80,Гоо сайхан/ариун цэвэр,D
клийнекс wipes cap 0906 N60,Бусад,D
Клийнекс бактерийн эсрэг салфетка N20,Гоо сайхан/ариун цэвэр,D
Клийнекс зөөлөн арчилгаатай нойтон салфетка 72ш /3679/,Гоо сайхан/ариун цэвэр,D
Клийнекс зөөлөн нойтон салфетка 72ш /6168/,Гоо сайхан/ариун цэвэр,D
Клийнекс н/сальф antibacteral wipes N10,Бусад,D
Клийнекс нойтон салфетка 0473 soo soo N10,Гоо сайхан/ариун цэвэр,D
Клийнекс х/сальф Mini max N250,Бусад,D
Клийнекс х/сальф какао N60,Бусад,D
Климадинон шахм N60,Эм,E
Климаксан хүлх/ш N20,Нэмэлт/уламжлалт,D
Клималанин шахм 400мг N30,Эм,E
Клион Д эм/шх 100мг+100мг N10,Эм,E
Клицин капс 300мг N100,Эм,V
Клобезол уусм 46.6мг/100мл-50мл N1,Эм,E
Кломезол лаа үт 500мг+200мг+ 150мг N10,Эм,E
Клопи Денк б/шахм 75мг N30,Эм,V
Клопида шахм 75мг N30,Эм,V
КлопиКейр 75мг N30,Эм,V
Клопина шахмал 75мг №30 /Dongkoo Bio/,Эм,V
Клотри Денк крем 1% 20гр,Эм,V
Клотри Денк эм/шх 100мг N6,Эм,V
Кмоксилин хуурай сироп 7:1 228мг/5мл-50мл №1 /Chong Kun Dang Pharm/,Эм,V
Кмоксилин шахм 375мг N20,Эм,V
Кмоксилин шахм 500мг+125мг N20,Эм,V
КО Soft будаг арил угаагч хиал 60г /9535/,Бусад,D
Ко-Амлесса шахм 4мг+10мг+1.25мг N30,Эм,V
Ко-Амлесса шахм 8мг+10мг+2.5мг N30,Эм,V
"Ко-Диован б/шахм 160мг+12,5мг N14",Эм,V
"Ко-Диован б/шахм 80мг/12,5мг N14",Эм,V
"Ко-Диротон шахм 10мг + 12,5мг N30",Эм,V
"Ко-Диротон шахм 20мг + 12,5 N30",Эм,V
Ко-Ирда 150мг+12.5мг б/шах №28 sample,Бусад,D
Ко-Ирда 300+25мг б/шах №28 sample,Бусад,D
Ко-Ирда 300мг+12.5мг б/шах №28 sample,Бусад,D
Ко-пилл бүрхүүлтэй шахмал 1.5мг №1 /West-Coast/,Эм,V
"Ко-Пренесса шахм 8мг/2,5мг N30",Эм,V
Ко-Роксера б/шахм 10мг+10мг N30,Эм,E
Ко-Роксера б/шахм 20мг+10мг N30,Эм,E
Коагуляцийн түлэгч хошуу N1 /Хятад/,Бусад,D
"Кожа. ногти, волосы N60",Бусад,D
Кокарбоксилаза /микро/ тар/у/н 50мг N5,Эм,E
Кокарбоксилаза /ферейн/ тар/н/у 50мг N5,Эм,E
Кококлеан Баллон 240мл N1,Бусад,D
Кококлеан Давс нунт 2гр N1,Эм,E
Колд Релиф 500мг N10 /шахмал/,Эм,E
Колдавр 5мг+5мг+325мг капсул N100 /Syncom/,Эм,E
Колдакмин капс N10,Эм,E
Колдвон кидс нөүз сироп 1мг+15мг N10,Эм,E
Колдвон нөүз с сироп 325мг+2.5мг+25мг+30мг N20,Эм,E
Колдвон сироп 325мг+2.5мг+12мг+18мг+42мг+30мг- 20мл N20,Эм,E
Колдисепт хамрын цацлага 20мл N1,Эм,E
Колдисепт хоолойн цацлага 20мл N1,Эм,E
Колдкап 500мг+2мг+5мг каплет N30 /XL Laboratories/,Эм,E
"Колдпанг Зөөлөн Капсул 200mg + 1,25MG + 12.5MG + 15MG + 8mg + 41.6MG №10",Эм,E
Колкол-С капс N10,Эм,E
Коллаген DHC шахм 2050мг N180,Нэмэлт/уламжлалт,D
"Коллаген Витамин C /Эвалар/ шахм 6000 мг 1,2 г N90 1414",Нэмэлт/уламжлалт,D
Колонил 135 мг бүрхүүлтэй шахмал N100,Эм,E
"Колхицин ВР шахм 0,5мг N100",Эм,V
Комбидерм тос/т 15гр N1,Эм,E
"Комплекс жирных кислот 1300 мг, N60",Бусад,D
Комплекс коллагена и гиалуроновой кислоты N30,Нэмэлт/уламжлалт,D
Кондишн CEO 150мл N1,Бусад,D
Кондишн lady 8233 100мл N1,Бусад,D
Кондишн шин 100мл N1,Бусад,D
Конкор шахм 10мг N30,Эм,V
Конкор шахм 10мг N50,Эм,V
Конкор шахм 5мг N30,Эм,V
"Концентрат рыбьего жира Омега-3, N120",Нэмэлт/уламжлалт,D
"Концентрат рыбьего жира Омега-3, N60",Нэмэлт/уламжлалт,D
Коол-Пнеу нүд/дус 10мл N1,Эм,E
Корзит /азитромицин / шахм 250мг N6,Эм,V
Корзит /азитромицин / шахм 500мг N3,Эм,V
Корилекс шахм N20,Эм,E
Кормега капс 1гр N30,Нэмэлт/уламжлалт,D
Королд таб шахм 500мг+30мг+2мгтр N10,Эм,E
Кортекс  шурга 4.5x30 №1 549188 /Just medical/,Эмнэлгийн хэрэгсэл,D
Кортексин тар/н 10мг N10,Эм,E
Кортексин тар/н 5мг N10,Эм,E
Корус Метронидазол шахмал 500мг №100 /Hankook Korus Pharm/,Эм,V
Кости шахм 10мг N30,Эм,V
Котекс Anydays regular 15см N24,Бусад,D
Котекс good feel long 42cm 10ш,Бусад,D
Котекс good feel maxi slim L 29cm 14ш  /0773/,Бусад,D
Котекс good feel maxi slim M 26cm 14ш \0766\,Бусад,D
Котекс Goodfeel Cotton N36,Бусад,D
Котекс Goodfeel Organic cotton N18,Бусад,D
Котекс Goodfeel ultra slim  large 26cm N16,Бусад,D
Котекс Goodfeel ultraslim  21cm N18,Бусад,D
Котекс Goodfeel UltraWing /0728/ 24cm N18,Бусад,D
котекс white night L N-8ш,Бусад,D
котекс white night M 8ш \8380\,Бусад,D
Котекс White Super Absorb 26см N18 /Kotex/,Бусад,D
котекс white super S 21cm 18ш,Бусад,D
Котримиксазол /энси/ шахм 480мг N10,Эм,E
Кофе Caff- Latte лаазтай 240мл N1,Хүнс,D
Кофе Caffe mocha лаазтай 240мл N1,Хүнс,D
Кофе Cappuchino лаазтай шинг 240мл N1,Хүнс,D
Кофкэйнди хербал N100 /Хятад/,Бусад,D
Кофлет сироп 100мл,Нэмэлт/уламжлалт,D
Кофлет хүлхмэл /жүрж+зөгийн бал/ N6,Нэмэлт/уламжлалт,D
Кофлет хүлхмэл /нимбэг+зөгийн бал / N6,Нэмэлт/уламжлалт,D
Кофлет хүлхмэл /цагаан гаа+зөгийн бал / N6,Нэмэлт/уламжлалт,D
Кофлет хүлхмэл N10,Нэмэлт/уламжлалт,D
Кофлет хүлхмэл N250,Нэмэлт/уламжлалт,D
Кофлет хүлхмэл N75,Нэмэлт/уламжлалт,D
"Коэнзим Q-10  60мг, N30",Нэмэлт/уламжлалт,D
Кранберри экстракт капс 200мг N200,Эм,E
Креамагнес плас Денк нунт №20,Эм,E
Креданил 25/250 N50,Эм,V
Кречек шахмал 10мг №30 /Hanlim Pharm/,Эм,V
Кречек шахмал 20мг №30 /Hanlim Pharm/,Эм,V
Кристал Вижн нүд/дус 10мл N1,Эм,E
Ксарелто б/шахм 15мг N28,Эм,V
Ксарелто б/шахм 20мг N28,Эм,V
"Ксезолин сп/х 0,1%- 10мл",Эм,E
Ксенетикс уусм 300мг/мл 100мл N1,Эм,E
Ксефокам шахм 8мг N10,Эм,V
Ксолар тар/н 150мг N1,Эм,V
Кудесан шахм 338мг+64мг+30мг N40,Нэмэлт/уламжлалт,D
Кумданг-2 т/уусм 2мл N8,Нэмэлт/уламжлалт,D
Курантил шахм 25мг N120,Эм,E
Куратик наалт 12мм №10 /Cheomdan gwagi-ro/,Эмнэлгийн хэрэгсэл,D
Курефен сироп 72мг/6мл №20 /Daewon Pharm/,Эм,E
Куркума плюс Жүрж эмульс 200мл,Эм,E
Куросурф хөвмөл 1.5мл N1 /Chiesi/,Эм,E
Кустодиол уусм 1000мл N1,Бусад,D
Күүл лайт нунтаг 56.402гр N4 /Genuone/,Эм,E
Күүлбон ментолтой уян боолт 10см х 3м N1,Эмнэлгийн хэрэгсэл,D
Кэйр & Кэйр мэс заслын наалт 10*20см 801015 N1,Эмнэлгийн хэрэгсэл,D
Кэйр & Кэйр мэс заслын наалт 9*10см 801013 N1,Эмнэлгийн хэрэгсэл,D
Кэрол сироп 20мг/мл-90мл N1 /Ildong/,Эм,V
Кюүшин шахм N100,Эм,E
Кюүшин шахм N50,Эм,E
Л-Лизин эсцинат т/уусм 1мг/мл-5мл N10,Эм,E
Л-Тироксин шахм 100мкг N50 Берл,Эм,V
Л-Тироксин шахм 50мкг N50,Эм,V
Л-Тироксин шахмал 75мкг №50 /Берлин-Хеми/,Эм,V
Л-Эсфаль т/уусм 50мг/мл 5мл N5,Эм,E
Лаб/урв Arkray-Pipette tip N500,Бусад,D
Лабор д/шин /ivco/ 250мл N1,Эм,E
Лабор т/шин 250мл N1,Эм,E
Лайсрекс бөөс устгах шампунь 0.2%-125мл /6754/,Гоо сайхан/ариун цэвэр,D
Лайсрекс бөөс устгах шампунь 1%-125мл /6761/,Гоо сайхан/ариун цэвэр,D
Лайсрекс бөөс устгах шампунь натурал  /6235/,Гоо сайхан/ариун цэвэр,D
Лайткүүл хөвм 10мл N20,Бусад,D
Лакто фит Слим Дээж Маркетинг №60 /Keumcheong/,Бусад,D
Лакто-Фит Бейби N60,Нэмэлт/уламжлалт,D
Лакто-Фит Бьюти N60,Нэмэлт/уламжлалт,D
Лакто-Фит Кидс нунт 2000мг N60,Нэмэлт/уламжлалт,D
Лакто-фит Коре нунтаг 2000мг N60,Эм,E
Лакто-Фит нунт 2000мг N50,Нэмэлт/уламжлалт,D
Лакто-Фит Слим 2000мг №60,Бусад,D
Лактонатал+DHA шахм N30,Нэмэлт/уламжлалт,D
Лактотун Вагинал баланс үт/кап 350мг N10,Эм,E
Лактофильтрум шахм 355мг + 120мг N60,Эм,V
Лактулоза лайнко хөвм 667мг/мл 10гр N50,Эм,V
Ламиктал шахм 100мг N90,Эм,V
Ламиктал шахм 50мг N90,Эм,V
Ланавир 500мг N20,Эм,E
Ланадексон шахм 0.5мг N100,Эм,V
Ланапрост шахм 80мг N30,Эм,E
Ланпурин шахм 100мг N100,Эм,V
Лансопрол капсул 30мг N28 /Нобел/,Эм,V
"Лансопрол капсул, бүрхүүлтэй 30мг №14 /Nobel/",Эм,V
Лансорбид шахм 5мг N100,Эм,V
Ланфикс хөвмөлийн нунтаг 100мг/5мл-30мл №1 /PT. Pertiwi/,Эм,V
Ланцет зүү 28G №1 /Ньюремеди/,Эмнэлгийн хэрэгсэл,D
Ланцет зүү N1 /Хятад/,Эмнэлгийн хэрэгсэл,D
Леваксела б/шахм 500мг N10,Эм,V
"Леванике 0,5% д/шин 500мг/ 100мл N1",Эм,V
Лево Денк б/шах 500мг N10,Эм,V
Левозин Ф.С 5мг N10 /Standard Chem/,Эм,V
Левомепромазин шахм 25мг N50,Эм,E
Левофлокс-Денк д/шин 5мг/мл 100мл N1,Эм,V
Легкодоступное железо Джентл Айрон N90,Бусад,D
Леди Кит шахм 150мг+1г+10г N4,Эм,E
Лейкоген шахмал 20мг N32 /JEBEL pharm/,Эм,E
Лейкопластырь /Лийр/ 2*500см №1,Бусад,D
Лейкопластырь /Лийр/ 3*500см №1,Бусад,D
Лейкопластырь /Лийр/ 5*500см №1,Бусад,D
Лейкопластырь 2*500 /Zink Oxide/ N1,Бусад,D
"Лейкопластырь 2х500 №1 /Anji SPENQ Industrial Co.,LTD/",Бусад,D
Лейкопластырь 3*500 /Zinc Oxide/ N1,Бусад,D
Лейкопластырь 4*500 /Zink Oxide/ N1,Бусад,D
Лейкопластырь 5*500 /Zinc Oxide/ N1,Бусад,D
"Лейкопластырь пластырь наалт 3х500 №1 /Anji SPENQ Industrial Co.,LTD/",Эмнэлгийн хэрэгсэл,D
"Лейкопластырь пластырь наалт 4х500 №1 /Anji SPENQ Industrial Co.,LTD/",Эмнэлгийн хэрэгсэл,D
"Лейкопластырь пластырь наалт 5х500 №1 /Anji SPENQ Industrial Co.,LTD/",Эмнэлгийн хэрэгсэл,D
Лейкопластырь шархны лент /Аюур тун/ 4см*5м N1,Бусад,D
Лейкопластырь шархны лент /Аюур тун/ 5см*5м N1,Бусад,D
Лензетто гадуур хэрэглэх цацлага 1.53мг,Эм,E
Либексин шахм 100мг N20,Эм,E
Либидо леди Денк капс N30,Эм,E
Либрозим плюс шахм N100,Эм,E
Лив 52 ДС шахм N60,Нэмэлт/уламжлалт,D
Лив 52 дусал 30*2мл N1,Нэмэлт/уламжлалт,D
Лив 52 сироп 100мл N1,Нэмэлт/уламжлалт,D
Лив 52 шахм N100,Нэмэлт/уламжлалт,D
Лив.HB капс N30,Эм,E
Ливарол эм/лаа 400мг N5,Эм,V
Ливер актив Денк капсул №60 50мг+150мг,Эм,E
"Ливерсол д/шин 65,7% 250мл",Эм,V
Ливертин актив шахм №30 /Vetprom/,Эм,E
Ливолин Форте капс N30,Эм,E
Ливолук сироп 10гр/15мл 100мл,Эм,V
Лидо-Нахиа тарилгын уусмал 2%-2мл N10 /Нахиа/,Эм,V
Лидокаин [Тэгш-Анар] т/уусм 40мг- 2мл N10,Эм,V
Лидокайн /ivco/ 2% 2мл N1,Эм,V
Лидокайн /даль/ т/уусм 2% 2мл N10,Эм,V
Лидокайн 2%-2мл №10,Эм,V
Лидокайн гель 2% 120гр N1,Эм,V
Лидэр-7 1г N15 тан эм /Одь тан /,Нэмэлт/уламжлалт,D
Лилайз роза душ N4,Бусад,D
Лилайз роза лаа үт 5мг N10,Эм,E
Линатин 5мг б/шах №30 sample,Бусад,D
Линатин стандарт бодис,Бусад,D
Линдафер плюс 400мг N30,Бусад,D
Линекс капс 12 000 000 КФ нэгж N16,Эм,E
Линекс Малыш нунт N20,Эм,E
Линекс форте капс N28,Эм,E
Линк Шураг L-25мм [180-658/25] эмн/х N1,Эмнэлгийн хэрэгсэл,D
Линк Шураг L-30мм [180-658/30] эмн/х N1,Эмнэлгийн хэрэгсэл,D
Линк-Варио тогоо эмн/х 107-220/47 N1,Эмнэлгийн хэрэгсэл,D
Линк-Варио тогоо эмн/х 107-220/48 N1,Эмнэлгийн хэрэгсэл,D
Линк-Варио тогоо эмн/х 107-220/49 N1,Эмнэлгийн хэрэгсэл,D
Линк-Варио тогоо эмн/х 107-230/49 N1,Эмнэлгийн хэрэгсэл,D
Линк-Варио тогоо эмн/х 107-230/52 N1,Эмнэлгийн хэрэгсэл,D
Линк-Варио тогоо эмн/х 107-230/54 N1,Эмнэлгийн хэрэгсэл,D
Линк-Жемини Өвдөг жийрэг /L1B/ эмн/х 318-248/10 N1,Эмнэлгийн хэрэгсэл,D
Линк-Жемини Өвдөг жийрэг /L1B/318-268/10 N1,Бусад,D
Линк-Жемини Өвдөг жийрэг /L2А/ эмн/х 318-247/10 N1,Эмнэлгийн хэрэгсэл,D
Линк-Жемини Өвдөг жийрэг /L2А/ эмн/х 318-247/16 N1,Эмнэлгийн хэрэгсэл,D
Линк-Жемини Өвдөг жийрэг /L4 /318-264/10 N1,Бусад,D
Линк-Жемини Өвдөг жийрэг /L5/ эмн/х 318-245/10 N1,Эмнэлгийн хэрэгсэл,D
Линк-Жемини Өвдөг жийрэг /R2A/ 318-256/12 N1 /Линк/,Бусад,D
Линк-Жемини Өвдөг жийрэг /R4/ 318-254/12 N1 /Линк/,Бусад,D
Линк-Жемини Өвдөг жийрэг/L3 / 318-263/12 N1,Бусад,D
Линк-Жемини Өвдөг жийрэг/R3/ эмн/х 318-253/10 N1,Эмнэлгийн хэрэгсэл,D
Линк-Жемини СЛ /өвдөг доод / R 318-434/12 N1,Бусад,D
Линк-Жемини СЛ /өвдөг доод/ L1 эмн/х 318-453/01 N1,Эмнэлгийн хэрэгсэл,D
Линк-Жемини СЛ /өвдөг доод/ L5 эмн/х 318-483/05 N1,Эмнэлгийн хэрэгсэл,D
Линк-Жемини СЛ /өвдөг дээд/ L1 эмн/х 318-403/16 N1,Эмнэлгийн хэрэгсэл,D
Линк-Жемини СЛ /өвдөг дээд/R1B эмн/х 318-402/16 N1,Эмнэлгийн хэрэгсэл,D
Линк-Жемини СЛ өвдөг жийрэг  L эмн/х 318-242/16 N1,Эмнэлгийн хэрэгсэл,D
Линк-Жемини СЛ өвдөг жийрэг R 318-238/10 N1 /Линк/,Бусад,D
Линк-Жемини СЛ өвдөг жийрэг R2 эмн/х 318-237/16 N1,Эмнэлгийн хэрэгсэл,D
Линк-Жемини СЛ өвдөг жийрэг R3 эмн/х 318-233/10 N1,Эмнэлгийн хэрэгсэл,D
Линк-Жемини СЛ өвдөг жийрэг R5 318-235/14 N1 /Линк/,Бусад,D
Линк-Жемини СЛ өвдөг жийрэг R5 эмн/х 318-235/12 N1,Эмнэлгийн хэрэгсэл,D
Линк-Жемини СЛ Өвдөг жийрэг эмн/х /L3/ 318-443/12 N1,Эмнэлгийн хэрэгсэл,D
Линк-Любинус СП2 /түнх стем/ L эмн/х 127-739/26 N1,Эмнэлгийн хэрэгсэл,D
Линк-Үений толгой-Б КоХрМо /L/ эмн/х 128-826/03 N1,Эмнэлгийн хэрэгсэл,D
Линкас Без сахар сироп 120мл,Эм,E
Линкас Без сахар сироп 90мл,Эм,E
Линкас Мед лимон хүлх/ш N16,Эм,E
Линкас Ментол хүлх/ш N16,Эм,E
Линкас Оранж хүлх/ш N16,Эм,E
Линкас Плюс сироп 120мл,Эм,E
Линкас сироп 120мл,Эм,E
Линкас сироп 90мл,Эм,E
Линктус /сахаргүй/ сироп 125мг/5мл- 200мл N1,Эм,E
Линктус сироп 125мг/5мл- 200мл N1,Эм,E
Линктус хүүхдийн /сахаргүй/ сироп 31.25мг/мл- 200мл N1,Эм,E
Линктус хүүхдийн сироп 31.25/5мл - 200мл N1,Эм,E
Лиотон 1000 гель 50гр N1,Эм,V
Липиодол ультра флуид 12.8гр 10мл N1,Эм,E
Липримар 40 мг №30,Бусад,D
Лирика шахмал 75мг №56 /Pfizer Manufacturing/,Эм,V
Лит-Контроль pH Ап N60 /DEVICARE SL/,Бусад,D
Лит-Контроль pH Баланс N60 /DEVICARE SL/,Бусад,D
Лит-Контроль pH Даун N60 /DEVICARE SL/,Бусад,D
Лифарген т/уусм 20мл N1,Эм,E
Лишь-6 1г N15 талх эм /Одь тан/,Нэмэлт/уламжлалт,D
Лозар Денк б/шахм 25мг N28,Эм,V
Лозар Денк шахм 100мг N28,Эм,V
Лозар Денк шахм 50мг N28,Эм,V
Локсопрофены натри 60мг шахмал N100 /Towa/,Эм,E
Лонгокаин Хеви 5мг-5мл №5,Эм,E
Лоратин /монос/ 10мг N20,Эм,V
Лорде Гиаль с/уус 4мл N10,Эм,E
Лордес бүрхүүлтэй шахмал 5мг N10 /Нобел/,Эм,E
Лордес сироп 2.5мг/5мл-150мл N1 /Нобел/,Эм,E
Лордестин б/шахм 5мг N30,Эм,E
Лориста б/шахм 100мг N28,Эм,V
"Лориста Н 100 шахм 100мг/12,5мг N28",Эм,V
"Лориста Н шахм 50мг+12,5мг N28",Эм,V
Лориста НД шахм 100мг+25мг N28,Эм,V
Лориста шахм 25мг N28,Эм,V
Лориста шахм 50мг N28,Эм,V
Лукол шахм N100,Нэмэлт/уламжлалт,D
Луотай капс 100мг N30,Эм,E
"Лутасин 1,2гр N10",Эм,E
Лутейн капс 10мг N60,Нэмэлт/уламжлалт,D
Лутейн капс 20мг N60,Нэмэлт/уламжлалт,D
Лууван нухаш 200мл,Бусад,D
Лууван нухаш 2л,Бусад,D
Лянхуа Колд С 6гр №10,Бусад,D
Лянхуа хүлхмэл №12,Эм,E
Лянхуа Чингвен капс 350мг N24,Эм,E
Лянхуа эрүүл мэндийн ундаа 310мл,Хүнс,D
Маалинга үр Almora 150 гр,Бусад,D
Маалокс заж/ш 400мг N20,Эм,E
Маамуу хүүхдийн гарын шингэн саван 250мл,Гоо сайхан/ариун цэвэр,D
Маамуу хүүхдийн чийгшүүлэгч тос шар 138гр,Бусад,D
Маамуу хүүхдийн чийгшүүлэгч тос ягаан 138гр,Бусад,D
Магне В6 бүрхүүлтэй шахмал 470мг+5мг N100 /Mekophar/,Эм,E
Магне В6 шахм 470мг+5мг №60 /Opella/,Эм,E
Магне Д'Оро Ликүид сироп 815мг №20 /Fortex/,Эм,E
Магнезиум+ Б комплекс нунт 400мг 44гр N20,Эм,E
Магнезиум+B6 Cramp free N60,Бусад,D
Магнезиум+B6 overstrain N60,Бусад,D
Магнезиум+B6 stress free N60,Бусад,D
Магнес актив нунт 300мг N30,Эм,E
Магнес директ Денк нунт N30,Эм,E
Магнес таб 470мг + 5мг №100 /Dae Hwa Pharmaceutical/,Бусад,D
Магнес-Денк капс 150мг N50,Эм,E
Магни В6 шахм N30,Эм,E
Магни В6 шахм N50,Эм,E
Магни сульфат /даль/ т/уусм 25% 10мл N10,Эм,E
"Магни+Вит В6 шахм /хаско/ 60мг+1,4мг N60",Эм,E
Магнийн сульфат /50ус/ нунт 25гр N1,Эм,V
Магнийн сульфат тарилгын уусмал 25%-10мл N10 /Цомбо/,Эм,V
Магнимон шахм 470/5мг N50,Эм,E
Магнитай нойрны нунтаг 3х1 /4658/,Эм,E
Магнитай оригинал нунтаг 3х1 /4641/,Эм,E
Май-Репт шахм 500мг N100,Эм,V
Майлд Аирон капсул №90 /FACTORS/,Эм,E
Маймед Хэл дарагч / модон / N1,Бусад,D
Максиктам-АФ Цефепим+Сульбактам 1000мг+1000мг №1,Эм,E
Мана 4 N15,Нэмэлт/уламжлалт,D
Маннитол /ivco/ д/шин 100мл N1,Эм,V
Маннитол /ivco/ д/шин 250мл N1,Эм,V
Маннитол /ivco/ д/шин 500мл N1,Эм,V
Маннитол д/шин 10%- 500мл N1,Эм,V
Маннитол т/шин 10%- 100мл N1,Эм,V
Маннитол т/шин 10%- 250мл N1,Эм,V
Марал нүүр цэвэрлэгч сүүн шингэн 150мл,Гоо сайхан/ариун цэвэр,D
Мариа шуух цай том 40г N20 /Одь тан/,Бусад,D
Марин ай АЛГ /Marine-eye ALG/ нүд/дус 15мл,Бусад,D
Марль /ариун / 7.5*7.5 N5 /Хятад/,Бусад,D
Маск амуулай 3D зөөлөн ягаан №20 /1938/,Бусад,D
Маск амуулай 3D зөөлөн ягаан №7 /1969/,Бусад,D
Маск амуулай 3D мөнгөлөг саарал №20 /1945/,Бусад,D
Маск амуулай 3D мөнгөлөг саарал №7 /1976/,Бусад,D
Маск амуулай 3D сүүн бэйж №20 /2461/,Бусад,D
Маск амуулай 3D сүүн бэйж №5 /2379/,Бусад,D
Маск амуулай 3D цагаан №20 /2393/,Бусад,D
Маск амуулай 3D цагаан №5 /2270/,Бусад,D
Маск амуулай 3D цайвар бэйж №20 /1921/,Бусад,D
Маск амуулай 3D цайвар бэйж №7 /1952/,Бусад,D
Маск амуулай 3D ягаан №20 /2386/,Бусад,D
Маск амуулай 3D ягаан №5 /2263/,Бусад,D
Маск амуулай UV нарны хамгаалалт №3 /1990/,Бусад,D
Маск амуулай UV нарны хамгаалалттай №3 /1983/,Бусад,D
Маск амуулай стандарт №40 /1211/,Бусад,D
Маск амуулай стандарт №40 /1228/,Бусад,D
Маск амуулай сэрүүн нимгэн бэйж №20 /2539/,Бусад,D
Маск амуулай сэрүүн нимгэн бэйж №7 /2515/,Бусад,D
Маск амуулай сэрүүн нимгэн ягаан саарал №20 /2546/,Бусад,D
Маск амуулай сэрүүн нимгэн ягаан саарал №7 /2522/,Бусад,D
Маск амуулай тухтай бэйж №7 /1372,Бусад,D
Маск амуулай тухтай жижиг №30 /1334/,Бусад,D
Маск амуулай тухтай жижиг №7 /1297/,Бусад,D
Маск амуулай тухтай саарал №7 /1389/,Бусад,D
Маск амуулай тухтай хүүхэд №30 /1341/,Бусад,D
Маск амуулай тухтай хүүхэд №7 /1310/,Бусад,D
Маск амуулай тухтай цагаан №30 /1327/,Бусад,D
"Маск амуулай чийгшүүлэгч,нимбэг №3 /1761/",Бусад,D
"Маск амуулай чийгшүүлэгч,үнэргүй №3 /1730/",Бусад,D
Маск амуулай эвтэйхэн цагаан №7 /1280/,Бусад,D
Маск нэг удаа т.х /эко эхлэл / N1,Бусад,D
маск нэг удаа хүүхэд /эко эхлэл N1,Бусад,D
Маск нэг удаагийн цагаан N10,Бусад,D
Маскны оосор /нэргүй/,Бусад,D
Мастик - ЛС шахм 10мг+5мг N100,Эм,E
Мастодинон дусал 50мл,Эм,E
Мастодинон шахм N60,Эм,E
Матевер шахм 250мг N30,Эм,V
Матевер шахм 500мг N30,Эм,V
Матевер шахм 750мг N30,Эм,V
Махацеф-200 шахм 200мг N10,Эм,V
Мебо капс N50,Эм,E
Мебо сорвины тос 40гр,Эм,E
Мебо шархны тос 10гр N1,Эм,E
Мебо шархны тос 40гр,Эм,E
Мегасеф б/шахм 250мг N10 Нобел,Эм,E
Мегасеф б/шахм 500мг N20 Нобел,Эм,E
Мегасеф тарилгын нунтаг 250мг N1 Нобел,Эм,E
Мегасеф тарилгын нунтаг 750мг N1 Нобел,Эм,E
Медрол шахм 16мг N50,Эм,V
Мезим капс 10000ОУН N20,Эм,E
Мезим капс 25000ОУН N20,Эм,E
Мезим форте шахм 10000 ОУН N20,Эм,V
Мезим форте шахм N20,Эм,V
Мексидол 125мг б/шахм N30,Эм,E
Мексидол т/уусм 50мг/мл 5мл N5,Эм,E
Мелатонин шахм 5мг N120,Нэмэлт/уламжлалт,D
"Мелбек т/уусм 1,5мл N3",Эм,V
Мелбек Форт шахмал 15мг N30 /Nobel/,Эм,V
"Мелбек шахм 7,5мг N30",Эм,V
Мелон ногоо жимсний холимог шүүс 195мл /1531/,Хүнс,D
Мемори плас шинг 10мл N20,Бусад,D
Мен актив Денк капс N60,Эм,E
Менифиб шахмал 618мг №20x3 /Bhargava Phytolab/,Эм,E
Меносан шахм N60,Нэмэлт/уламжлалт,D
Ментат сироп 100мл N1,Эм,E
Ментат шахм N50,Нэмэлт/уламжлалт,D
Меропенем тар/н 1г №10,Эм,E
Мертенил б/шахм 10мг N30,Эм,V
Мертенил б/шахм 20мг N30,Эм,V
Метал жийрэг 42 (for cup 50) №1 857236 /Just medical/,Эмнэлгийн хэрэгсэл,D
Метал жийрэг 44 (for cup 52) №1 857237 /Just medical/,Эмнэлгийн хэрэгсэл,D
Метал жийрэг 46 (for cup 54) №1 857238 /Just medical/,Эмнэлгийн хэрэгсэл,D
Метал жийрэг 48 (for cup 56) №1 857239 /Just medical/,Эмнэлгийн хэрэгсэл,D
Метал жийрэг 50 (for cup 58) №1 857240 /Just medical/,Эмнэлгийн хэрэгсэл,D
Метилдопа б/шахм 250мг N100,Эм,V
Метиллин хөх /50 ус/ фл 1% 20мл N1,Эм,E
Метилсульфонилметан шахмал N120 /Premium natural/,Эм,E
Метоклопрамид [Тэгш-Анар] т/уусм 10мг- 2мл N5,Эм,V
Метоклопрамид тарилгын уусмал 0.5%-2мл N5 /Polpharma S.A/,Эм,V
Метоклопрамид шахм 10мг N50,Эм,V
Метрид тарилгын шингэн 0.5%-100ml N1 /Otsuka Pharmaceutical/,Эм,V
Метровагин лаа үт 500мг N10,Эм,V
"Метрогил /пробио/ д/шин 0,5% 100мл",Эм,V
Метромикон Нео үтрээ лаа 500мг+100мг №14 /Farmaprim SRL/,Эм,E
Метромикон форте үтрээний лаа 750мг+200мг №7 /Farmaprim SRL/,Эм,E
Метронидазол /cizen/ дусал 500мг/ 100мл N1,Эм,V
Метронидазол /берно/ шахм 500мг N100,Эм,V
Метронидазол /мөнх.тун/ шахм 500мг N10,Эм,V
Метронидазол /энси/ шахм 250мг N10,Эм,V
Метронидазол 5мг/мл-100мл N1,Эм,V
Метронидазол шахм 500мг N10,Эм,V
Метформин Денк шахм 1000мг N30,Эм,V
Метформин Денк шахм 500мг N100,Эм,V
Метформин Денк шахм 850мг N120,Эм,V
Миг /ибупрофен/ 2% 100мл N1,Эм,V
Миг /ибупрофен/ 4% 100мл N1,Эм,V
Миг шахм 400мг N20,Эм,V
Мигреоут шахм 10мг №10,Эм,E
Мидавер тар/уус 1мл №10 /Verve Human Care/,Бусад,D
"Мидиана б/шахм 3мг/0,03мг N21",Эм,V
Мидокалм т/уусм 100мг 1мл N5,Эм,V
Мидокалм шахм 150мг N30,Эм,V
Мидокалм шахм 50мг N30,Эм,V
Мизопростол шахм 66*3мг N3,Эм,V
Микожинакс эм/лаа N12,Эм,E
Микорил шахмал 500мг №1 /Remedica Ltd/,Эм,V
Микосист капс 100мг N28,Эм,V
Микосист капс 50мг N7,Эм,V
Микосист капсул 150мг N2 /Гедеон Рихтер ТГ/,Эм,V
Миксафлу шахм N25,Эм,E
Милдронат капс 500мг N60,Эм,E
Милдронат т/уусм 500мг/5мл N10,Эм,E
Милк тистл капс 1000мг N120,Эм,E
Милк тистл капс 175мг N60,Эм,E
Милк Тистл капсул 250мг №60 /FACTORS/,Эм,E
МилкиСип жигнэмэгний мөхл амттай 6гр N5,Хүнс,D
МилкиСип мөхл гадил жимсний амттай 6гр N5,Бусад,D
МилкиСип мөхл гүзээлзгэний амттай 6гр N5,Бусад,D
МилкиСип ойн жимсний мөхл амттай 6гр N5,Бусад,D
МилкиСип шоколадны мөхл амттай 6гр N5,Хүнс,D
Минералын цэлцэгнүүрт ундааа N1,Хүнс,D
Мини Стем 06# 548927 /Just medical/,Эмнэлгийн хэрэгсэл,D
Мини Стем 07# 548928 /Just medical/,Эмнэлгийн хэрэгсэл,D
Мини Стем 08# 548929 /Just medical/,Эмнэлгийн хэрэгсэл,D
Мини утлагын аппарат JERMEI Тун эрдэнэ фарма N1,Эмнэлгийн хэрэгсэл,D
Минигрип шахм 125мг N25,Эм,E
Миний Ни Витамин Д3 капс 280 мг*90 №1 /RP BIO Inc/,Эм,E
Мирамил цацлага 30мл N1 /UAB Valentis/,Эм,E
Мифепристон шахм 25мг N6,Эм,V
Мифортик б/шахм 180мг N120,Эм,V
Мобайл Линк Жийрэг Хэмжээ B [183-741/28] N1,Бусад,D
Мобайл Линк Жийрэг Хэмжээ B [183-741/32] N1,Бусад,D
Мобайл Линк Жийрэг Хэмжээ B [183-741/32] эмн/х N1,Бусад,D
Мобайл Линк Жийрэг Хэмжээ D [183-743/32] эмн/х N1,Эмнэлгийн хэрэгсэл,D
Мобайл Линк Жийрэг Хэмжээ D [183-743/36] эмн/х N1,Бусад,D
Мобайл Линк Жийрэг Хэмжээ E [183-744/32] N1,Бусад,D
Мобайл Линк Жийрэг Хэмжээ E [183-744/32] эмн/х N1,Бусад,D
Мобайл Линк Жийрэг Хэмжээ F [183-745/28] N1,Бусад,D
Мобайл Линк Жийрэг Хэмжээ F [183-745/32] N1,Бусад,D
Мобайл Линк Жийрэг Хэмжээ F [183-745/32] эмн/х N1,Бусад,D
Мобайл Линк Жийрэг Хэмжээ F [183-745/36] N1,Бусад,D
Мобайл Линк Жийрэг Хэмжээ С [183-742/32] эмн/х N1,Эм,E
Мобайл Линк Хиймэл тогоо 46мм Хэмжээ В [183-101/46] N1 /Линк/,Бусад,D
Мобайл Линк Хиймэл тогоо 50мм Хэмжээ С [183-101/50] N1,Бусад,D
Мобайл Линк Хиймэл тогоо 50мм Хэмжээ С [183-101/50] эмн/х N1,Бусад,D
Мобайл Линк Хиймэл тогоо 52мм Хэмжээ С [183-101/52] эмн/х N1,Эмнэлгийн хэрэгсэл,D
Мобайл Линк Хиймэл тогоо 54мм Хэмжээ D [183-101/54 эмн/х N1,Эмнэлгийн хэрэгсэл,D
Мобайл Линк Хиймэл тогоо 56мм Хэмжээ D [183-101/56] N1,Бусад,D
Мобайл Линк Хиймэл тогоо 56мм Хэмжээ D [183-101/56] эмн/х N1,Бусад,D
Мобайл Линк Хиймэл тогоо 58мм Хэмжээ E [183-101/58] эмн/х N1,Эмнэлгийн хэрэгсэл,D
Мобайл Линк Хиймэл тогоо 62мм Хэмжээ F [183-101/62] эмн/х N1,Эмнэлгийн хэрэгсэл,D
Модитен Депо т/уусм 25мг-1мл N5,Эм,E
Модкол С зөөлөн капсул №10,Эм,E
Модкоф з/капс N10,Эм,E
МозинКэйр сироп 60мл N1 /Huazhong/,Эм,E
Мойл шумуулнаас хамгаалах цацлага 210мл,Эм,E
Мойл шумуулнаас хамгаалах цацлага 50мл,Эм,E
Мойл шумуулнаас хамгаалах цацлага 75мл,Эм,E
МоксиВижн б/шахм 400мг N7,Эм,V
"Моксик шахм 7,5мг N100",Эм,V
Момотаро хүүхдийн живх S 4-8кг наадаг,Эмнэлгийн хэрэгсэл,D
Момулин кид крем 15гр №1 /Firson/,Бусад,D
Мон-Ахилл 450мг N60 /MON ACHILLE/,Бусад,D
Монгол алтайн барагшун наалт /2674/ N2,Эмнэлгийн хэрэгсэл,D
Монгол алтайн барагшун өтгөрүүлсэн ханд /2681/ 100гр,Бусад,D
монгол алтайн барагшун өтгөрүүлсэн ханд 50гр,Бусад,D
Монгол алтайн барагшун цай 50ш,Бусад,D
Монгол алтайн барагшун шингэн ууттай /0128/ N30,Бусад,D
Монгол алтайн барагшун шингэн ууттай /0135/ N60,Бусад,D
Монгол алтайн барагшун шингэн ууттай N10,Бусад,D
Монегра 100мг N4,Эм,E
Монолаир 4мг №28,Бусад,D
Монолаир 5мг №28,Бусад,D
Монос Аами Өөдөө -чангаанзтай луувангийн шүүс 180мл,Хүнс,D
Монос аамий өөдөө аньстай үзэмтэй үрэл 60гр N1,Бусад,D
монос аамий таамий  нэрстэй үзэмтэй үрэл 60гр N1,Бусад,D
монос аньс эко уусдаг цай N20,Бусад,D
Монос барагшун өтгөрүүлсэн дусал 80% 50мл N1,Эм,E
Монос Биомон хөлийн цацлага 65гр N1,Эм,E
монос зизи үрэл /зөгийн балтай витаминт/ 25гр,Бусад,D
Монос Ноён-гүзээлзгэнэтэй аньсны шүүс 150мл,Хүнс,D
Монос Ноён-луувантай чацарганы шүүс 150мл,Хүнс,D
Монос Ноён-тоор мангоны шүүс 150мл /1441/,Хүнс,D
Монос Ноён-Чангаанзтай луувангийн шүүс 150мл,Хүнс,D
Монос Тайлагч Хандгай 20мл N1,Бусад,D
Монос Тайлагч Хандгай 20мл N3,Бусад,D
монос тугал- жимстэй шахмал ааруул 20гр N10,Эм,E
Монос увдист чацарганы шүүс 2л,Хүнс,D
монос үрэл барагшун С 25гр,Эм,E
монос цагаан гааны цай нунт 1гр N10,Эм,E
монос чацарганы диффузийн тос 100мл N1,Эм,E
монос чацарганы цэвэр тос 50мл N1,Эм,E
Монос эко уусдаг цай /цагаан гаатай/ №20,Бусад,D
Монос Экос цэвэр ус 1000мл N1,Эм,E
Монос Экос цэвэр ус 330мл N1,Эм,E
Монос Экос цэвэр ус 500мл,Бусад,D
Монсара балм 5гр №1,Бусад,D
Монтекас б/шахм 10мг N28 /Мөнхийн тун/,Эм,E
Монтелукаст 10мг хальсан бүрхүүлтэй шахмал №28 /Deva/,Эм,V
Монтикоп б/шахм 10мг + 5мг N30,Эм,E
Монурал Ууж хэрэглэх уусмал бэлтгэх гранул 3г №1 /Zambon/,Эм,E
Монфлю мөхлөг 6г N10 /Уламжлалт анагаахын хүрээлэн/,Нэмэлт/уламжлалт,D
Морфин тарилгын уусмал 1%-1мл N1 /IVCO/,Эм,V
Мотомин 10% N1,Бусад,D
Мөнгөжүүлсэн тос 1% 50гр N1 /Монос/,Эм,V
Мөрний хамгаалалт ОС-2042 115-125см /2XL/ №1 /Flamingo/ /Ascent meditech/,Бусад,D
Мөрний хамгаалалт ОС-2042 125-135см /3XL/ №1 /Flamingo/ /Ascent meditech/,Бусад,D
Мөрний хамгаалалт ОС-2042 95-105см /L/ №1 /Flamingo/ /Ascent Meditech/,Бусад,D
"Мульти-I, N30",Бусад,D
МультиВита/тамипүүл/ №10 N10,Эм,E
Мультивитамин DHC капс N30,Нэмэлт/уламжлалт,D
"Мультивитаминный и минеральный комплекс для женщин, N60",Нэмэлт/уламжлалт,D
"Мультивитаминный и минеральный комплекс для мужчин, N60",Нэмэлт/уламжлалт,D
Мупсин тос/т 20гр,Эм,E
Муцера сироп 15мг/5мл 30*2мл,Эм,V
Муцера шахм 30мг N100,Эм,V
Мэжик би балт жор 300гр /5180/,Бусад,D
Мэжик би барагшунтай зөгийн бал 300гр /5135/,Эмнэлгийн хэрэгсэл,D
Мэжик би бидэрм тос 55гр /5197/,Бусад,D
"Мэс заслын латекс, талькгүй ариун бээлий #7",Эмнэлгийн хэрэгсэл,D
"Мэс заслын латекс, талькгүй ариун бээлий #7.5",Эмнэлгийн хэрэгсэл,D
Мэс заслын наалт эмн/х 6см*7см №1 /Нахиа/,Эмнэлгийн хэрэгсэл,D
Мэс заслын хайлдаггүй силк утас 26мм зүүтэй №2-0,Эмнэлгийн хэрэгсэл,D
Мэс заслын хайлдаггүй силк утас 36мм зүүтэй №2-0,Эмнэлгийн хэрэгсэл,D
Мюсли батончик сүүтэй шоколадан бүрхүүлтэй /6197/,Хүнс,D
Мюсли батончик сүүтэй шоколадан бүрхүүлтэй алим /6203/,Хүнс,D
Мюсли батончик сүүтэй шоколадан бүрхүүлтэй апельсин /6180/,Хүнс,D
Мюсли батончик сүүтэй шоколадан бүрхүүлтэй гүзээлзгэнэ /6852/,Хүнс,D
Мюсли батончик сүүтэй шоколадан бүрхүүлтэй черри /6869/,Хүнс,D
Н-Флю капс 30мг N10,Эм,V
Н-Флю капс 45мг N10,Эм,V
Н-Флю капс 75мг N10,Эм,V
Наадаг живх L  / литтл валлей ст/ N15,Эмнэлгийн хэрэгсэл,D
Наадаг живх S/М / литтл валлей ст/ N15,Эмнэлгийн хэрэгсэл,D
Наадаг живх XL /литтл валлей ст/ N15,Эмнэлгийн хэрэгсэл,D
Наадаг памперс №10  90-135см,Бусад,D
Наалт  нойр дэмжих PICC,Эмнэлгийн хэрэгсэл,D
Наалт  нурууны PICC,Эмнэлгийн хэрэгсэл,D
Наалт  өвдөгний PICC,Эмнэлгийн хэрэгсэл,D
Наалт  хуянгийн PICC,Эмнэлгийн хэрэгсэл,D
Наалт Cool 14см*10см №1 /Тэгш-анар/,Эмнэлгийн хэрэгсэл,D
Наалт Hot 14см*10см №1 /Тэгш-анар/,Эмнэлгийн хэрэгсэл,D
Наалт kincho кайро ургамал №8 /2207/,Эмнэлгийн хэрэгсэл,D
Наалт kincho кайро цагаан гаа №8 /2214/,Эмнэлгийн хэрэгсэл,D
Наалт бартай 7см*10см №10 /Тэгш-Анар ХХК/,Эмнэлгийн хэрэгсэл,D
Наалт өвдөгний өвдөлт намдаах наалт 12ш,Эмнэлгийн хэрэгсэл,D
Наалт сахарынх 10ш,Эмнэлгийн хэрэгсэл,D
Наалт усны хамгаалалттай 10*15см №1 /Тэгш-анар ХХК/,Эмнэлгийн хэрэгсэл,D
Наалт усны хамгаалалттай 6*10см №1 /Тэгш-Анар ХХК/,Эмнэлгийн хэрэгсэл,D
Наалт усны хамгаалалттай 6*7см №1 /Тэгш-Анар ХХК/,Эмнэлгийн хэрэгсэл,D
Наалт Фелбинак өвчин намдаах 10*7см N10,Эмнэлгийн хэрэгсэл,D
Наалт хавчтай N25,Эмнэлгийн хэрэгсэл,D
Наалт ханиалганы том хүнийх 10ш,Эмнэлгийн хэрэгсэл,D
Наалт ханиалганы хүүхдийн 4ш,Эмнэлгийн хэрэгсэл,D
Наалт хүн орхоодой 9.3см*13.2см N20 /Тэгш-Анар/,Эмнэлгийн хэрэгсэл,D
Нажатокс тос/т 40гр,Эм,E
"Назатив сп 0,5мг 140тун N1",Эм,E
"Назафлекс сп/х 0,5мг+1,4мг+0,2мг 18мл N1",Эм,E
Назол Адванс сп 15мл N1,Эм,E
Назол спрей 15мл,Эм,E
Назоферон сп 100000 ОУН/мл 5мл N1,Эм,E
Наклофен Дуо капс 75мг N20,Эм,V
Наклофен т/уусм 75мг 3мл N5,Эм,V
Нако №5 дусал 500мл N1,Эм,E
Накол плюс сироп 90мл N1 /Ildong/,Эм,E
Наком шахм 250мг/25мг N100,Эм,V
Налгезин б/шахм 275мг N10,Эм,E
Налгезин Форте б/шахм 550мг N10,Эм,E
НапроКейр 550мг N10 /каплет/,Эм,E
Насофед вирусийн эсрэг хамрын цацлага 10мл,Эм,E
Нат-В капс N30,Нэмэлт/уламжлалт,D
НатАспин Контрол Про 15.3гр N30 UAB Valentis,Бусад,D
Натри салицилат /цомбо/ т/уусм 10% 10мл N10,Эм,E
"Натри Хлорид 0,9%-100мл",Бусад,D
"Натри Хлорид 0,9%-250мл",Бусад,D
"Натрийн хлорид /ivco / д/шин 0,9% 1000мл N1",Эм,V
"Натрийн хлорид /ivco/ д/шин 0,9% 100мл N1",Эм,V
"Натрийн хлорид /ivco/ д/шин 0,9% 250мл N1",Эм,V
"Натрийн хлорид /ivco/ д/шин 0,9% 500мл N1",Эм,V
"Натрийн хлорид /ivco/ уусм 0,9% 2мл N1",Эм,V
"Натрийн хлорид /энхийн шүүдэр/ д/шин 0,9% 100мл N1",Эм,V
"Натрийн хлорид /энхийн шүүдэр/ д/шин 0,9% 250мл N1",Эм,V
"Натрийн хлорид /энхийн шүүдэр/ д/шин 0,9% 500мл N1",Эм,V
Натрийн хлорид 0.9%-2мл №10 /Цомбо/,Эм,V
Натрийн хлорид т/уусм 0.9%-2мл №10 /Нахиа/,Эм,V
Натрийн хлорид тарилгын уусмал 0.9%-2мл /Нахиа/ №50,Эм,V
Натрийн хлоридын гипертоник уусмал 10%-500мл /тарилгын шингэн/,Эм,V
Наттокиназа холесетрин бууруулах бэлдмэл /7456/,Бусад,D
"Натур айд Hair, Skin and Nails капс N30",Эм,E
Натур айд Pregnancy витамин+минерал+фолийн хүчил N60,Нэмэлт/уламжлалт,D
Натур айд Витамин Д3 1000ОУН N90,Эм,V
Натур айд Витамин Е 1000мг N30,Хүнс,D
Натур айд Витамин С 500мг N50,Эм,V
Натур айд Глюкозамин МSM Хондротин 500мг+100мг N90,Нэмэлт/уламжлалт,D
Натур айд Кальци+Магни+Витамин шахм Д3 /800мг+400мг+800ОУН/ N90,Эм,E
Натур айд Ко-Энзим Q10 30мг N30,Бусад,D
Натур айд Мультивитамин дусал 50мл N1,Нэмэлт/уламжлалт,D
Натур айд Фиш ойл 1000мг N90,Нэмэлт/уламжлалт,D
Натур айд Фолийн хүчил 400мг N90,Эм,V
Натур айд шахм Мультивитамин+Минерал N90,Нэмэлт/уламжлалт,D
Натур плас CFU 30 тэрбумтай нунтаг N30,Нэмэлт/уламжлалт,D
"Нафазолин /монос/ сп 0,1% 10мл N1",Эм,E
"Нафазолин /монос/ х/дус 0,1% 10мл N1",Эм,E
Начу уру баланс нүд/дус 15мл,Бусад,D
НБЛ Глюкозамин 750мг/Хондроитин 600мг шахмал N90 /Nobel/,Нэмэлт/уламжлалт,D
Небилет шахмал 5мг №28 /Берлинхими/,Эм,E
Небулайзер маск эмн/х size L №1 /Ningbo Shengyurui/,Бусад,D
Небулайзер маск эмн/х size M N1,Эм,E
Небулайзер маск эмн/х size S N1,Эм,E
Небулайзер маск/утлагын хошуу N1,Бусад,D
Небулайзер утлагийн маск /хүүхэд/ N1 /USA/,Бусад,D
Небуфлюзон 1мг/мл-2мл хөвмөл N10,Эм,E
Нейпилепт т/уусм 250мг/мл-4 мл №5 /Сотекс/,Эм,E
"Нейроблок В12 75мг + 2,7мг + 10мг N5",Эм,E
"Нейродикловит капс 50мг+ 50мг +50 мг +0,25мг N30",Эм,E
Нейрокс т/уусм 50мг/мл-2мл №10 /Сотекс/,Эм,E
Нейрокс т/уусм 50мг/мл-5мл №5 /Сотекс/,Эм,E
Нейроксон тарилгын уусмал 1000мг-4мл №10 /Артериум/,Эм,V
Нейромалин капс 50мг N24,Эм,E
"Нейромалин т/уусм 0,2мг 2мл N6",Эм,E
Нейромидин т/уусм 15мг/мл 1мл N10,Эм,E
Нейромидин т/уусм 5мг/мл 1мл N10,Эм,E
Нейромидин шахм 20мг N50,Эм,E
Нейрорубин тарилгын уусмал 2мл №10 /Цомбо фарм/,Эм,E
Нейрорубин-Нахиа т/уусм 2мл N5,Эм,E
Нейроцитин 10мг/мл-50мл №1 тарилгын уусмал,Эм,V
Нейроцитин д/шин 10мг 100мл,Эм,V
Нейроцитин д/шин 10мг 200мл N1,Эм,V
Нео-Пенотран форте эм/лаа 750мг+200мг N7,Эм,E
Неожинакс үтрээний лаа 250мг+100мг+100.000 ОУН №12,Эм,E
Неокидс ВитаЦинк заж/ш 90гр N30,Нэмэлт/уламжлалт,D
Неокидс Калци+К2 зөөлөн чихэр 150гр N30,Нэмэлт/уламжлалт,D
Неокидс Омега 3 DHA заж/ш N30,Нэмэлт/уламжлалт,D
Неокидс Прополис плас сироп дархлаа дэмжих 150мл N1,Эм,E
Неокидс сироп өсөлт дэмжих 150мл N1,Эм,E
Неокидс сироп хоолны дуршил сайжруулах 150мл N1,Эм,E
"Неокидс суэро сироп хордлого тайлах, шингэн нөхөх 50мл N5",Эм,E
Неопол үт/кап N12,Эм,E
"Неронутриентс, N30",Бусад,D
Нес Нан 1 сүү /0-6сар/ 400гр,Бусад,D
Нес Нан 1 сүү /0-6сар/ 800гр,Бусад,D
Нес Нан 1 сүү харшил эсрэг /0-6сар/ 400гр,Бусад,D
Нес Нан 2 сүү /6-12сар/ 400гр,Бусад,D
Нес Нан 2 сүү /6-12сар/ 800гр,Бусад,D
Нес Нан 2 сүү харшил эсрэг /0-6сар/ 800гр,Бусад,D
Нес Нан 3 сүү /12сар+/ 400гр,Бусад,D
Нес Нан 3 сүү /12сар+/ 800гр,Бусад,D
Нес нан №4 сүү 18+ 800гр N1,Бусад,D
Нес нан №4 сүү 5460 400гр N1,Бусад,D
Нес Нан пре дутуу бага жинтэй 400гр N1,Бусад,D
Нес Нан сүү Тройной Комфорт 0 сараас 400гр,Бусад,D
Нес Нан сүү Тройной Комфорт 0 сараас 800гр,Бусад,D
Нес нан уураг ашигтай бактеритэй нярайн сүү төрсөн цагаас,Бусад,D
"Нестле жимсний нухаш ""Алим, гүзээлзгэнэ"", 6 сар+ 90гр",Бусад,D
Нестожен №1 сүү төрсөн цагаас 300гр,Бусад,D
Нестожен №1 сүү төрсөн цагаас 600гр,Бусад,D
Нестожен №2 сүү төрсөн цагаас 300гр,Бусад,D
Нестожен №2 сүү төрсөн цагаас 600гр,Бусад,D
Нестожен №3 сүү төрсөн цагаас 600гр,Бусад,D
Нестожен №4 сүү төрсөн цагаас 600гр,Бусад,D
Нефрис капс N100,Нэмэлт/уламжлалт,D
Нефромон /50ус/ сп/х 100мл N1,Нэмэлт/уламжлалт,D
Нефромон /монос/100мл N1,Эм,E
Нивеа нүүр/тос Soft pot 100мл,Бусад,D
Нивей crème tin,Бусад,D
Нивей крем 150мл,Бусад,D
Нивей крем 75мл,Бусад,D
нивей крем тэжээлийн тос 75мл,Бусад,D
Нивей софт нүүрний тос 200мл,Гоо сайхан/ариун цэвэр,D
Никсар 10мг хүүхэд N10 /Берлин-Хеми/,Эм,E
Никсар 10мг хүүхэд N30 /Берлин-Хеми/,Эм,E
Никсар шахм 20мг N10,Эм,E
Никсар шахмал 20мг N30 /Берлин-Хеми/,Эм,E
Нимезил нунт 100мг N30,Эм,E
Нимодипин б/шахм [самжин] 30мг N100,Эм,V
Нимодипин д/шин [самжин] 10мг 50мл N1,Эм,V
"Нип 31000 Хөхөлт х/бүт ""Фамили"" латекс №1 /0-6сар/ N2",Бусад,D
"Нип 31001 Хөхөлт х/бүт ""Фамили""латекс №2 /5-18сар/ N2",Бусад,D
"Нип 31003 Хөхөлт х/бүт ""Фамили"" силикон №1 /0-6сар/ N2",Бусад,D
"Нип 31004 Хөхөлт х/бүт ""Фамили"" силикон №2 /5-18сар/ N2",Бусад,D
"Нип 31305 хөхөлт ""Фийл""силикон/0-6сар/ N2",Бусад,D
"Нип 31309 Хөхөлт ""Найт"" силикон №1  /0-6сар/ N2",Бусад,D
"Нип 31310 Хөхөлт ""Найт"" силикон №2 /5-18сар/ N2",Бусад,D
"НИП 31610 Хөхөлт х/бүт ""Butterfly"" силикон /0-6сар/ N1",Бусад,D
"НИП 31611 Хөхөлт х/бүт ""Butterfly"" силикон /5-18сар/ N1",Бусад,D
"Нип 31618 Хөхөлт х/бүт ""Эрвээхий ногоон"" силикон №1 /0-6сар/ N2",Бусад,D
"Нип 31618 Хөхөлт, “Butterfly”, greenline цуврал, хэмжээ №2 /5–18 сар/",Бусад,D
"Нип 31619 Хөхөлт х/бүт ""Эрвээхий ногоон"" силикон №2 /5-18сар/ N2",Бусад,D
"Нип 31619 Хөхөлт, “Butterfly”, greenline цуврал, хэмжээ №2 /5–18 сар/",Бусад,D
"Нип 31624 Хөхөлт,  “Butterfly Night”, greenline цуврал, хэмжээ №1 /0–6 сар/",Бусад,D
"Нип 31625 Хөхөлт,  “Butterfly Night”, greenline цуврал, хэмжээ №2 /5–18 сар/",Бусад,D
"Нип 31800 Хөхөлт х/бүт ""Мисс Денти"" силикон №1 /0-6сар/ N2",Бусад,D
Нип 33000 Хөхөлтүүр х/бүт латекс S №1 /0-6сар/ угжны N2,Бусад,D
Нип 33002 Хөхөлтүүр х/бүт силикон S №1 /0-6сар/ угжны N2,Бусад,D
Нип 33004 Хөхөлтүүр х/бүт латекс М №1 /0-6сар/ угжны N2,Бусад,D
Нип 33006 Хөхөлтүүр х/бүт силикон М №1 /0-6сар/ угжны N2,Бусад,D
Нип 33007 Хөхөлтүүр х/бүт силикон М №2 /6сар+/ угжны N2,Бусад,D
"Нип 33030 Угжны хөхөлт, өргөн амсартай, /0+ сар/, урсгал S",Бусад,D
"Нип 33031 Угжны хөхөлт, өргөн амсартай, /0+ сар/, урсгал M",Бусад,D
Нип 33039 Хөхөлтүүр х/бүт силикон өргөн S №1 /0-6сар/ N2,Бусад,D
"Нип 33042 Хөхөлтүүр ""Черри ногоон"" латекс S /+0 сар/ N2",Бусад,D
"Нип 33043 Хөхөлтүүр ""Черри ногоон"" латекс M /+0 сар/ N2",Бусад,D
Нип 35015 Угж х/бүт Стандарт шилэн  /0-6/сар 250мл N1,Бусад,D
"Нип 35034 Угж х/бүт хуванцар ""Тренди"" №1 /0-6сар/ 125мл N1",Бусад,D
"Нип 35035 Угж х/бүт хуванцар ""Тренди Гёрл"" №1 250мл N1",Бусад,D
"Нип 35036 Угж х/бүт хуванцар ""Тренди"" бой 250мл N1",Бусад,D
"Нип 35041 Хүүхдийн угж, ПП материалтай, өргөн амсартай, хүү, 260 мл, /0+ сар/, урсгал M",Бусад,D
"Нип 35042 Хүүхдийн угж, ПП материалтай, өргөн амсартай, охин, 260 мл, /0+ сар/, урсгал M",Бусад,D
"Нип 35049 Ундааны сав х/бүт ""Кидс кап бой"" 330мл N1",Хүнс,D
Нип 35050 Ундааны сав х/бүт 330мл N1,Хүнс,D
"Нип 35051 Хүүхдийн ундааны сав, ПП материалтай, “Kids cup”, хүү, 330 мл",Эмнэлгийн хэрэгсэл,D
"Нип 35052 Хүүхдийн ундааны сав, ПП материалтай, “Kids cup”, охин, 330 мл",Эмнэлгийн хэрэгсэл,D
"Нип 35055 Хүүхдийн угж, ПП материалтай, өргөн амсартай, хүү, 150 мл, /0+ сар/, урсгал S",Бусад,D
"Нип 35056 Хүүхдийн угж, ПП материалтай, өргөн амсартай, охин, 150 мл, /0+ сар/, урсгал S",Бусад,D
"Нип 35057 Ундааны сав х/бүт ""Машин"" /6сар+/ 150мл N1",Хүнс,D
"Нип 35057 Хүүхдийн өөрөө уух угж, ПП материалтай, хүү, 150 мл",Бусад,D
"Нип 35058 Ундааны сав х/бүт ""Гүзээлзгэнэ"" /6сар+/ 150мл N1",Хүнс,D
"Нип 35058 Хүүхдийн өөрөө уух угж, ПП материалтай, охин, 150 мл",Бусад,D
"Нип 35063 Хүүхдийн угж, шилэн, өргөн амсартай, хүү, 240 мл, /0+ сар/, урсгал S",Бусад,D
"Нип 35065 Хүүхдийн угж, шилэн, өргөн амсартай, хүү, 120 мл, /0+ сар/, урсгал S",Бусад,D
"Нип 35066 Хүүхдийн угж, шилэн, өргөн амсартай, охин, 120 мл, /0+ сар/, урсгал S",Бусад,D
"Нип 35067 Ундааны сав х/бүт ""Cowboy"" соруултай /12сар+/ 330мл N1",Хүнс,D
"Нип 35067 Хүүхдийн соруултай ундааны сав, ПП материалтай, “Straw cup”, хүү, /12+ сар/, 330 мл",Эмнэлгийн хэрэгсэл,D
"Нип 35068 Ундаанй сав х/бүт ""Indian girl"" соруултай /12сар+/ 330мл N1",Хүнс,D
"Нип 35068 Хүүхдийн соруултай ундааны сав, ПП материалтай, “Straw cup”, охин, /12+ сар/, 330 мл",Эмнэлгийн хэрэгсэл,D
"Нип 35099 Аяга х/бүт ""Trainer cup"" boy 260мл",Эмнэлгийн хэрэгсэл,D
"Нип 35100 Аяга х/бүт ""Trainer cup"" girl 260мл",Эмнэлгийн хэрэгсэл,D
"Нип 35119 Угж том амсартай ""Черри ногоон охин"" 240мл латекс М /+0сар/ N1",Бусад,D
"Нип 35120 Угж том амсартай ""Черри ногоон"" 240мл латекс М /+0сар/ N1",Бусад,D
Нип 35600 Угж х/бүт өргөн амсартай  /0+/ 150мл N1,Бусад,D
Нип 35603 Угж х/бүт өргөн амсартай /0+/ 270мл N1,Бусад,D
Нип 35606 Сүү хадгалах сав 150мл N4,Бусад,D
"НИП 35607 Угж х/б хуванцар бариултай ""Day&Night"" холимог 270 мл N1",Бусад,D
"НИП 35608 Угж х/б хуванцар бариултай  ""Day&Night"" хүү 270 мл N1",Бусад,D
"НИП 35609 Угж х/б хуванцар бариултай  ""Day&Night"" охин 270 мл N1",Бусад,D
"Нип 37005 Хөхөлтийн оосор, greenline цуврал, /0+ сар/",Бусад,D
Нип 37032 хайрцаг х/бүт N1,Эм,E
Нип 37048 Хуурай сүүний сав,Бусад,D
Нип 37061 Ундааны аяга /18+ сар / N4,Хүнс,D
Нип 37062 Хоолны таваг /6+ сар/ N4,Бусад,D
Нип 37064  х/тавга х/бүт N1,Бусад,D
Нип 37065 Хоолны таваг /4+ сар хүнхэр N2,Бусад,D
Нип 37067 Аяга 250 мл /12+ сар N2,Бусад,D
"НИП 37069 ""Eat green"" зуушны сав х/бүт N1",Бусад,D
"Нип 37069 Хүүхдийн зуушны сав, “Snackbox 2in1”, greenline цуврал",Бусад,D
Нип 37070 Ам цэвэрлэх хуруувч /0-12сар/,Эм,E
Нип 37071 Бүлээн жин х/бүт Belly Well /0сар+/,Бусад,D
Нип 37073 Шүдний хазуур дугуй х/бүт,Бусад,D
Нип 37076 Хүүхдийн хумсны хайч х/бүт /0сар+/,Эм,E
Нип 37083 Гишгүүр х/бүт N1,Бусад,D
Нип 37085 Зуушны сав х/бүт,Бусад,D
Нип 37100 угж халаагч х/бүт N1,Эм,E
Нип 37101 угж ариутгагч 3-үйлд х/бүт N1,Бусад,D
Нип 37600 Хөхөлтүүр /Савтай/ size M 20 mm N2,Бусад,D
Нип 37601 Хөхний саалтуурны ком N1,Бусад,D
Нип 39024 Аяганы ком х/бүт цэнхэр N1,Бусад,D
Нип 39025 Аяганы ком х/бүт ягаан N1,Бусад,D
"Нип 91012 Хөхөлт х/бүт ""Черри грийн"" латекс /0-6 сар/",Бусад,D
"Нип 91029 Хөхөлт х/бүт ""Черри эйр найт"" латекс №1 /0-6сар/ N2",Бусад,D
"Нип 91030 Хөхөлт х/бүт ""Черри эйр найт"" латекс №2 /+6сар/ N2",Бусад,D
"Нип 93001 Хөхөлтүүр х/бүт ""Черри"" латекс №1 /0сар+/ M N2",Бусад,D
Нип 93003 Хөхөлтүүр х/бүт '' Черри '' силикон №2 /0+ сар / S N2,Бусад,D
Нипертен шахм 10мг N30,Эм,V
Ниссел шахм 25мг N100,Эм,E
"Нитроглицерин [лекхим] шахм 0,5мг N40",Эм,E
"Нитроконтин шахм 2,6мг N25",Эм,E
Нифеди Денк шахм 10мг N100,Эм,E
Нифеди Денк шахм 20мг N100,Эм,E
Нифедипин Лекхим б/шахм 10мг N50,Эм,E
Нифедипин Лекхим б/шахм 20мг N50,Эм,E
Ницерголин 5мг N100,Эм,E
Ничибан Cathereeplus PAD ариун наалт 0508 50мм*80мм N1,Эмнэлгийн хэрэгсэл,D
Ничибан Cathereeplus.Pad 0812 шархны наалт  80мм*120мм N1,Эмнэлгийн хэрэгсэл,D
Ничибан Cathereeplus.Pad ариун наалт 0921 90мм*210мм N1,Эмнэлгийн хэрэгсэл,D
Ничибан Catheripad Mild ариун наалт 0610  6см*10см N1,Эмнэлгийн хэрэгсэл,D
Ничибан Catheripad Mild ариун наалт 0915  90мм*150мм N1,Эмнэлгийн хэрэгсэл,D
Ничибан Хуруу лент М N30,Бусад,D
Но-Х-ша т/уусм 20мг/мл 2мл N5,Эм,V
Но-шпа 40мг N24,Бусад,D
Но-шпа 40мг/2млl N5,Бусад,D
"Нобивент ин/ц 2,5мг 2,5мл N1",Эм,V
"Нобивент плас ин/ц 2,5мг+500мкг 2,5мл N1",Эм,V
Нобирүн ханборгоцой /хүүхдийн өсөлт/ шахм N60,Эм,E
Нобирүн шахм /хүүхдийн өсөлт/ N90,Эм,E
"Нобүрин Витамин С, хараа хамгаалах №60",Бусад,D
Нова кит шахм N7 (6*7),Эм,E
Новамин д/шин 8.5% 250мл N1,Эм,E
Новелайз лаа 2гр №10 /Vegapharm/,Эм,E
Новинет шахм N21,Эм,E
"Новокайн /ivco/ уусм 0,25% 2мл N1",Эм,V
Новокайн т/уусм 0.25%-2мл №10 /Цомбо/,Эм,V
Новосалик т/түрх 0.5мг+30мг N1 /Replek/,Эм,E
Нойр дэмжих Well sleep & Well Start /2128/,Бусад,D
Нойргүйдлийн цай жижиг 20г N10 /Одь тан/,Бусад,D
Нойргүйдлийн цай том 40г N20 /Одь тан/,Бусад,D
Нойрос шахм 50мг N10,Эм,E
Нойтон сальфетка T-Duck 24ш,Бусад,D
Нойтон сальфетка T-Duck 60ш,Бусад,D
Нойтон сальфетка T-Duck 80ш,Бусад,D
Нойтон сальфетка Yoursun 120ш,Бусад,D
Нойтон сальфетка Yoursun 80ш,Бусад,D
"Ноксан т/уусм 40мг/0,4мл N2",Эм,V
Нолицин шахм 400мг N10,Эм,V
Нолицин шахм 400мг N20,Эм,V
Нолколд шахм 500мг+2мг+5мг+20мг N10,Эм,E
Нольпаза тар/н 40мг N10,Эм,V
Нольпаза шахм 20мг N28,Эм,V
Нольпаза шахм 40мг N28,Эм,V
Номидес капсул 75мг №10 /PHARMASYNTEZ LLC/,Эм,E
Ноофен капс 250мг N20,Эм,E
Ноофен Нун/уус 500мг N5,Эм,E
Ноофен нунт 100мг N15,Эм,E
Норад т/уусм 2мг 2мл N5,Эм,E
Нордепласт даавуун шархны эмн/х наалт [Aloe care] N16,Эмнэлгийн хэрэгсэл,D
Нордепласт Доргио эмн/х зөөлрүүлэгчтэй шархны наалт [Antishok] N10,Эмнэлгийн хэрэгсэл,D
Нордепласт нурууны өвчин эмн/х намдаах наалт  [EcoMent] 10×15cm N1,Эмнэлгийн хэрэгсэл,D
Нордепласт нэхээсгүй шархны эмн/х наалт [Sensitive] N16,Эмнэлгийн хэрэгсэл,D
Нордепласт перцтэй халуун эмн/х наалт [EcoHot] 10×15cm N1,Эмнэлгийн хэрэгсэл,D
Нордепласт пластик шархны эмн/х наалт [Universal] N16,Эмнэлгийн хэрэгсэл,D
Нордепласт шархны наалт эмн/х [Junior pirate] N10,Эмнэлгийн хэрэгсэл,D
Нормикс шахм N36,Эм,E
Нормобакт форте №10,Бусад,D
Нормодипин шахм 10мг N30,Эм,V
Нормодипин шахм 5мг N30,Эм,V
Нормон 2гр мөхлөг N20 /Монос/,Нэмэлт/уламжлалт,D
Норов 7 N15,Бусад,D
"Нохойн хошуутай нүүр,биеийн саван 35гр /8595/",Гоо сайхан/ариун цэвэр,D
Ноцид шахм 630мг N100,Эм,V
Нуган эрхий мэргэн- тунгалаг жижиг N1,Бусад,D
Нуган эрхий мэргэн-тунгалаг том /6124/ N1,Бусад,D
Нуган эрхий Мэргэн-Цэмцгэр 6094 N10,Бусад,D
Нуган эрхий мэргэн-Цэнхэр /6032/ N10,Бусад,D
Нуклео ЦМФ Форте N3,Эм,E
Нуклео ЦМФ Форте капс N30,Эм,E
Нумета G13%E Дуслын эмульс 13%-300мл N1,Эм,E
Нумета G16%E Дуслын эмульс 16%-500мл N1,Эм,E
Нурокаинд 1500мкг-1мл тарилгын уусмал №4,Эм,E
Нурофен Апельсин сироп 100мг/ 5мл N1,Эм,V
Нурофен б/шахм 200мг N10,Эм,V
Нурофен б/шахм 200мг N20,Эм,V
Нурофен Клубничным сироп 100мг/5мл 100мл N1,Эм,V
Нуруу халаагч /0567/,Эм,E
"Нуруу,Мөрний хамгаалалт ОС-2034 70-80см /S/ №1 /Flamingo/ /Ascent meditech/",Бусад,D
"Нуруу,Мөрний хамгаалалт ОС-2034 80-90см /M/ №1 /Flamingo/ /Ascent meditech/",Бусад,D
"Нуруу,Мөрний хамгаалалт ОС-2363 100-110см /XL/ №1 /Flamingo/ /Ascent meditech/",Бусад,D
"Нуруу,Мөрний хамгаалалт ОС-2363 80-90см /M/ №1 /Flamingo/ /Ascent meditech/",Бусад,D
"Нуруу,Мөрний хамгаалалт ОС-2363 90-100см /L/ №1 /Flamingo/ /Ascent meditech/",Бусад,D
Нурууны 4 уян тулгуурт бүс  JYK-B004 L N1 /Osky Medical/,Бусад,D
Нурууны 4 уян тулгуурт бүс JYK-B004 M N1 /Osky Medical/,Бусад,D
Нурууны 4 уян тулгуурт бүс JYK-B005 L N1 /Osky Medical/,Бусад,D
Нурууны 4 уян тулгуурт бүс JYK-B005 M N1 /Osky Medical/,Бусад,D
Нурууны 4 уян тулгуурт бүс JYK-B005 XL N1 /Osky Medical/,Бусад,D
Нурууны 4 уян тулгуурт бүс JYK-B006 XL N1 /Osky Medical/,Бусад,D
Нурууны бүс JYK-B005 N1 /Osky Medical/,Бусад,D
Нурууны бүс ОС-2050 100-110см /XL/ №1 /Flamingo/ /Ascent meditech/,Бусад,D
Нурууны бүс ОС-2050 110-120см /XXL/ №1 /Flamingo/ /Ascent meditech/,Бусад,D
Нурууны бүс ОС-2050 70-80см /S/ №1 /Flamingo/ /Ascent meditech/,Бусад,D
Нурууны бүс ОС-2050 80-90см /M/ №1 /Flamingo/ /Ascent meditech/,Бусад,D
Нурууны бүс ОС-2050 90-100см /L/ №1 /Flamingo/ /Ascent meditech/,Бусад,D
Нүд амраагч /0734/,Бусад,D
Нүдний ариун наалт 5.7x8.2 см,Эмнэлгийн хэрэгсэл,D
Нүдний гэрэл N1,Бусад,D
"Нүдний дусаалга /япон/ 3 Вит, Gold 40 ex /7035/",Бусад,D
Нүдний дусаалга /япон/ 3 Витамин /3573/,Бусад,D
Нүдний дусаалга /япон/ CL Ногоон /8136/,Бусад,D
Нүдний дусаалга /япон/ CL Цэнхэр /0907/,Бусад,D
Нүдний дусаалга /япон/ CL Ягаан /8129/,Бусад,D
Нүдний дусаалга /япон/ Нулимс 4 /6902/,Бусад,D
Нүдний наалт 72*56мм №7 /youngchemical/,Эмнэлгийн хэрэгсэл,D
Нүдний хаалт / ням ЗD /,Бусад,D
Нүдний хаалт нярай N1,Бусад,D
Нүдний хаалт том хүний /Ням/,Бусад,D
"Нүдний хаалт, чихний бөглөө хос /Ням/",Бусад,D
Нүүр цэвэрлэх хөвөн,Бусад,D
Нүүрний маск /4778/,Гоо сайхан/ариун цэвэр,D
Нью В рото нүд/дус 13мл,Бусад,D
Нью В рото нүд/дус лисэй 13мл,Бусад,D
Нью ронто нүд/дус күүл 12мл N1,Эм,E
Ньюмейкор капс 1000мг N60,Нэмэлт/уламжлалт,D
Нэг удаа малгай Greetmed №1 /Ningbo Greetmed/,Бусад,D
Нэг удаа малгай №1,Эм,E
Нэг удаагийн бээлий эмн/х /latex/ 50хос N100,Эмнэлгийн хэрэгсэл,D
Нэг удаагийн дотор малгай ( hood single use) N1,Бусад,D
Нэг удаагийн малгай /Төгс-Очир/ N1,Бусад,D
Нэг удаагийн улавч N1,Эмнэлгийн хэрэгсэл,D
Нэг удаагийн улавч N2,Эмнэлгийн хэрэгсэл,D
Нэг удаагийн халад /Бүжинлхам/ N1,Эмнэлгийн хэрэгсэл,D
Нэг удаагийн халад /Төгс-Очир/ N1,Эмнэлгийн хэрэгсэл,D
Нэг удаагийн халад /Цэнхэр-Ньюремеди/ N1,Эмнэлгийн хэрэгсэл,D
Нэг удаагийн халадны иж бүрдэл /Мөнх/тун/ N1,Эмнэлгийн хэрэгсэл,D
Нэг хүний даавуу,Бусад,D
Нэцурью мөхлөг 1.1гр N12,Эм,E
Нярай хүүхдийн сойз хаздаг тоглоом /8898/,Эмнэлгийн хэрэгсэл,D
Нярайн болон бага насны хүүхдийн хүйн ивэрхийн наалт /4606/,Эмнэлгийн хэрэгсэл,D
Нярайн гэдэсний дүүрэнг гаргах гуурс /8753/,Бусад,D
Нярайн гэдэсний дүүрэнгийн наалт /0434/,Эмнэлгийн хэрэгсэл,D
Нярайн малгай 2ш /6661/,Бусад,D
Овуляцийн тест И10,Эмнэлгийн хэрэгсэл,D
Одестон шахм 200мг N50,Эм,V
Оёдлын багц нэг удаагийн /MPC Suture pack/ N1,Эмнэлгийн хэрэгсэл,D
Озапекс шахм 10мг N28,Эм,V
Озапекс шахм 5мг N28,Эм,V
Ойлисин Витамин Д3 400 N1,Бусад,D
Ойлисин Витамин Д3 4000 капсул №40,Эм,E
Оксикодерм спрей 3.10мг+9.30мг-32.25г N1 /Polfa/,Эм,E
Окситоцин /гедеон/ т/уусм 5 ОУН 1мл N5,Эм,V
Окситоцин-Гриндекс т/уусм 5МЕ/мл 1мл N10,Эм,V
Оксолин /алтай/ тос/т 10гр,Эм,E
"Октамед Мэс заслын бичил нүхтэй наалт 9,14м x 2,5см эмн/х N1",Эмнэлгийн хэрэгсэл,D
Октобус Octopus Хүүхдийн эрчимтэй чийгшүүлэх тос 350мл /Dr.Novamedi/,Бусад,D
Октобус Хүүхдийн бие угаагч ба шампунь 500мл /Dr.Novamedi/,Гоо сайхан/ариун цэвэр,D
"Октретекс т/уусм 0,1мг/мл 1мл N5",Эм,E
Олигонол капсул N30 Amino up,Эм,E
Омалокс хөвм 10мл N20,Эм,E
Омапоне д/шин 362мл N1,Эм,E
Омапоне д/шин 952мл N1,Эм,E
Омега 3 DHC капс 510мг N120,Нэмэлт/уламжлалт,D
Омега 3+ капс 1100мг N180,Нэмэлт/уламжлалт,D
Омега-3 + Q10 /Doppel herz/ капс N30,Нэмэлт/уламжлалт,D
"Омега-3 Тройная/Эвалар/ 950 мг EPA&DHA 1,3гр N30 0073",Нэмэлт/уламжлалт,D
Омепразол капс 20мг N30,Эм,V
Оми бродерхүүд Ментарм Q крем 1.5%+12%+2%+6% 65гр N1,Эм,E
"Омнитус сироп 0,8мг/мл 200мл N1",Эм,E
Он.сетрон-Денк шахм 4мг N6,Эм,V
Он.сетрон-Денк шахм 8мг N6,Эм,V
Онбрез бризхайлер 300мкг /30капс+1 ингалятор/ N30 N1,Эм,V
Ондаленз 4 мг N5 /Nerhadou International/,Эм,V
Ондаленз 8мг N5 /Nerhadou International/,Эм,V
Ондансетрон тарилгын уусмал 2мг/мл-4мл N5 /Lekhim/,Эм,V
Оопс халаасны салфетка excellence 1ш,Гоо сайхан/ариун цэвэр,D
Оопс халаасны салфетка алое 1ш,Гоо сайхан/ариун цэвэр,D
Оопс халаасны салфетка сенситив 1ш,Гоо сайхан/ариун цэвэр,D
Опиклам капс 150мг N50,Эм,V
Опицеф сироп 250мг/5мл,Эм,V
Оплев т/уусмал 100мл №1,Эм,V
Оптибак every day капсул 5 тэрбум №30,Эм,E
"Оптибак Антибиотик капсул 4,5тэрбум №10",Эм,E
Оптибак Прегнанси Пробиоитикс капс №30,Нэмэлт/уламжлалт,D
Оптибак Экстра капсул 20 тэрбум №30,Эм,E
"Оралит-200 4,129гр нунт N1",Эм,E
Орамеди тосон түрхлэг 1мг- 6г №1 /Dongkook/,Эм,V
Орамин-Ж капс N60,Нэмэлт/уламжлалт,D
Орфил сироп 60мг/мл- 150мл №1,Эм,E
Оспамокс б/шахм 1000мг N12,Эм,V
Оспамокс хөв/н 250мг/5мл 30*2мл,Эм,V
Оспамокс шахм 500мг N12,Эм,V
Остеокальци-5 капс 0.5гр N90,Эм,E
Остеомин нунт 1500мг+ 1200мг N30,Нэмэлт/уламжлалт,D
Остесан Юниор Денк заж/ш N30,Эм,E
Отипакс нүд/чихний дусаалга 16г - 15мл N1 /Biocodex/,Эм,V
"Отофа чих/д 2,6%-10мл N1",Эм,E
"Отривин Ментол сп 0,1% 10мл",Эм,E
Отривин сп 0.1% 10мл,Эм,E
Отривин х/дус 0.05% 10мл,Эм,E
"Отризол-DF 0,05%- 10мл N1",Эм,E
Отризол-DF хамрын цацлага 0.05%-10 мл №1,Эм,E
"Офло /БКРС/ нүдний мазь 0,3% 5гр N1",Эм,V
Офлоксацин /Quinovid/ чих/д 3мг 5мл N1,Эм,V
"Офлоксацин /сичуан/ д/шин 0,2гр 100мл",Эм,V
Офломелид тосон түрхлэг 30гр N1 /Sintez/,Эм,E
Өвдөгний багц эмн/х /1удаагийн/ N1,Бусад,D
Өвдөгний бэхэлгээ JYK-D028Зүүн N1 /Osky Medical/,Эмнэлгийн хэрэгсэл,D
Өвдөгний градустай чиг JYK-D006 L N1 /Osky Medical/,Бусад,D
Өвдөгний градустай чиг JYK-D006 M N1 /Osky Medical/,Бусад,D
Өвдөгний нугастай бэхэлгээ JYK-D036 N1 /Osky Medical/,Бусад,D
Өвдөгний нугастай бэхэлгээ JYK-D036 XL N1 /Osky Medical/,Бусад,D
Өвдөгний хамгаалалт OC-2013 27.5-32.5см /S/ №1 /Ascent meditech/,Бусад,D
Өвдөгний хамгаалалт OC-2013 32.5-37.5см /M/ №1 /Ascent meditech/,Бусад,D
Өвдөгний хамгаалалт OC-2013 42.5-47.5см /XL/ №1 /Ascent meditech/,Бусад,D
Өвдөгний хамгаалалт OC-2013 47.5-52.5см /2XL/ №1 /Ascent meditech/,Бусад,D
Өвдөгний шулуун бэхэлгээ JYK-D005  S N1 /Osky Medical/,Бусад,D
Өвдөгний шулуун бэхэлгээ JYK-D005 L N1 /Osky Medical/,Бусад,D
Өвдөгний шулуун бэхэлгээ JYK-D005 M N1 /Osky Medical/,Бусад,D
Өвдөлт намдаах наалт/чинжүүтэй/ 10х15 №1 /Henan Kangdi Medical Device Company/,Эмнэлгийн хэрэгсэл,D
Өвдөлт намдаах чихний дусаалга 7мл N1,Бусад,D
Өмсдөг живх L   / литтл валлей ст / N16,Эмнэлгийн хэрэгсэл,D
Өмсдөг живх S/M / литтл валлей ст/ N16,Эмнэлгийн хэрэгсэл,D
Өмсдөг живх XL /литтл валлей ст/ N16,Эмнэлгийн хэрэгсэл,D
Өмсдөг памперс №10 68-120см,Бусад,D
"Өнгө сэргээгч, 100% хар /0134/",Бусад,D
"Өнгө сэргээгч, 100% цагаан /3048/",Бусад,D
"Өндөр тунт Коллаген Collagen 15,000мг /8840/",Нэмэлт/уламжлалт,D
Өтгөний сав 25мл №1 /Хятад/,Бусад,D
Өтгөний сав 30мл N1 /Хятад/,Бусад,D
Өтгөний шинжилгээний сав /халбагатай/ 60мл №1,Эм,E
Өтөгний сав 40мл N1,Бусад,D
Өтөгний уут 60мм N1 /Хятад/,Бусад,D
Өүшн Иодин Дроп 30мл /Orzax/ N1,Бусад,D
Өүшн Микрофер 30мл /Orzax/ N1,Бусад,D
Өүшн Остеофайн /Orzax/ N60,Бусад,D
Падма 28 капсул №60,Нэмэлт/уламжлалт,D
Падолмин шахм 325мг+ 4мг N10,Эм,E
Пайлекс тос/т 30гр,Эм,E
Пайлекс шахм N100,Нэмэлт/уламжлалт,D
Пайлопасс шахм N14,Эм,E
Паксибан б/шах 2.5мг №56 sample,Бусад,D
Паксибан б/шах 5мг №56 sample,Бусад,D
Пактол коүф ханиадны сироп 100мл №1 /Masenz/,Эм,E
Пактол коүф хүүхэд ханиадны сироп 100мл №1 /Masenz/,Эм,E
Памперс наадаг M size /80-120см/ №10 /Vtend/ /Тэгш-анар ХХК/,Бусад,D
Памперс өмсдөг L size /90-160см/ №10 /Vtend/ /Тэгш-Анар ХХК/,Бусад,D
Памперс өмсдөг M size /80-140см/ №10 /Vtend/ /Тэгш-анар ХХК/,Бусад,D
Панадол Беби сироп 120мг/5мл 100мл,Эм,E
Панадол лаа 125мг N10,Эм,E
Панангин 140мг+158мг №60 /бүрхүүлтэй шахмал/,Эм,E
Панангин форте б/шахм 316мг+280мг N60,Эм,E
Панангин шахм 140мг+158мг N50,Эм,E
"Панграф капс 0,5мг N60",Эм,V
Панграф капс 1мг N60,Эм,V
Пандев 40 бүрхүүлтэй шахмал №28,Эм,V
Пандуал N100,Эм,V
Панзинорм Форте N30,Эм,V
Панкреатин 25 ОУН №60,Эм,V
Панлок тар/н 40мг N1,Эм,V
Панпирин Кю 20мл №5,Эм,E
Пантенол агуулсан чийгшүүлэгч гель саван 0+; 300мл №1 /Natura Siberica/,Гоо сайхан/ариун цэвэр,D
Пантенол бүхий саармаг гель-хөөс 0+; 500мл №1 /Natura Siberica/,Бусад,D
"Пантенол, аллантоин агуулсан саармаг гель 0+; 500мл №1 /Natura Siberica/",Бусад,D
Пантирес шахм 175мг+4200ОУН+5367ОУН+222ОУН N100,Эм,E
Панто Денк б/шахм 20мг N28,Эм,V
Панто Денк шахм 40мг N28,Эм,V
Пантоген д/уусм 250мл N1,Эм,E
Пантоген д/уусм 500мл N1,Эм,E
Пантодерм тосон түрхлэг 5%-30г N1 /Akrikhin/,Эм,E
Пантопразол тар/н 40мг N1,Эм,V
Пантос 40мг капсул N28 /Монос/,Эм,V
Панфеникол нунт 5гр N1,Эм,E
Панцеф хөвм 100мг/5мл - 100мл N1,Эм,V
Панцеф шахм 400мг N7,Эм,V
Параним шахмал 500мг+100мг №6 /Noble Wellness/,Эм,E
Паратусин ПЕ сироп 60мл N1,Эм,E
Паратусин шахм 2мг+50мг+10мг+500мг+15мг N10,Эм,E
ПарафенКейр 500мг + 200мг N100 /Бүрхүүлгүй шахмал/,Эм,V
Парацетамол /50ус/ шахм 500мг N10,Эм,V
Парацетамол /ivco/ дусал 1%- 100мл N1,Эм,V
Парацетамол /монос/ шахм 500мг N10,Эм,V
Парацетамол лаа 250 мг N10,Эм,V
Парибэн шахм 20мг N28,Эм,E
Пародонтакс буйлны үрэвслээс сэргийлэх ам зайлагч 500мл,Бусад,D
Пародонтакс сойз,Эмнэлгийн хэрэгсэл,D
Парсолет б/шахм 20мг N30 Replek,Эм,V
Партамол экстра бүрх шахмал 325 мг + 200 мг №40 /Stellapharm/,Эм,V
ПартиСмарт капс N5,Эм,E
"Паурфлекс 15г, №7 /шахмал/",Эм,E
Педиа Витамин Д3 дусал 2000 ОУН 30мл N1,Эм,V
Педиа Д-вайт дусал 400 ОУН 50мл,Эм,E
Педиа Поли-вайт дусал 50мл,Нэмэлт/уламжлалт,D
Педиа Поли-вайт+Төмөр дусал 50мл,Нэмэлт/уламжлалт,D
Педиа Три-вайт А-С-Д дусал 1500 ОУН+35мг+400 ОУН 50мл,Эм,E
Педиа Цинк глюконат суспенз 10мг/5мл 118мл N1,Эм,E
Пекол уусмал бэлтгэх нунтаг 137.15гр N1 /Cachet/,Эм,E
Пентилин т/уусм 20мг/мл N5,Эм,E
Пентоксифиллин т/уусм 20мг/мл 5мл N10,Эм,E
Пептазол шахмал 20мг №28 /Hanlim Pharm/,Эм,V
Пептазол шахмал 40мг №28 /Hanlim Pharm/,Эм,V
Перекись 3% 100мл /0043/,Бусад,D
"Пижеон  Угж,  хуванцар, цагаан 160мл \ 4501\",Бусад,D
пижеон  хөхний толгой хамгаалагч M N2,Бусад,D
Пижеон  чийгшүүлэгчтэй хөөсөн саван 500мл \4420\,Гоо сайхан/ариун цэвэр,D
"Пижеон elis smooth & dry, ацх шөнө 30см",Бусад,D
Пижеон elis smooth&Dry Day 25см N5,Бусад,D
"Пижеон elis ацх 100% хөвөн зөөлөн өдөр тутам, 32 ш",Бусад,D
"Пижеон elis ацх 100% хөвөн зөөлөн өдөр тутам, 64ш",Бусад,D
"Пижеон elleair сүүн шингэнтэй гоо сайхны сальфетка, 200ш /4401/",Гоо сайхан/ариун цэвэр,D
"Пижеон goon Нойтон сальфетка, запас 55",Бусад,D
Пижеон Goon хүүхдийн нойтон сальфитик N70,Бусад,D
"Пижеон Minotta 100% Жимсний нухаш, Гүзээлзгэнэ , 6+ сар/3510/",Бусад,D
"Пижеон Minotta 100% Жимсний нухаш, Мандарин, 6+ сар/3497/",Бусад,D
"Пижеон Minotta 100% Жимсний нухаш, Фүжи алим, 6+ сар/3480/",Бусад,D
"Пижеон Teens Jelly Glow унтлагын маск, 30гр /5000/",Бусад,D
"Пижеон Teens Батганы эсрэг гель, 15мл /4942/",Бусад,D
"Пижеон Teens Батганы эсрэг серум, 20мл /4973/",Гоо сайхан/ариун цэвэр,D
"Пижеон Teens Батганы эсрэг тонер, 95мл /4935/",Гоо сайхан/ариун цэвэр,D
"Пижеон Teens Батганы эсрэг чийгшүүлэгч, 25гр /4959/",Бусад,D
"Пижеон Teens Батганы эсрэг чийгшүүлэгч, 50гр /4966/",Бусад,D
"Пижеон Teens Цайруулах серум, 20мл /4980/",Гоо сайхан/ариун цэвэр,D
"Пижеон Teens Чийгшүүлэгч серум, 20мл /4997/",Гоо сайхан/ариун цэвэр,D
Пижеон xylitol шүдний оо /1 нас6 сартайгаас/ 50гр N1,Бусад,D
Пижеон Ам шүдний сальфетка шинэ 20ш,Бусад,D
"Пижеон байгалийн гаралтай нойтон сальфетка, зөөлөн, 70ш",Бусад,D
"Пижеон Байгалийн гаралтай нярайн арьс сүүн шингэн, 0+ сар, 500мл",Гоо сайхан/ариун цэвэр,D
"Пижеон Байгалийн гаралтай нярайн арьс хамгаалах усан суурьтай гель, 0+ 200мл",Бусад,D
"Пижеон Байгалийн гаралтай нярайн сүүн шингэн, 0+ сар 200мл",Гоо сайхан/ариун цэвэр,D
Пижеон байгалийн гаралтай хүүхдийн үс бие шингэн савангын запас 900мл,Гоо сайхан/ариун цэвэр,D
"Пижеон Байгалийн гаралтай хүүхдийн үс, биеийн шингэн саван, 200мл",Гоо сайхан/ариун цэвэр,D
"Пижеон Байгалийн гаралтай хүүхдийн үс, биеийн шингэн саван, 500мл",Гоо сайхан/ариун цэвэр,D
"Пижеон байгалийн гаралтай экзем,харшлын тос",Бусад,D
"Пижеон Байгалийн гаралтай язралтын мист, загатнаа арилгах, 100мл/8969/",Бусад,D
"Пижеон Байгалийн гаралтай язралтын сорви арилгах серум, 40мл/89458/",Гоо сайхан/ариун цэвэр,D
"Пижеон Байгалийн гаралтай язралтын тос, 150мл/8938/",Бусад,D
Пижеон Бактерийн эсрэг сальфетка,Бусад,D
Пижеон бие угаагч порлон N1,Бусад,D
"Пижеон биеийн халуун хэмжигч, дижитал /8003/",Эмнэлгийн хэрэгсэл,D
"Пижеон Бор хооллолтыг дэмжих аяга, халбаганы сет",Бусад,D
"пижеон булантай шар сойз 4,5 сараас N1",Эмнэлгийн хэрэгсэл,D
"Пижеон бууцай, луувангийн жигнэмэг +6сар N1",Хүнс,D
Пижеон Вирус бактери устгагчтай Бүх төрлийн гадаргуу цэвэрлэгч 500мл,Гоо сайхан/ариун цэвэр,D
Пижеон Вирус бактери устгагчтай Гал тогоо цэвэрлэгч 500мл,Гоо сайхан/ариун цэвэр,D
Пижеон Вирус бактери устгагчтай Шал цэвэрлэгч шингэн 1000мл,Гоо сайхан/ариун цэвэр,D
Пижеон вирус тосон түрхлэг 0+ сар 50мл,Эм,E
"Пижеон витамин с-тэй алимтай ус 500мл, 6+ сар",Бусад,D
Пижеон витаминтай үсний гел 3 номер /3925/,Гоо сайхан/ариун цэвэр,D
Пижеон витаминтай үсний гел 5 номер /3215/,Гоо сайхан/ариун цэвэр,D
"Пижеон Галбиржуулагч хавар намарын хар трико, Black, M-L",Бусад,D
Пижеон гүн чийгшүүлэгч сүүн шингэн 120мл \3898\,Гоо сайхан/ариун цэвэр,D
Пижеон гүн чийгшүүлэгч сүүн шингэн 300мл \4574\,Гоо сайхан/ариун цэвэр,D
"Пижеон гүн чийгшүүлэгчтэй сүүн шингэн, запас 250гр /4055/",Гоо сайхан/ариун цэвэр,D
"Пижеон далайн байцаа, будааны жигнэмэг +6 сар N1",Хүнс,D
Пижеон дутуу нярайн угжны хөхөлт N1,Бусад,D
Пижеон дутуу төрсөн хүүхдийн угж /шилэн/ 100мл N1,Бусад,D
пижеон жигнэмэг /ногооны/ 3692,Хүнс,D
"пижеон жигнэмэг а/төмс,ш/хулуу 4644",Хүнс,D
"Пижеон жигнэмэг амтат төмс, хулууны  +7 N1",Хүнс,D
Пижеон жижиг соруултай аяганы гуурс,Бусад,D
"Пижеон курутто аяганы соруул, запас /0875/",Бусад,D
"Пижеон курутто соруултай аяга, амьтантай, 330мл /0868/",Бусад,D
"Пижеон курутто соруултай аяга, динозавртай, 330мл /0844/",Бусад,D
"Пижеон курутто соруултай аяга, цэцэгтэй 330мл /0851 /",Бусад,D
Пижеон ланоликтай хөхний тос 10гр,Бусад,D
пижеон леминтой ундаа 185мл,Хүнс,D
Пижеон лууван амтат төмсний жигнэмэг +9 N1,Хүнс,D
"Пижеон Нарийн угж, хуванцар, шар 200мл",Бусад,D
"Пижеон Нарийн угж, хуванцар, шар 240мл",Бусад,D
"пижеон Нарийн угж, шилэн, цагаан 120мл",Бусад,D
"Пижеон Нарийн угж, шилэн, цагаан 240мл \3636\",Бусад,D
"пижеон Нарийн угж, шилэн, цагаан, 200мл",Бусад,D
"Пижеон Нарийн угжны хөхөлт, 0+ сар, S, 1ш",Бусад,D
"Пижеон нарийн угжны хөхөлт, 4+ сар, M, 1ш",Бусад,D
"Пижеон нарийн угжны хөхөлт, 6+  L, 1ш",Бусад,D
"Пижеон нарийн угжны хөхөлт, 9+ L 1ш",Бусад,D
"Пижеон нарны тос SPF 35, 30гр /4680/",Бусад,D
Пижеон нарны тос SPF 35/PA+++ 30мл /3235/,Бусад,D
"Пижеон нарны тос SPF20, 45гр",Бусад,D
Пижеон нарны тос SPF50+ 50g,Бусад,D
Пижеон нойтон салфетик N66,Бусад,D
Пижеон нойтон сальфитк N80,Бусад,D
Пижеон нунтаг цацлага түрхэгч N1,Эм,E
Пижеон нус сорогч /0 сартайгаас/ N1,Бусад,D
"Пижеон Нүүр угаагч хөөс, 120мл, 3+ охид/7435/",Бусад,D
"Пижеон Нүүр угаагч хөөс, 120мл, 3+ хөвгүүд/7480/",Бусад,D
Пижеон нүүр чийгшүүлэгч бүх төрлийн арьсанд /3228/,Бусад,D
"Пижеон Нүүрний тос, 50гр, 3+ охид/7398/",Гоо сайхан/ариун цэвэр,D
"Пижеон Нүүрний тос, 50гр, 3+ хөвгүүд/7459/",Гоо сайхан/ариун цэвэр,D
Пижеон нэг өдрийн С витамин /шилтэй/ 155мл,Бусад,D
Пижеон нярайн нуралтын тос,Бусад,D
Пижеон нярайн хос үсний сам N2,Гоо сайхан/ариун цэвэр,D
Пижеон оо 6 сараас дээш гүзээлүгэнэ /5392/,Бусад,D
Пижеон оо 6 сараас дээш усан үзэм /5408/,Бусад,D
Пижеон өндөр аяга соруултай цэнхэр 330мл N1,Бусад,D
Пижеон өндөр аяганы гуурс,Бусад,D
Пижеон өндөр соруултай аяга шар 330мл N1,Бусад,D
Пижеон өндөр соруултай аяга ягаан 330мл,Бусад,D
Пижеон Саалтуурны толгой сүү хөлдөөх ууттай холбогч,Бусад,D
Пижеон савласан латте 500мл,Бусад,D
Пижеон савласан хар кофе 500мл,Хүнс,D
"Пижеон смүүти тоор, жүрж холимог 330мл",Бусад,D
Пижеон соруул угаагч сойтог /5742/,Бусад,D
Пижеон Соруултай аяга 15мл шар /2827/,Бусад,D
Пижеон Соруултай аяга 15мл ягаан /2810/,Бусад,D
Пижеон соруултай аяга цэнхэр 150мл N1,Бусад,D
"Пижеон Соруултай аяга цэнхэр, 150мл шинэ",Бусад,D
Пижеон соруултай аяга шар 150мл N1,Бусад,D
Пижеон соруултай аяга ягаан 150мл N1,Бусад,D
Пижеон сосок цэнхэр 0-3 сартай /4378/ N1,Бусад,D
Пижеон сосок цэнхэр 3-6 сартай \ 4385\,Бусад,D
Пижеон сосок цэнхэр 6-18 сартай N1 /4392/,Бусад,D
Пижеон сосок ягаан 0-3 сартай /4279/ N1,Бусад,D
Пижеон сосок ягаан 3-6 сартай N1 \4286\,Бусад,D
Пижеон сосок ягаан 6-18 сар /3005/ N1,Бусад,D
Пижеон сүүн хүчлийн ашигтай бактеритай ундаа +6 сар,Хүнс,D
Пижеон сүүн шингэн 300мл /4550/,Гоо сайхан/ариун цэвэр,D
Пижеон сүүн шингэн 300мл \3706\,Эм,E
"Пижеон сүүн шингэн, запас 250гр /4048/",Гоо сайхан/ариун цэвэр,D
"Пижеон Сүүн шингэн,180мл, 3+ нас/7381/",Гоо сайхан/ариун цэвэр,D
Пижеон сүүн шүдний гелэн цэвэрлэгч 40мл \3763\,Гоо сайхан/ариун цэвэр,D
"Пижеон сүүн шүдний оо, цоорлын эсрэг +3нас гүзээлзгэнэ",Бусад,D
"Пижеон сүүн шүдний оо, цоорлын эсрэг +3нас Усан үзэм",Бусад,D
Пижеон сүүн шүдний сойз /4-8 сар/ N1,Эмнэлгийн хэрэгсэл,D
пижеон сүүн шүдний сойз /9 сараас дээш/ N1,Эмнэлгийн хэрэгсэл,D
"Пижеон Тайвшруулагч массажны тос, 120мл",Бусад,D
Пижеон том соруултай аяганы резин 2ш /2094 /,Бусад,D
Пижеон төрсөний дараах угаалгын сав,Бусад,D
Пижеон Угаалгын өрөө цэвэрлэгч 500мл,Гоо сайхан/ариун цэвэр,D
Пижеон угаалгын шингэн ягаан капас 720мл,Бусад,D
Пижеон угж угаагч урт порлонтой N1,Бусад,D
Пижеон угж угаагч урт сойтка N1,Бусад,D
Пижеон угж угаагч шингэн 300мл \9799\,Бусад,D
Пижеон угж угаагч шингэн 800мл,Бусад,D
Пижеон угж угаагч шингэний запас 250мл \9805\,Бусад,D
Пижеон угж угаагч шингэний запас 700мл,Бусад,D
Пижеон угж угаах порлоны запас,Бусад,D
"Пижеон Угж,  шилэн, цагаан 160мл \4471\",Бусад,D
"Пижеон Угж, 160мл, шилэн, баавгайтай /4747/",Бусад,D
"Пижеон Угж, 160мл, шилэн, зоо парк /4785/",Бусад,D
"Пижеон Угж, 160мл, шилэн, хөгжимтэй /4761/",Бусад,D
"Пижеон Угж, 240мл, шилэн, зоо парк /4792/",Бусад,D
"Пижеон Угж, 240мл, шилэн, хөгжимтэй /4778/",Бусад,D
"Пижеон Угж, дутуу нярайд зориулсан/1861/",Бусад,D
"пижеон угж, хуванцар, цагаан 240мл \4518\",Бусад,D
"Пижеон угж, шилэн, цагаан 240мл \4488\",Бусад,D
"Пижеон Угж,240мл, шилэн,  баавгайтай /4754/",Бусад,D
"Пижеон угжны бариул, хуванцар 240мл саарал /9719/",Бусад,D
"Пижеон угжны бариул, хуванцар 240мл улаан /4591/",Эм,E
"Пижеон угжны бариул, хуванцар 240мл цэнхэр /4607/",Бусад,D
Пижеон угжны соруулан хөхөлт 12+,Бусад,D
Пижеон угжны соруултай аяганд шилжхэд туслах хөхөлт 6+,Бусад,D
Пижеон Угжны соруултай таглаа,Эм,E
Пижеон угжны таг шар,Бусад,D
Пижеон угжны хөхөлт +15сар 3L N2,Бусад,D
Пижеон угжны хөхөлт 0+ сар SS N1,Бусад,D
Пижеон угжны хөхөлт 1+ S  N2,Бусад,D
Пижеон угжны хөхөлт 3+ M  N2,Бусад,D
Пижеон угжны хөхөлт 6+ L N2,Бусад,D
Пижеон угжны хөхөлт 9+ LL 2ш,Эм,E
пижеон угжны хөхөлт угаагч 2 ширхэгтэй,Бусад,D
Пижеон угжны хөхөлт угаагч N1,Бусад,D
Пижеон угжны хүндрүүлэгч,Бусад,D
"Пижеон Уруул сэтэрхий, тагнай цоорхой нярайн угжны хөхөлт",Бусад,D
"Пижеон уруул сэтэрхий, тагнай цоорхой хүүхдийн мэс заслын дараах угж",Бусад,D
Пижеон усны халуун хэмжигч N1,Эмнэлгийн хэрэгсэл,D
"Пижеон Үс ангижруулагч, 300мл, 3+ охид/7411/",Гоо сайхан/ариун цэвэр,D
"Пижеон Үсний ангижруулагч, 300гр, 2+ нас/3435/",Гоо сайхан/ариун цэвэр,D
"Пижеон Үсний ангижруулагч, запас, 240гр, 2+ нас/3442/",Гоо сайхан/ариун цэвэр,D
"Пижеон Үсний шампунь, 300мл, 3+ охид/7404/",Гоо сайхан/ариун цэвэр,D
"Пижеон Үсний шампунь, 300мл, 3+ хөвгүүд/7466/",Гоо сайхан/ариун цэвэр,D
"Пижеон Үсний шампунь, үнэртэй устай, 300мл 2+ нас/3398/",Гоо сайхан/ариун цэвэр,D
"Пижеон Үсний шампунь, үнэртэй устай, запас, 240мл 2+ нас/3404/",Гоо сайхан/ариун цэвэр,D
"Пижеон Үсний шампунь, ширэлдээ гаргах, 300мл 2+ нас/3411/",Гоо сайхан/ариун цэвэр,D
"Пижеон Үсний шампунь, ширэлдээ гаргах, запас, 240мл 2+ нас/3428/",Гоо сайхан/ариун цэвэр,D
"Пижеон Фил 24цаг чийгшүүлэгчтэй нүүрний тос, 75гр/4352/",Гоо сайхан/ариун цэвэр,D
"Пижеон Фил 24цаг чийгшүүлэгчтэй сүүн шингэн, 150мл /4338/",Гоо сайхан/ариун цэвэр,D
"пижеон Фил, 24 цаг чийгшүүлэгч хөөсөн саван",Гоо сайхан/ариун цэвэр,D
"пижеон Фил, 24 цаг чийгшүүлэгчтэй хөөсөн савангийн запас",Гоо сайхан/ариун цэвэр,D
Пижеон хазаахай зуйван N1,Бусад,D
Пижеон Хазаахай-2,Бусад,D
Пижеон хазуур тоглоом /1384/ N1,Бусад,D
Пижеон хазуур тоглоом /1902/ N1,Бусад,D
Пижеон хазуур тоглоом /1926/ N1,Бусад,D
"Пижеон Халуунаа барьдаг ган оосортой сав, Ванилла",Бусад,D
"Пижеон Халуунаа барьдаг ган оосортой сав, Нил ягаан",Бусад,D
Пижеон Халууны наалт N12,Эмнэлгийн хэрэгсэл,D
пижеон хамар хоолойн наалт N6,Эмнэлгийн хэрэгсэл,D
"Пижеон Хамрын битүүрэл, найтаалганы эсрэг цээжний түрхлэг, 6+сар",Бусад,D
Пижеон хамрын гавар N1,Бусад,D
Пижеон хос тахир сойз /ногоон/ 12 сараас дээш N2,Эмнэлгийн хэрэгсэл,D
Пижеон хос халбага резинэн N2,Бусад,D
Пижеон хөөсөн нүүр угаагч батга арчилгааны /3211/,Бусад,D
Пижеон хөөсөн нүүр угаагч өдөр тутмын цэвэрлэгээ /3204/,Бусад,D
Пижеон хөөсөн саван запас 400мл \4406\,Эм,E
"Пижеон Хөөсөн саван, 380мл, 3+ охид/7428/",Гоо сайхан/ариун цэвэр,D
"Пижеон Хөөсөн саван, 380мл, 3+ хөвгүүд/7473/",Гоо сайхан/ариун цэвэр,D
"пижеон хөөсөн саван, зөөлөн цэцгийн үнэртэй 500мл \4451\",Гоо сайхан/ариун цэвэр,D
"пижеон хөөсөн саван, зөөлөн цэцгийн үнэртэй, запас  400 ml \4468\",Гоо сайхан/ариун цэвэр,D
Пижеон хөөсөн цэвэрлэгч 0+ /бөгсний улайлт сэргийлэх/,Гоо сайхан/ариун цэвэр,D
Пижеон хөөсөн шампунь /18 сараас дээш/ запас 300мл \3126\,Гоо сайхан/ариун цэвэр,D
Пижеон хөөсөн шампунь /цэцгийн үнэртэй/ запас 300мл,Гоо сайхан/ариун цэвэр,D
пижеон хөөсөн шампунь 18 сар 8 цэцгийн үнэртэй шинг 300мл \3133\,Гоо сайхан/ариун цэвэр,D
Пижеон хөөсөн шампунь 350мл \4482\,Гоо сайхан/ариун цэвэр,D
Пижеон хөөсөн шампунь ягаан 350мл \4505\,Гоо сайхан/ариун цэвэр,D
Пижеон хөөсөн шампунь ягаан запас 300мл \4512\,Гоо сайхан/ариун цэвэр,D
"пижеон хөөсөн шампунь, 18 сар 350мл \3119\",Гоо сайхан/ариун цэвэр,D
Пижеон хөхний саалтуур N1,Бусад,D
Пижеон Хөхний саалтуурын толгой,Бусад,D
Пижеон хөхний салфетка N50,Гоо сайхан/ариун цэвэр,D
Пижеон хөхний сүү хадгалах уут 180мл 25ш,Бусад,D
Пижеон хөхний сүү хөлдөөгч уут 160мл N20,Бусад,D
Пижеон хөхний сүү хөлдөөгч уут 80мл N20,Бусад,D
Пижеон хөхний сүү цуглуулагч,Бусад,D
Пижеон хөхний сүү шингээгч N126,Бусад,D
Пижеон хөхний сүү шингээгч памперс N102,Бусад,D
"Пижеон хөхний сүү шингээгч, 12ш",Бусад,D
"Пижеон хөхний сүү шингээгч, 30ш",Бусад,D
"Пижеон хөхний сүү шингээгч, 60ш",Бусад,D
Пижеон хөхний толгой гаргагч N1,Бусад,D
пижеон хөхний толгой хамгаалагч L N2,Бусад,D
Пижеон Хөхүүл эхийн амин дэм №90,Бусад,D
Пижеон хувцас ангижруулагч 600мл \1088\,Гоо сайхан/ариун цэвэр,D
Пижеон хувцас зөөлрүүлэгч 400мл запас /5562/,Бусад,D
Пижеон хувцас зөөлрүүлэгч 430мл /5548/,Бусад,D
Пижеон хувцас угаах капсул вок 42ш /8259/,Эм,E
"Пижеон хувцас угаах нунтаг вок, 1кг /9930/",Эм,E
Пижеон хувцас угаах шингэн вок 500мл /7634/,Бусад,D
"Пижеон хувцасны будаг далайн цэнхэр, 230гр /7070/",Бусад,D
"Пижеон хувцасны будаг нил ягаан, 230гр /7230/",Бусад,D
Пижеон хувцасны будаг эмиралд ногоон 230гр /7728/,Бусад,D
Пижеон хувцасны будаг ягаан 230гр /7049 /,Бусад,D
Пижеон хумсны хайч 0 сар,Бусад,D
Пижеон хумсны хайч 3 сар,Бусад,D
Пижеон хумсны хутга /1078/,Бусад,D
Пижеон Хүүхдийн амны хөгжлийг дэмжих ногоон хазаахай 4+ сар,Бусад,D
Пижеон хүүхдийн вазелин 60гр \4000\,Бусад,D
"Пижеон Хүүхдийн ган халбага, сэрээний хослол, цэнхэр",Бусад,D
"Пижеон Хүүхдийн ган халбага, сэрээний хослол, ягаан",Бусад,D
пижеон хүүхдийн маск N1,Бусад,D
Пижеон хүүхдийн нунтаг цацлага цэнхэр 150гр,Эм,E
Пижеон хүүхдийн резинэн халбага N1,Бусад,D
Пижеон хүүхдийн саван 2ш,Гоо сайхан/ариун цэвэр,D
Пижеон хүүхдийн сойз 3 хос N3,Эмнэлгийн хэрэгсэл,D
Пижеон хүүхдийн сүүн шингэн 120мл \3690\,Гоо сайхан/ариун цэвэр,D
Пижеон хүүхдийн тос 50мл \4598\,Бусад,D
Пижеон хүүхдийн тос 80мл,Бусад,D
Пижеон хүүхдийн халбага сэрээний ком,Бусад,D
Пижеон хүүхдийн халбагатай угж N1,Бусад,D
Пижеон хүүхдийн хамрын нус сорогч N1,Бусад,D
Пижеон хүүхдийн хоол бэлтгэх хэрэгсэл 6in1 /3268/,Бусад,D
Пижеон хүүхдийн хос сойз цэнхэр+ 12+ N2,Эмнэлгийн хэрэгсэл,D
Пижеон хүүхдийн хос сойз ягаан 12+ N2,Эмнэлгийн хэрэгсэл,D
"пижеон хүүхдийн хос сойз, ногоон 12+ №2",Эмнэлгийн хэрэгсэл,D
Пижеон хүүхдийн хөөсөн саван 500мл \4390\,Гоо сайхан/ариун цэвэр,D
Пижеон хүүхдийн хөөсөн шампунь запас 300мл \4499\,Гоо сайхан/ариун цэвэр,D
Пижеон хүүхдийн хувцас угаалгын шингэн 800мл,Бусад,D
Пижеон хэлний өнгөр арилгагч /1870/,Бусад,D
Пижеон хэлний өнгөр арилгагч сойз /1238/,Эмнэлгийн хэрэгсэл,D
Пижеон хэлний өнгөр арилгагч сойз 2ш /1412/,Эмнэлгийн хэрэгсэл,D
Пижеон хэлний өнгөр цэвэрлэгч хуруувч 3+ сар,Гоо сайхан/ариун цэвэр,D
Пижеон цахилгаан хөхний саалтуур /1050/,Бусад,D
Пижеон цацлага түрхэх порлон,Эм,E
Пижеон чийгшүүлэгч хөөсөн саван запас 400мл,Эм,E
Пижеон чих цэвэрлэгч 2 талт хөвөн N50,Гоо сайхан/ариун цэвэр,D
Пижеон чихний хөвөн /1219/ N200,Эм,E
Пижеон чихэр шүд хамгаалах алим /9482/,Бусад,D
Пижеон шахмал пудр байгалийн запас /3181/,Эм,E
Пижеон шахмал пудр нарны хамгаалалттай байгалийн /3136/,Эм,E
Пижеон шахмал пудр нарны хамгаалалттай цагаан /3105/,Эм,E
Пижеон шахмал пудр нарны хамгаалалттай цагаан запас /3150/,Эм,E
Пижеон шахмал пудр нарны хамгаалалттай шаргал /3112/,Эм,E
Пижеон шахмал пудр нарны хамгаалалттай шаргал запас /3167/,Эм,E
Пижеон шахмал пудр нарны хамгаалалттай элсэн /3143/,Эм,E
Пижеон шахмал пудр элсэн запас /3198/,Эм,E
Пижеон шингэн нөхөх ионжуулсан ундаа 5122,Хүнс,D
Пижеон шингэн нөхөх эрдэст ус алимтай 125мл*3ш 6+сар,Бусад,D
"Пижеон шингэн нөхөх эрдэст ус алимтай 500мл, 6+ сар",Бусад,D
Пижеон шинэ угжны хүндрүүлэгч /9740/,Бусад,D
пижеон шумуулны наалт 60ш,Эмнэлгийн хэрэгсэл,D
Пижеон шумуулны цацлага 50мл,Эм,E
Пижеон шүд амны салфетик N42,Бусад,D
Пижеон шүд амны салфетка N42,Гоо сайхан/ариун цэвэр,D
Пижеон шүдний  түрхлэг у/үзэм 18+,Бусад,D
Пижеон шүдний завсар угаагчтай хос сойз /ногоон/,Эмнэлгийн хэрэгсэл,D
Пижеон шүдний оо гүзээлзгэний амттай 50гр \3893\,Бусад,D
Пижеон шүдний оо усан үзэмний амттай/4463/ 50гр,Бусад,D
Пижеон шүдний сойз 3-6нас цэнхэр,Эмнэлгийн хэрэгсэл,D
Пижеон шүдний сойз 3-6нас шар,Эмнэлгийн хэрэгсэл,D
Пижеон шүдний сойз 3-6нас ягаан,Эмнэлгийн хэрэгсэл,D
Пижеон шүдний түрхлэг гүзээлзгэнэ 18С+ /0533/,Бусад,D
Пижеон шүдний түрхлэг гүзээлзгэнэтэй 40мл,Бусад,D
Пижеон шүдний хөөсөн түрхлэг \5308\,Бусад,D
"Пижеон Шүдээ бүрэн угаасныг шалгах сүүн шүдний оо, 30гр",Бусад,D
"Пижеон Шүршдэг сүүн шингэн, 250мл",Гоо сайхан/ариун цэвэр,D
"Пижеон Шүршдэг сүүн шингэн, 300мл",Гоо сайхан/ариун цэвэр,D
Пижеон шүүс ногооны/усан үзэм+ногоо/ 5153,Хүнс,D
"Пижеон Электрон шүдний сойз, ногоон, 6+ сар",Эмнэлгийн хэрэгсэл,D
"Пижеон Электрон шүдний сойз, ягаан, 6+ сар",Эмнэлгийн хэрэгсэл,D
Пижеон эм уулгагч,Бусад,D
Пижеон эмчилгээний тоортой тос,Бусад,D
Пижеон Эмчилгээний тоортой хөөсөн саван 500ml \4116\,Гоо сайхан/ариун цэвэр,D
Пижеон Эмчилгээний тоортой хөөсөн саван запас 400 ml \4123\,Гоо сайхан/ариун цэвэр,D
"Пижеон эмчилгээний цацлага, порлонтой 30гр /0669/",Эм,E
Пижеон эмчилгээний шахмал тальк 45гр N1,Эм,E
Пижеон эмэгтэйчүүдийн нойтон сальфетка,Бусад,D
Пижеон эмэгтэйчүүдийн хөөсөн саван,Гоо сайхан/ариун цэвэр,D
Пижеон ядаргаа тайлах нимбэгтэй ус /3418/,Бусад,D
Пижеон язралтын тос,Бусад,D
Пижеон язралтын тос премиум 125гр,Бусад,D
Пиковит /1+/ сироп 150мл,Нэмэлт/уламжлалт,D
Пиковит форте /7+/ хүлх/ш N30,Нэмэлт/уламжлалт,D
Пиковит Юник б/шахм 3+ N27,Нэмэлт/уламжлалт,D
"Пиколинат хрома, N90",Бусад,D
"Пиколинат цинка, N100",Бусад,D
Пилоспей N20 саше,Бусад,D
Пипетик N1 /Ньюремеди/,Бусад,D
Пирален шахм 10мг N100,Эм,V
Пирантел хөвм 250мг/5мл 15мл,Эм,E
Пирацезин /минск/ капс 400мг+ 25мг N60,Эм,E
Пирацетам /ферейн/ т/уусм 20% 5мл N10,Эм,E
Пирацетам /цомбо/ т/уусм 10% 10мл N10,Эм,E
Пирацитон капс 200мг N60,Эм,E
Пирацитон капс 400мг N60,Эм,E
Плавикс б/шахм 75мг N28,Эм,V
Пламоре шахмал 100мг №4 /Syncom Healthcare Ltd/,Эм,E
"Пластыр цаасан 1,25*9,1",Бусад,D
"Пластыр цаасан 2,5см*5м",Бусад,D
Пластыр цаасан 5*500,Бусад,D
Пластыр цаасан наалт 2.5см*9.14м N1,Эмнэлгийн хэрэгсэл,D
Пластыр цаасан наалт 2.5см*9.1м №1 /Hospital Homecare/,Эмнэлгийн хэрэгсэл,D
"Пластыр цаасан эмн/х 1,25см* 5м N1",Бусад,D
Плогрил шахм 75мг N28,Эм,V
Плэйсэйф бэлгэвч 02158 Deluxe fit-tex Нано гэрлэн загвар N3,Бусад,D
Плэйсэйф бэлгэвч 02165 Deluxe fit-tex003 N3,Бусад,D
Плэйсэйф бэлгэвч 02172 Deluxe барын загвар N3,Бусад,D
"Плэйсэйф бэлгэвч 02189 long shock/уртасгасан, үнэртэй N3",Бусад,D
Плэйсэйф бэлгэвч 73370 Deluxe товруутай N2,Бусад,D
Плэйсэйф бэлгэвч 73387 fit-tex deluxe маш нарийн N2,Бусад,D
Плэйсэйф бэлгэвч 73394 Deluxe урт хугацааны+товруутай N2,Бусад,D
Плэйсэйф бэлгэвч 73400 Deluxe хээтэй товруутай N2,Бусад,D
Плэйсэйф бэлгэвч 75602 Deluxe маш нарийн N10,Бусад,D
"Плэйсэйф бэлгэвч 75619 long love, ribbed/уртасгасан, судалтай, үнэртэй N10",Бусад,D
Плэйсэйф бэлгэвч 75626 Deluxe хээтэй+товруутай N10,Бусад,D
"Плэйсэйф бэлгэвч 75633 dotted/цэгэн, үнэртэй N10",Бусад,D
Повидон йод 0.7% 100 мл №1,Эм,V
Повидон йод 2.5%-300 мл №1,Эм,V
Повидон йод 7.5% 300мл №1,Эм,V
Покемон хазсаны дараах тайвшруулах гель 50мл №1,Бусад,D
Полданмиг шахм N4,Эм,E
Полидекса сп/х 15мл N1,Эм,E
Полиетилен жийрэг 50/28 №1 857244 /Just medical/,Эмнэлгийн хэрэгсэл,D
Полиетилен жийрэг 52/28 №1 857245 /Just medical/,Эмнэлгийн хэрэгсэл,D
Полиетилен жийрэг 54/28 №1 857246 /Just medical/,Эмнэлгийн хэрэгсэл,D
Полиетилен жийрэг 56/28 №1 857247/Just medical/,Эмнэлгийн хэрэгсэл,D
Полиетилен жийрэг 58/28 №1 857248 /Just medical/,Эмнэлгийн хэрэгсэл,D
Полижинакс эм/лаа N6,Эм,E
Полкодерм ТС спрей 23.12мг+0.58мг-17г N1 /Polfa/,Эм,E
Пороро бугуйн цаг /1759/,Бусад,D
Пороро шумуул үргээгч бугуйн цаг №1,Бусад,D
Пороро шумуул үргээгч шүршлэг 90мл №1,Эм,E
Пороро шумуул хазсны дараах наалт /6890/,Эмнэлгийн хэрэгсэл,D
Пороро шумуулыг үргээгч наалт /1322/,Эмнэлгийн хэрэгсэл,D
Потензин супериор №30 /шахмал/,Эм,E
Прегабалин KRKA 75мг №56,Эм,V
Прегабалин Денк 150мг №28,Эм,V
Прегабалин Денк 75мг №28,Эм,V
Прегабалин капс 150мг N56,Эм,V
Прегабалин капс 75мг N14,Эм,V
Прегабалин КРКА капс 150мг N56,Эм,V
Предизин б/шахм 35мг N60,Эм,V
Преднизолон б/шахм 5мг N30,Эм,V
Преднизолон-Дарница 30мг/мл-1 мл №3,Эм,V
Предникорт шахм 8мг N50,Эм,V
Прекс шахм 10мг N30,Эм,V
Прекс шахм 20мг N30,Эм,V
"ПреНАН, Хөхний сүү баяжуулагч 72гр",Бусад,D
Пренатабс N60,Бусад,D
Пренатал Денк шахм N30,Нэмэлт/уламжлалт,D
Пренатал Денк+DHA шахм N60,Нэмэлт/уламжлалт,D
Пренесса шахм 4мг N30,Эм,V
Пренесса шахм 8мг N30,Эм,V
Препавеин капс 300мг N20,Эм,E
Препейн 60мг+1мг+5мг Зөөлөн Лаа №10 /HLB Pharmaceutical/,Эм,E
Препейн тос/т /Шамбарам/ 28гр N1,Эм,E
Пресин-35 удаан чөлөөлөгддөг бүрхүүлтэй шахмал 35мг №60 /Reyoung/,Эм,V
Прилам ДР шахм 10мг + 10мг N30,Эм,E
Примафунгин лаа үт 100мг N3,Эм,V
"Про-Офло нүд/дус 0,3% + 0,01% 5мл",Эм,E
ПроБиоВижн Акют шахм N6,Эм,E
"ПроБиоВижн Беби+ Д3 дусал 7,5мл N1",Эм,E
ПроБиоВижн кидс нунт N10,Нэмэлт/уламжлалт,D
Пробиовишн Пайвер нунт N30,Нэмэлт/уламжлалт,D
Пробиотик Энзим нунтаг N30,Нэмэлт/уламжлалт,D
"Програф капс 0,5мг N50 /Astellas/",Эм,V
Проза шахм 250мг + 250мг + 10мг N30,Эм,E
Прозол тос/т 0.05% 20гр N1,Эм,E
"Проканазол д/шин 0,2% 100мл",Эм,V
Проканазол капс 150мг N1,Эм,V
Проканазол капс 50мг N4,Эм,V
Прокталурон лаа 5мг №10 /Spey/,Эм,E
Промаг шахм 200мг+150мг+50мг N30,Эм,E
Промез капс 20мг N30,Эм,V
Простамед б/шахм 200мг+100мг N60,Эм,E
Простамол уно капс N30,Эм,E
Простант лаа 5 №5 /Livzon/,Эм,E
Просторал шахмал 600мг №15x2 /Bhargava Phytolab/,Эм,E
Протектис Д витаминтай дусал 5мл N1,Эм,E
Профертил капсул N60,Нэмэлт/уламжлалт,D
Профертил шахм 50мг N10,Эм,V
Профилас шахм 1мг N50,Эм,E
"Проципро нүд/дус 0,3%+0,01% 5мл N1",Эм,E
Псило бальзам гель 1% 20гр,Эм,E
Пулсет Стандарт бодис,Эмнэлгийн хэрэгсэл,D
Пулсет ход.уус/шах 40мг №28 sample,Эмнэлгийн хэрэгсэл,D
"Пульмикорт 0,25мг/мл- 2мл N20",Эм,V
"Пульмикорт 0,5мг/мл- 2мл N20",Эм,V
Пульсоксиметр /9782/,Бусад,D
Пульсоксиметр /Yonker/,Бусад,D
Пульсоксиметр HO1 Тун эрдэнэ фарма N1,Бусад,D
Пульсоксиметр пульс хэмжигч /Yonker/ №1 /Тэгш-анар ХХК/,Эмнэлгийн хэрэгсэл,D
Пурим шахм N60,Нэмэлт/уламжлалт,D
Раеном б/шахм 5мг N56,Эм,V
"Раеном б/шахм 7,5мг N56",Эм,V
Ранитидин /лекхим/ б/шахм 150мг N20,Эм,V
Рашаан chortog И32,Бусад,D
"Реамберин д/шин 1,5% 400мл",Эм,E
Ревит үрэл N100,Эм,E
Ревоке 1.5мг N1,Эм,E
Револейд бүрхүүлтэй шахмал 50мг №28 /Glaxo Operations/,Эм,E
Регинал Хепа Форте капс №30 /Fortex/,Эм,E
Регулон шахм N21,Эм,E
Резинэн бээлий урт ягаан,Эмнэлгийн хэрэгсэл,D
Рекустейн капс 300мг N20,Эм,E
Рекуштен сироп 175мг/5мл 30*2мл,Эм,E
РелиБаланс хөвмөл N20 /Байер Консьюмер/,Нэмэлт/уламжлалт,D
Релиф Адванс N12,Эм,E
"Релиф адванс мазь 28,4гр",Эм,E
Релиф лаа N12,Эм,E
"Релиф тос/т 28,4гр",Эм,E
Релиф Ультра N12,Эм,E
Ремаксол д/шин 400мл  /Полисан/,Бусад,D
Ремантадин шахм 50мг N20,Эм,E
Ремист таб 100мг №30,Эм,E
Реналган т/уусм 5мл N5,Эм,E
"Реналган шахм 500мг+5мг+0,1мг N20",Эм,E
Ренгалин 100мл,Эм,E
Ренгалин N20,Эм,E
Ренни жүрж хүлх/ш N24,Эм,E
Ренни хүлх/ш N12,Эм,E
Ренни хүлх/ш N24,Эм,E
Реосорбилакт д/шин 400мл N1,Эм,E
Реосорбилакт т/уусм 200мл N1,Эм,E
РеФакто АФ нунт 500ОУН N1,Эм,E
Речарж актив денк мөхлөг 72гр N12,Бусад,D
Рибоксин /белм/ б/шахм 200мг N50,Эм,V
Рибоксин /даль/ т/уусм 2% 5мл N10,Эм,V
Рибоксин /даль/ т/уусм 20мг/мл 10мл N10,Эм,V
Рибоксин /цомбо/ 2% 5мл N10,Эм,V
Рибоксин бүрхүүлтэй шахмал 200мг N50 /Borisovskiy/,Эм,V
Ризин шахм 10мг N100,Эм,V
Риналка сироп 100мл N1,Эм,E
Рингер /ivco/ д/шин 250мл N1,Эм,V
Рингер /ivco/ д/шин 500мл N1,Эм,V
Рингер /энхийн шүүдэр / д/шин 250мл N1,Эм,V
Рингер /энхийн шүүдэр / д/шин 500мл,Эм,V
Рингер лактат /энхийн шүүдэр/ уусм 250мл,Эм,V
Рингер лактат 500мл хятад,Эм,V
Рингер лактат тарилгын шингэн 500мл N1 /Энхийн шүүдэр/,Эм,V
Рироксбан шахмал 15мг №30 /Hanmi Pharm/,Эм,V
Рироксбан шахмал 20мг №30 /Hanmi Pharm/,Эм,V
Рирокси шахмал 15 мг №30 /Chong Kun Dang/,Эм,V
Рирокси шахмал 20 мг №30 /Chong Kun Dang/,Эм,V
Роатан з/капс 10мг N30,Эм,E
РОКС Baby балжингарамтай шүдний оо 0-3нас 45гр,Бусад,D
РОКС Baby бананатай шүдний оо 45гр 0-3нас,Бусад,D
РОКС Black Edition дунд зэргийн үстэй шүдний сойз \0425\,Эмнэлгийн хэрэгсэл,D
"РОКС Kids бөөрөлзгөнө, гүзээл шүдний оо 3-7 нас 45гр \0517\",Бусад,D
РОКС Kids үлээдэг бохьтой шүдний оо 4-7нас 45гр \0876\,Бусад,D
РОКС PRO Gold Edition зөөлөн үстэй шүдний сойз,Эмнэлгийн хэрэгсэл,D
РОКС Teens гүзээлзгэнэтэй шүдний оо 8-18нас 74гр \1910\,Бусад,D
РОКС Teens кола лемонтой шүдний оо 8-18нас 74гр \1903\,Бусад,D
РОКС КЛАССИК дунд зэргийн үстэй шүдний сойз,Эмнэлгийн хэрэгсэл,D
РОКС КЛАССИК зөөлөн үстэй шүдний сойз \0128\,Эмнэлгийн хэрэгсэл,D
РОКС сойз junior зөөлөн үстэй  6-12нас \0753\,Эмнэлгийн хэрэгсэл,D
РОКС сойз pro brackets & Ortho зөөлөн үстэй \0708\,Эмнэлгийн хэрэгсэл,D
РОКС сойз teens дунд зэргийн үстэй 12-18нас\0746\,Эмнэлгийн хэрэгсэл,D
РОКС сойз энгийн зөөлөн үстэй \0159\,Эмнэлгийн хэрэгсэл,D
Роксера б/шахм 10мг N28,Эм,V
Роксера б/шахм 20мг N28,Эм,V
Рокситромицин 150 шахм 150мг N50,Эм,V
"Ронколейкин т/уусм 0,25 1мл N3",Эм,E
"Ронколейкин т/уусм 0,5 1мл N3",Эм,E
Ронколейкин т/уусм 1мг 1мл N3,Эм,E
Рото Лицее Ай Ваш дусал 450мл N1 /Rohto/,Хүнс,D
Рпомез капсул 20мг №30,Эм,V
Румалай гель 30гр,Нэмэлт/уламжлалт,D
Румалай Форте шахм N60,Нэмэлт/уламжлалт,D
Сабрил шахм 500мг N100,Эм,E
Сайтотек шахмал 200мкг №60 /Piramal Healthcare UK Limited/,Эм,V
Салиа соруулагч гуурс/тагтай/ Fr14 №1 /Ньюремеди/,Бусад,D
Салиа соруулагч гуурс/тагтай/ Fr16 №1 /Ньюремеди/,Бусад,D
Салимон /монос/ 50мл N1,Эм,E
Салицилтай /мөнх.тун/ тос/т 2% 20гр,Эм,E
"Салонпас наалт /өвдөлт намдаах/ 6,5*4,2см N10",Эмнэлгийн хэрэгсэл,D
Сальброн шахм 4мг N100,Эм,V
Сальбутамол АВ аэр 100мкг/200доз 7гр N1,Эм,V
Сальбутамол Инхалашн Аэрозол 100мкг /хур фарм/ N1,Эм,V
Самбай ариун 10x10cm N5 Medrul Swab gauze sterile,Бусад,D
Самбай ариун 5x5cm N5 Medrul Swab gauze sterile,Бусад,D
Самбай ариун 7.5x7.5cm N5 Medrul Swab gauze sterile,Бусад,D
Сампилноров /Х/ 0.5г N30 үрэл /Одь тан/,Нэмэлт/уламжлалт,D
Санвит Д3 дусал 2000ОУН 20мл N1,Эм,E
Санвит Д3 хөвм 2000ОУН 50мл N1,Эм,E
СанВит-Д3 б/шахм 50000 ОУН N30,Эм,V
Санг Кванг тосон клизм 20мл N1,Эм,E
Сандиммун Неорал капс 25мг N50,Эм,V
Сандиммун Неорал капс 50мг N50,Эм,V
Сандовит Д3 1000 IU N60,Бусад,D
Сандовит Д3 2000 IU N60,Бусад,D
Сандовит Д3 4000 IU N60,Бусад,D
Сандовит Д3+Mg+K2+B6 N30,Бусад,D
"Сандостатин т/уусм 0,1мг/мл 1мл N5",Эм,E
Сандостатин т/уусм 0.05мг/мл 1мл N5,Эм,V
Санитас гар ариутгагч гель нинжатай 30мл,Бусад,D
Санитас гарын хөөсөн саван cherry blossom 500мл,Гоо сайхан/ариун цэвэр,D
Санитас гарын хөөсөн саван ocean breeze 500мл,Гоо сайхан/ариун цэвэр,D
Санитас гарын шингэн саван алое 250мл,Гоо сайхан/ариун цэвэр,D
Санитас гарын шингэн саван лемон 250мл,Гоо сайхан/ариун цэвэр,D
Санитас хүүхдийн гарын шингэн саван 250мл,Гоо сайхан/ариун цэвэр,D
Санитол /Монхимо/ уусм 70%- 30мл N1,Бусад,D
Санлайф витамин ActiveForWork уус/шх 90гр N20,Нэмэлт/уламжлалт,D
Санлайф витамин В комплекс заж/ш N72,Бусад,D
Санлайф витамин Кальци+Д3 N150,Эм,E
Санлайф витамин Магний уус/шх 200мг N20,Эм,E
Санлайф Мультивитамин кидс заж/ш N60,Нэмэлт/уламжлалт,D
Санлайф Мультивитамин кидс уус/шх 80гр N20,Нэмэлт/уламжлалт,D
Санлайф Мультивитамин том хүн заж/ш N30,Нэмэлт/уламжлалт,D
Санприма хөв/н 240гр 30*2мл,Эм,V
Сантафер форте бүрх шахмал 100мг+ 0.35мг №30 /Santa Farma/,Эм,E
Сарлотан шахмал 100мг №30 /Chong Kun Dang Pharm/,Эм,E
Сарлотан шахмал 50мг №30 /Chong Kun Dang Pharm/,Эм,E
Сато грийн цэлцэгнүүр /хүүхэд/ 15гр №30 /Muromachi Chemical/,Бусад,D
Сахарын аппарат N1 /Yuwell/,Эмнэлгийн хэрэгсэл,D
Сахарын аппарат Sinocare,Эмнэлгийн хэрэгсэл,D
Сахарын тест Y330 N50 /Хятад/,Эмнэлгийн хэрэгсэл,D
Саяан гар ариутгагч 100мл Е витаминтай,Бусад,D
Саяан гар ариутгагч 100мл энгийн,Бусад,D
Саяан гар ариутгагч 500мл Е витаминтай,Бусад,D
Саяан гар ариутгагч 500мл энгийн,Бусад,D
Севофлуран 250мл N1,Эм,E
Сейроган шахм N100,Эм,E
Селен 100мкг N100,Бусад,D
Селф кэйр сойз Soft bristle,Эмнэлгийн хэрэгсэл,D
Сени дэвсгэр 60*60см N30,Эм,E
Сени живх L /100-150cm/ N30,Эмнэлгийн хэрэгсэл,D
Сени живх M  /100-150cm/ N30,Эмнэлгийн хэрэгсэл,D
Сенна гэдэс цэвэрлэх цай N24,Бусад,D
"СептаНазал кидс сп/х 5мг+0,05мг 10мл N1",Эм,E
"СептаНазал сп/х 5мг+0,1мг 10мл N1",Эм,E
Септидин 10% 300мл,Эм,V
Септилин сироп 100мл N1,Нэмэлт/уламжлалт,D
Септилин шахм N100,Нэмэлт/уламжлалт,D
Септолет тотал хүлх/ш лимон+зөгийн бал 3мг+1мг N16,Эм,E
Септолете Тотал Пастилки хүлх/ш N16,Эм,E
"Септолете Тотал сп 1,5мг/5мг 30мл N1",Эм,E
Септолете Тотал хүлх/ш нимбэг+гандигар N16,Эм,E
"СЕРЕЛАК каш (цагаан будаа, олон жимстэй), 6 сараас 250гр",Бусад,D
"СЕРЕЛАК каш (цагаан будаа, холимог ногоотой), 6 сараас 250гр",Бусад,D
"СЕРЕЛАК сахаргүй каш (цагаан будаатай), 6+ 200гр",Бусад,D
"Сертикан шахм 0,25мг N60",Эм,V
"Сертикан шахм 0,75мг N60",Эм,V
Сети шахм 100мг N30,Эм,V
Сети шахм 25мг N100,Эм,V
Сефтатиам СБ 1.5 1000мг+500мг /Mankind/,Эм,V
Сибрава т/уусм 284мг- 1.5мл N1,Эм,E
"Силвердэрм крем / мөнгө,тос / 1/100гр 450гр N1",Эм,E
Силвердэрм крем /мөнгө.тос/ 1г/100гр 25гр,Эм,V
Силверкант 250гр,Бусад,D
Силверкант 30гр /S Kant/,Бусад,D
Симбикорт Турбохэйлер Ингляцийн нунтаг 160/4.5µg тун №1 /Astra Zeneca AB/,Эм,V
Симбикорт Турбохэйлер Ингляцийн нунтаг 80/4.5µг/тун №1 /Astra Zeneca AB/,Эм,V
Симбринза нүдний дусал 10мг/мл+2мг/мл-5мл N1 /Alcon-Couvrier/,Эм,E
Симзо Халуун хэмжигч эмн/х зайнаас HW-F7 N1,Эмнэлгийн хэрэгсэл,D
Симулект 20мг N1,Эм,V
Синафлан /акр/ тос/т 0.025% 10гр,Эм,E
"Синафлан /алтай/ тос/т 0,025%- 10гр N1",Эм,E
Синафлан /ниж/ мазь 0.025% 10гр,Эм,E
Синглон б/шахм 10мг N28,Эм,V
Синглон б/шахм 4мг N28,Эм,V
Синглон заж/ш 5мг N28,Эм,V
Синекод дусал 5мг/мл 20мл,Эм,E
"Синекод сироп 1,5мг/мл 200мл",Эм,E
Синоб-акс шахм N10,Эм,E
Синтироксин шахм 25мкг N100,Эм,V
Синтомицин /алтай/ линимент 10% 25гр,Эм,E
Синтомицин /ниж/ линимент 10% 25гр,Эм,E
Синупрет дусал 100мл N1,Эм,E
Синупрет шахм N50,Эм,E
Синупрет экстракт шахм N20,Эм,E
Синусет шахмал 200мг №20x3 /Bhargava Phytolab/,Эмнэлгийн хэрэгсэл,D
Сиофор б/шахм 850мг N60,Эм,V
Сиофор шахмал 1000мг №30 /Berlin Chemie/,Эм,V
Сир Инсулины тариур /Bu kwang/ эмн/х 1мл N1,Эмнэлгийн хэрэгсэл,D
"Сисмекс Принтерийн цаас 5,5см",Бусад,D
Скафо тар/н 150мг N1,Эм,V
Скочин лент 2.5x500cm Avanti medical transparent,Бусад,D
Скочин пластырь наалт 1.25см*10см №1 homecare /Ньюремеди/,Эмнэлгийн хэрэгсэл,D
Скочин пластырь наалт 1.25см*5см №1 /Тэгш-Анар ХХК/,Эмнэлгийн хэрэгсэл,D
Скочин пластырь наалт 2.5см*10см №1 homecare /Ньюремеди/,Эмнэлгийн хэрэгсэл,D
Скочин пластырь наалт 2.5см*5см №1 /Тэгш-Анар ХХК/,Эмнэлгийн хэрэгсэл,D
Скочин пластырь наалт 5см*5см №1 /Тэгш-Анар ХХК/,Эмнэлгийн хэрэгсэл,D
Смартхит Витаминууд Д3 К2 30мл N1 /UAB Valentis/,Бусад,D
Смартхит Куркумин 150мл N1 /UAB Valentis/,Бусад,D
Снип шахм N20,Эм,E
"Снуп сп 0,1% 15мл",Эм,E
Снуп сп 0.05% 15мл,Эм,E
Сойзны хайрцаг /7876/,Эмнэлгийн хэрэгсэл,D
Сок Hello Baby-foods with mango 190гр N1,Бусад,D
Сок Hello Baby-foods with strawberry 190гр N1,Бусад,D
Сок шахдаг Hello baby food mango 85% 100гр N1,Бусад,D
Сок шахдаг Hello baby food strawberries 100% 100гр N1,Бусад,D
Солидагорен дусал 20мл N1,Эм,E
Солидагорен уусм 50мл N1,Эм,E
Солпадиен актив шахм 500мг+ 65мг N12,Эм,E
Сорбилакт тар/уус 200мл /Юрия-Фарма/,Бусад,D
Сорбилакт тар/уус 400мл /Юрия-Фарма/,Бусад,D
Сорвины тос N1  /Пожа Нова/,Бусад,D
Сороол-4 1г N15 тан эм /Одь тан/,Нэмэлт/уламжлалт,D
Сорох систем спринг 400мл-10fr,Бусад,D
Софкоф капс N20,Эм,E
Спектиномицин тар/н 2гр,Эм,V
Спемэн шахм N100,Эм,E
Спимат ногоон замаг 200мг шахм №1200,Эм,E
Спирометр автомат N1 /Хятад/,Бусад,D
Спиронолактон шахмал 25мг N100 /Towa Pharmaceutical/,Эм,V
Спирт денатурат спрей /50ус/ 70% 50мл,Эм,E
Спирттэй арчдас эмн/х N100,Бусад,D
Спирттэй арчдас эмн/х N100 /Hомесаre/,Бусад,D
Сплат avtive буйл эрүүлжүүлэх оо 40мл /4758/,Бусад,D
Сплат ам зайлагч sensitive Herbal complex 275мл \9999\,Бусад,D
Сплат ам зайлагч Кальцитай 275мл\5427\,Бусад,D
Сплат ам зайлагч Цайруулагчтай 275мл,Бусад,D
Сплат био 3000ш үстэй том толгойтой сойз дундаж /0423/,Эмнэлгийн хэрэгсэл,D
Сплат био аюулгүй цайруулж паалан хамгаалах ОО 100гр фторгүй /0058/,Бусад,D
Сплат био буйл эрүүлжүүлж бэхжүүлэх ОО 100гр /2589/,Бусад,D
Сплат био цайруулж буйл хамгаалахм модны нүүрстэй ОО 100гр /0424/,Бусад,D
Сплат био япон сувдаар дүүргэсэн цайруулах сойз /0393/,Эмнэлгийн хэрэгсэл,D
Сплат оо  Juicy Cherry kids toothpaste \4901\,Бусад,D
Сплат оо active 100мл \1108\,Бусад,D
Сплат оо Biocalcium 100мл,Бусад,D
Сплат оо Biocalcium 40мл 4789,Бусад,D
Сплат оо Blackwood 75мл \1856\,Бусад,D
Сплат оо Extreme white 75мл \1016\,Бусад,D
Сплат оо Green tea 100мл,Бусад,D
Сплат оо Juicy eiscreme kids toothpaste,Бусад,D
Сплат оо Juicy ice cream kids toothpaste \4925\,Бусад,D
Сплат оо Juicy олон жимст kids toothpaste 35ml \4949\,Бусад,D
Сплат оо Likvum-gel 100мл \1122\,Бусад,D
Сплат оо Medical herbal 40мл,Бусад,D
Сплат оо Medical herbs 100мл \1139\,Бусад,D
Сплат оо Professional sensitive 100мл,Бусад,D
Сплат оо Ultracomplex 100мл,Бусад,D
Сплат оо Ultracomplex 40мл,Бусад,D
Сплат оо White plus 100мл,Бусад,D
Сплат оо white plus 40мл \4802\,Бусад,D
"Сплат оо буйл хамгаалж,шүд цооролтоос сэргийлэх 100мл /0414/",Бусад,D
Сплат оо гүзээлзгэнэ интоорын амттай 6 нас биоктив 50мл N1,Бусад,D
Сплат оо жимсний амттай АЕ витаминтай 6-11 нас 55мл N1,Бусад,D
Сплат оо жимсний зайрмагны амттай 2-6 нас 50мл N1,Бусад,D
сплат оо кофе өнгөр арилгагч 75мл \1704\,Хүнс,D
Сплат оо паалан бэхжүүлэх хүчтэй гаатай 80мл N1,Бусад,D
"Сплат оо паалан бэхжүүлэх,буйлны үрэвсэл 100мл /5869/",Бусад,D
Сплат оо паалан цайруулах үйлчилгээтэй гаатай  80мл N1,Бусад,D
Сплат оо цайруулж сэнгэнэсэн амьсгал мэдрүүлэх 100мл /5890/,Бусад,D
Сплат сойз Sensitive medium,Эмнэлгийн хэрэгсэл,D
Сплат сойз Whitening hard,Эмнэлгийн хэрэгсэл,D
Сплат сойз Whitening medium,Эмнэлгийн хэрэгсэл,D
Сплат сойз бактер үржүүлэхгүй 2 түвшинт нарийн үстэй N1,Эмнэлгийн хэрэгсэл,D
Сплат сойз Бактери үржихээс 99% хамгаална 2-8 нас N1,Эмнэлгийн хэрэгсэл,D
Сплат сойз бактери үржихээс 99% хамгаална 4+ нас Splat junior N1,Эмнэлгийн хэрэгсэл,D
Сплат сойз ганц эвэрт сувдан 4+ нас N1,Эмнэлгийн хэрэгсэл,D
Сплат сойз Ганц эвэрт тунгалаг бактери үржүүлжхгүй 5+ нас N1,Эмнэлгийн хэрэгсэл,D
Сплат сойз медиум шар,Эмнэлгийн хэрэгсэл,D
Сплат тусгай зориулалтын зөөлөн моно сойз /8741/,Эмнэлгийн хэрэгсэл,D
Сплат шүдний аппараттай хүмүүст зориулсан зөөлөн сойз /8550/,Эмнэлгийн хэрэгсэл,D
"Сплат шүдний завсарын сойз, гааны амттай хэмжээ /8536/",Эмнэлгийн хэрэгсэл,D
Спонекс капсул 100мг №30 /Dongkoo Bio/,Эм,V
"Стандарт бэлгэвч япон  0,01мм 3ш",Бусад,D
Стем цем. L *1 Түнх [127-723/26] эмн/х N1,Эмнэлгийн хэрэгсэл,D
Стем цем. L *2 Түнх [127-725/26] эмн/х N1,Эмнэлгийн хэрэгсэл,D
Стем цем. L *3 Түнх [127-721/26] N1,Бусад,D
Стем цем. L *3 Түнх [127-727/26] эмн/х N1,Эмнэлгийн хэрэгсэл,D
Стем цем. L *4 Түнх [127-729/26] эмн/х N1,Эмнэлгийн хэрэгсэл,D
Стем цем. R *1 Түнх [127-722/26] эмн/х N1,Эмнэлгийн хэрэгсэл,D
Стем цем. R *2 Түнх [127-724/26] эмн/х N1,Эмнэлгийн хэрэгсэл,D
Стем цем. R *3 Түнх [127-720/26] N1,Бусад,D
Стем цем. R *3 Түнх [127-726/26] эмн/х N1,Эмнэлгийн хэрэгсэл,D
Стем цем. R *4 Түнх [127-728/26] эмн/х N1,Эмнэлгийн хэрэгсэл,D
Стем цем. R *4A Түнх [127-738/26] эмн/х N1,Эмнэлгийн хэрэгсэл,D
Стем энг. L/R *10 Түнх [165-014/26] эмн/х N1,Эмнэлгийн хэрэгсэл,D
Стем энг. L/R *14 Түнх [165-018/26] эмн/х N1,Эмнэлгийн хэрэгсэл,D
Стем энг. L/R *15 Түнх [165-019/26] N1,Бусад,D
Стем энг. L/R *15 Түнх [165-019/26] N1 /Линк/,Бусад,D
Стем энг. L/R *16 Түнх [165-020/26] эмн/х N1,Эмнэлгийн хэрэгсэл,D
Стем энг. L/R *8 Түнх [165-012/26] эмн/х N1,Эмнэлгийн хэрэгсэл,D
Стем энг. L/R *9 Түнх [165-013/26] эмн/х N1,Эмнэлгийн хэрэгсэл,D
Стем энг. L/R *XX Түнх [292-126/26] эмн/х N1,Бусад,D
Стем энг. L/R *XX Түнх [292-127/26] эмн/х N1,Бусад,D
Стоп колд шахм 500мг+30мг+2мг+50мг N60,Эм,E
Стопдиар б/шахм 100мг N24,Эм,V
Стопдиар хөвм 220мг/5мл 90мл,Эм,V
Стреп А түргэвчилсэн тест кассет N1 /Hangzhou/,Эмнэлгийн хэрэгсэл,D
Суга таяг хос №1 /New Remedy/,Эмнэлгийн хэрэгсэл,D
Суга таяг хос OC-2111 /L/ №1 /New Remedy/,Эмнэлгийн хэрэгсэл,D
Суга таяг хос OC-2111 /M/ №1 /New Remedy/,Эмнэлгийн хэрэгсэл,D
Суга таяг хос OC-2111 /S/ №1 /New Remedy/,Эмнэлгийн хэрэгсэл,D
Судасны оймс OC-2012 47.5-52.5см /M/ №1 /Flamingo/ /Ascent meditech/,Бусад,D
Судасны оймс OC-2012 52.5-57.5см /L/ №1 /Flamingo/ /Ascent meditech/,Бусад,D
Судасны оймс OC-2012 57.5-65см /XL/ №1 /Flamingo/ /Ascent meditech/,Бусад,D
Судасны оймс OC-2012 65-70см /2XL/ №1 /Flamingo/ /Ascent meditech/,Бусад,D
Судасны оймс OC-2012 70-75см /3XL/ /Flamingo/ №1,Бусад,D
Судокрем крем 125гр N1 /Teva/,Бусад,D
Судокрем крем 60гр N1 /Teva/,Бусад,D
Сульфасалазин б/шахм 500мг N50,Эм,V
Сумамед бүрхүүлтэй шахмал 500мг №3 /Teva/,Эм,V
Супер Альбумин капс 1500мг N200,Эм,V
СуперГард үзлэгийн бээлий М /50 хос/ N100,Эмнэлгийн хэрэгсэл,D
СуперОрто 04-013 Шууны чиг,Бусад,D
СуперОрто 09-006 Хөлийн чиг зүүн,Эмнэлгийн хэрэгсэл,D
СуперОрто 09-007 Хөлийн чиг баруун,Бусад,D
СуперОрто А1-002 Хүзүүний хүүхдийн зөөлөн чиг,Эмнэлгийн хэрэгсэл,D
СуперОрто А5-009 Жирэмсний бүс S /28-33''/ 1 бүстэй,Бусад,D
Супмакс С нунт N60 1000мг №30 /Elbi/,Эм,E
Супрадин Иммуно С 1000мг №15 /уусдаг шахмал/,Эм,E
Супрадин кидс Иммуно заж/паст N30,Бусад,D
Супрадин кидс Иммуно заж/паст N60,Нэмэлт/уламжлалт,D
Супрадин кидс Мишки заж/паст N30,Эм,E
Супрадин кидс Рыбки заж/паст N30,Нэмэлт/уламжлалт,D
Супрадин кидс Рыбки заж/паст N60,Бусад,D
Сүгмэл-3 /Х/ 1г N15 тан эм /Одь тан/,Нэмэлт/уламжлалт,D
Сүүн хүчлийн бактерийн хүч нунт 60гр N30,Эм,E
Сүүн шүдний оо 1+ нас гүзээлзгэнэ,Бусад,D
сүүн шүдний оо 1+ нас ксилитол,Бусад,D
сүүн шүдний оо 1+ нас усан үзэм,Бусад,D
Сүүний амттай сорбиттой вафли 100 гр /3996/,Бусад,D
Сэрүүцүүлэгч дэр 14 цаг /0345/,Бусад,D
Сэрүүцүүлэгч дэр зөөлөн /0352/,Бусад,D
Сэрүүцүүлэгч наалт гелэн /4763/,Эмнэлгийн хэрэгсэл,D
Сэфти Хоёр туйлт түнхий толгой 832846/Just medical/,Бусад,D
Сэфти Хоёр туйлт түнхий толгой 832847/Just medical/,Бусад,D
Сэфти Хоёр туйлт түнхий толгой 832848/Just medical/,Бусад,D
Сэфти Хоёр туйлт түнхий толгой 832849/Just medical/,Бусад,D
Сэфти Хоёр туйлт түнхий толгой 832850/Just medical/,Бусад,D
Сэфти Хоёр туйлт түнхий толгой 832851/Just medical/,Бусад,D
Таван үр үрэл N120,Нэмэлт/уламжлалт,D
Тавипек капсул 150мг N30 /Fabric/,Эм,E
Тагара /Sleep wellness/ капс 250мг N60,Эм,E
Тадалафил 20 мг нунт N10,Эм,E
"Тазин тар/н 4,5гр N1",Эм,V
Тайленол 500мг зөөлөн капсул N24 /Johnson&Johnson/,Эм,E
Тайленол Өдөр/Шөнө каплет 325мг+2мг+10мг+5мг №24 /Johnson&Johnson/,Эм,E
Тайлол Колд сироп 160мг+1мг 100мл,Эм,E
Тайлол хот N12,Эм,E
Тайлол хот хүүхдийн N12,Эм,E
"Тамедин линимент гель 2,5% 30гр N1",Эм,V
Тамедин тос/т 10% 10гр N1,Эм,V
"Тамедин уусм 0,7% 100мл N1",Эм,V
"Тамедин уусм 0,7% 300мл N1",Эм,V
"Тамедин уусм 2,5% 300мл N1",Эм,V
"Тамедин уусм 7,5% 300мл N1",Эм,V
Тамивир капсул 30мг №10,Эм,V
Тамивир капсул 45мг №10,Эм,V
Тамивир капсул 75мг №10,Эм,V
Тамофен б/шахм 10мг N60,Эм,V
Тамсол шахм 4мг N30,Эм,V
Тарваган шийр /түш/ шахм 10мг N10,Эм,E
Тарианы хөвөн /монад/,Эм,E
Тарианы хөвөн /мөнх.тун/ N1,Бусад,D
Тарианы хөвөн N20 /Монос/,Бусад,D
Тарианы хөвөн/ариутгалын/ 70% спирттэй N20,Бусад,D
Тарилгын наалт/30мм*72мм/ №1 /Young Chemical/,Эмнэлгийн хэрэгсэл,D
Тарилгын нэрмэл ус /ivco/ т/уусм 100мл N1,Эм,E
Тариур [Тэгш-Анар] эмн/х 10гр №1,Эмнэлгийн хэрэгсэл,D
Тариур [Тэгш-Анар] эмн/х 3гр №1,Эмнэлгийн хэрэгсэл,D
Тариур [Тэгш-Анар] эмн/х 5мл №1,Эмнэлгийн хэрэгсэл,D
Тариур [Тэгш-Анар] эмн/х 60мл N1,Эмнэлгийн хэрэгсэл,D
Тариур /Bu kwang/ эмн/х 5гр N1,Эмнэлгийн хэрэгсэл,D
Тариур /Монэнзим-Мед/ эмн/х 10гр N1,Эмнэлгийн хэрэгсэл,D
Тариур /Монэнзим-Мед/ эмн/х 1гр N1,Эмнэлгийн хэрэгсэл,D
Тариур /Монэнзим-Мед/ эмн/х 20гр N1,Эмнэлгийн хэрэгсэл,D
Тариур /Монэнзим-Мед/ эмн/х 3гр N1,Эмнэлгийн хэрэгсэл,D
Тариур /Монэнзим-Мед/ эмн/х 5гр N1,Эмнэлгийн хэрэгсэл,D
Тариур 50мл зүүтэй №1,Эмнэлгийн хэрэгсэл,D
Тариур эмн/х 3гр N1 /Дэлгэрэх Цоморлиг/,Эмнэлгийн хэрэгсэл,D
Тароментин б/шахм 1000мг N14,Эм,V
Тароментин ууж хэрэглэх хөвмөл бэлтгэх нунтаг 400 мг + 57 мг №1 /Tarchomin/,Эм,V
Тароментин шахм 625мг N14,Эм,V
Тархины тэжээл Ginkgo Leaf Extract №100 /6894/,Бусад,D
Тархины тэжээл Ginkgo Leaf Extract №200 /6900/,Бусад,D
Татуурга /Gillette/ N5,Бусад,D
Тауфон нүд/дус 4% 5мл,Эм,E
Таяг сунадаг WR-411 №1 /New Remedy/,Эмнэлгийн хэрэгсэл,D
Таяг сунадаг хараагүй хүний  №1 /New Remedy/,Эмнэлгийн хэрэгсэл,D
Таяг хараагүй хүний 853,Эмнэлгийн хэрэгсэл,D
Тебантин капс 300мг N100,Эм,V
Тегретол 200 мг N100,Бусад,D
Тегретол-СР шахмал 200 мг №50,Эм,E
Текадриол 600 шахмал N20,Эм,E
Текназол капс 100мг N15,Эм,V
Телвас-40 шахм 40мг N30,Эм,V
Телвас-80 шахм 80мг N30,Эм,V
Телмиста 40мг N28,Эм,V
Телмиста 80мг N28,Эм,V
"Температур, чийг хэмжигч /электрон/ №1",Эмнэлгийн хэрэгсэл,D
"Тенотен/том хүн/ шахм 0,003гр N40",Эм,E
"Тенотен/хүүхэд/ шахм 0,003гр N40",Эм,E
Тенсира б/шахм 150мг N30,Эм,V
Тенсира б/шахм 300мг N30,Эм,V
Теотард капс 200мг N40,Эм,V
Терафлекс N120,Нэмэлт/уламжлалт,D
Терафлекс N30,Нэмэлт/уламжлалт,D
Терафлекс N60,Нэмэлт/уламжлалт,D
Терафлекс Адванс капс N60,Нэмэлт/уламжлалт,D
Терафлекс Ультра капсул №60 /Байер/,Эм,E
Терафлекс хондрокрем форте крем 30гр N1,Эм,E
Терафлю лимон нунт N10,Эм,E
Тержинан үт/шахм N10,Эм,E
Тержинан үт/шахм N6,Эм,E
Тетрациклин /галентик/ нүд/түр 1% 5гр N1,Эм,V
Тетрациклин нүд/түр 1% 3гр N1,Эм,V
Тивортин дуслын шингэн 42мг-100мл N1 /Юрия-Фарма/,Эм,E
Тийрс натураль нүд/дус 15мл,Эм,E
Тикаса б/шах 90мг №56 sample,Бусад,D
Тикаса стандарт бодис,Бусад,D
Тимонил ретард шахмал 400мг N100 /Desitin/,Эм,E
Тинидазол б/шахм 500мг N4,Эм,E
Тинидазол д/шин 100мл,Эм,E
Тиовис шахм 600мг N30,Эм,E
Тиозид тарилгын уусмал 4мг/2мл N6 /IDOL/,Нэмэлт/уламжлалт,D
Тиозид шахмал 8мг N20 /Нобел/,Эм,E
Тиоцетам т/уусм 5мл N10,Эм,E
Тирозол б/шахм 10мг N50,Эм,V
Тирозол б/шахм 5мг N50,Эм,V
Тнолэ 50мг капсул N30,Эм,E
ТобраВис Комбо нүд/дус 1мг+3мг 5мл N1,Эм,V
ТобраВис нүд/дус 3мг/мл 5мл N1,Эм,V
Тобрадекс нүд/дус 5мл N1,Эм,E
"Тобрекс нүд/дус 0,3% 5мл N1",Эм,V
Товаст шахмал 20мг №30 /Hanmi Pharm/,Эм,V
Товаст шахмал 40мг №30 /Hanmi Pharm/,Эм,V
Тогоо энг. size 46 S Түнх [182-001/46] эмн/х N1,Эмнэлгийн хэрэгсэл,D
Тогооны дундын ялтас 52mm №1 548870 /Just medical/,Бусад,D
Токоферолын ацетат бүрхүүлтэй шахмал 50мг N100 /Towa/,Хүнс,D
Толгой кер. size 32 L+4 Түнх [128-932/03] эмн/х N1,Эмнэлгийн хэрэгсэл,D
Толгой кер. size 32 S-4 Түнх [128-932/01] эмн/х N1,Эмнэлгийн хэрэгсэл,D
Толгой кер. size 36 M*0 Түнх [128-936/02] эмн/х N1,Эмнэлгийн хэрэгсэл,D
Толгой кер. size 36 S-4 Түнх [128-936/01] эмн/х N1,Эмнэлгийн хэрэгсэл,D
Толгой мет. size 28 L+4 Түнх [128-828/03] эмн/х N1,Эмнэлгийн хэрэгсэл,D
Толгой мет. size 32 L+4 Түнх [128-832/03] эмн/х N1,Эмнэлгийн хэрэгсэл,D
Толгой мет. size 32 M*0 Түнх [128-832/02] эмн/х N1,Эмнэлгийн хэрэгсэл,D
Толгой мет. size 32 XL [128-832/04] эмн/х N1,Бусад,D
Толгой мет. size 36 M*0 Түнх [128-836/02] N1,Бусад,D
Толгой мет. size 36 S-4 Түнх [128-836/01] эмн/х N1,Эмнэлгийн хэрэгсэл,D
Толгойны торон боолт эмн/х N1,Эмнэлгийн хэрэгсэл,D
"Толь /үзлэгийн нэг удаагийн, L/ M",Бусад,D
Толь /үзлэгийн нэг удаагийн/ M,Бусад,D
Толь /үзлэгийн нэг удаагийн/ S,Эм,E
Том хүний живх Come for Love L 10ш,Эмнэлгийн хэрэгсэл,D
Том хүний живх XL №10,Эмнэлгийн хэрэгсэл,D
Том хүний живх дэвсдэг comefor love L /нова /,Эмнэлгийн хэрэгсэл,D
Том хүний живх дэвсдэг comefor love M /нова /,Эмнэлгийн хэрэгсэл,D
Том хүний живх өмсдөг comefor love L /нова /,Эмнэлгийн хэрэгсэл,D
Том хүний живх өмсдөг comefor love M /нова /,Эмнэлгийн хэрэгсэл,D
Том хүний живх өмсдөг comefor love XL /нова/,Эмнэлгийн хэрэгсэл,D
Тометрол шахм 16мг N30,Эм,V
Тометрол шахм 4мг N30,Эм,V
Тонзилгон Н уусм 100мл N1,Эм,E
Тонзилмон спрей сп/х 30мл N1,Эм,E
Тонзилотрен А шахмал 250мг N40,Эм,E
Топ каш Алим Ванил Овьёос 200гр 6045906,Бусад,D
Топ каш Алим Гадил Жүрж 200гр 6045607,Бусад,D
Топ каш Алим Лийр Олон үрийн овьёос 200гр 6046108,Бусад,D
Топ сүү органик /ямааны /х/сүү 400гр №2 6018602,Бусад,D
Топ сүү органик /ямааны/ х/сүү 400гр №1 6018502,Бусад,D
Топ сүү органик №1 х/сүү 600гр,Бусад,D
Топ сүү органик №1 х/сүү 600гр 6053101,Бусад,D
Топ сүү органик №2 х/сүү 600гр,Бусад,D
Топ сүү органик №2 х/сүү 600гр 6053201,Бусад,D
Топ сүү органик №3 х/сүү 600гр,Бусад,D
Топамакс Спринкл капс 50мг №60,Эм,V
Топамакс шахм 25мг N28,Эм,V
Топамакс шахм 25мг №60 /Janssen/,Эм,V
Тор ази /жижиг/ N1,Бусад,D
Тор ази /мини/ №1 25*15,Бусад,D
Тор ази /том/ N1,Бусад,D
Торамат б/шахм 25мг N60,Эм,V
Торамат б/шахм 50мг N60,Эм,V
Торас Денк шахм 10мг N30,Эм,V
Торас Денк шахм 5мг N30,Эм,V
"Торенто Ку-таб шахм 0,5мг N30",Эм,V
Торенто Ку-таб шахм 1мг N30,Эм,V
Тосон клизм Ichijiku (0-5 нас) 10мл N4,Эм,E
Тосон клизм Ichijiku (5-12 нас) 20мл N2,Эм,E
Тосон клизм Ichijiku 30Е (нугаламтай) 30мл N2,Эм,E
Тосон сетка 20*80,Бусад,D
Тосон түрхлэг жүрж /3548/,Эм,E
Тосон түрхлэг манго /3586/,Эм,E
Тосон түрхлэг ойн жимс /3616/,Эм,E
Тотема уусм 10мл N20,Эм,E
Тофф Плюс капс N20,Эм,E
Төөнүүр утаагүй N5 /Хятад/,Бусад,D
Төөнүүр утаатай №10 /Ньюремеди/,Бусад,D
Төрсөний дараах бүс хятад / дэвжих /,Бусад,D
Трамадол Денк т/уусм 100мг/мл 2мл N5,Эм,V
Трамадол Денк уус/шх 50мг N10,Эм,V
Трамадол капс 50мг N20,Эм,V
Трамадол т/уусм 100мг 2мл N5,Эм,V
Транексамийн хүчил тарилгын уусмал 100мг/мл-5мл N5 /Lekhim Kharkiv/,Эм,V
Транексамын хүчил т/уусм 100мг/мл- 5мл N10,Эм,V
Транлок- 500 шахм 500мг N100,Эм,V
Транлок-500 т/уусм 5мл N5,Эм,V
Трахисан хүлх/ш N20,Эм,E
Триам т/уусм 40мг 1мл N10,Эм,V
Тригел хөвм 10мл N20,Эм,E
"Тридокс крем 0,5мг+10мг+1мг 15гр",Эм,E
Трилептал сироп 60мг/мл - 100мл N1,Эм,V
Трилептал хальсан бүрхүүлтэй шахм 300мг N100,Эм,V
Трилептал хальсан бүрхүүлтэй шахм 600мг N100,Эм,V
Трилептал хальсан бүрхүүлтэй шахм шахм 150мг N100,Эм,V
Тримедат 100 мг N10,Бусад,D
Тримексазол /монос/ шахм 500мг N10,Эм,E
Тримексазол шахм 480мг N10,Эм,V
Трифамокс IBL Дуо б/шахм 875мг/ 125мг N14,Эм,E
Трифас 10мг №30 шахмал /Берлин Хеми/,Эм,V
Трифас 5мг №30 шахмал /Берлин Хеми/,Эм,V
Трогил б/шахм 500мг N50,Эм,V
"Тройная Омега -3 950мг  ЗПК и ДГК, N50",Нэмэлт/уламжлалт,D
Троксерутин капс 300мг N50,Эм,E
Тромбопол бүрхүүлтэй шахмал 150мг №60 /Pharmaceutical/,Эм,V
Тромбопол бүрхүүлтэй шахмал 75мг N60 /Polpharma/,Эм,V
Тугалчинхүү-Ануужин 100% Коллагентай тос 125мл,Нэмэлт/уламжлалт,D
Тунгалаг лент N6 Perfect care,Бусад,D
Тунгалаг-5 1г N15 талх эм /Одь тан/,Нэмэлт/уламжлалт,D
Түгжээт шураг HTO 5.0x24 №1 549211 /JUST MEDICAL/,Бусад,D
Түгжээт шураг HTO 5.0x30 №1 549214 /JUST MEDICAL/,Бусад,D
Түгжээт шураг HTO 5.0x32 №1 549215 /JUST MEDICAL/,Бусад,D
Түгжээт шураг HTO 5.0x34 №1 549216 /JUST MEDICAL/,Бусад,D
Түгжээт шураг HTO 5.0x38 №1 549218 /JUST MEDICAL/,Бусад,D
Түгжээт шураг HTO 5.0x42 №1 549220 /JUST MEDICAL/,Бусад,D
Түгжээт шураг HTO 5.0x44 №1 549221 /JUST MEDICAL/,Бусад,D
Түгжээт шураг HTO 5.0x46 №1 549222 /JUST MEDICAL/,Бусад,D
Түгжээт шураг HTO 5.0x50 №1 549224 /JUST MEDICAL/,Бусад,D
Түгжээт шураг HTO 5.0x55 №1 549225 /JUST MEDICAL/,Бусад,D
Түгжээт шураг HTO 5.0x60 №1549226 /JUST MEDICAL/,Бусад,D
Түгжээт шураг HTO 5.0x65 №1 549227 /JUST MEDICAL/,Бусад,D
Түлэнхийн боолт 200мм*200мм №1 /BurnShield/,Эмнэлгийн хэрэгсэл,D
Түлэнхийн боолт 600мм*400мм №1 /BurnShield/,Эмнэлгийн хэрэгсэл,D
Түлэнхийн жин 10см * 10см 40гр N1,Бусад,D
Түлэнхийн наалт Burn care 20см *20см N1 /Roosin/,Эмнэлгийн хэрэгсэл,D
Түлэнхийн тосон сетка 20*80 №1,Бусад,D
Түнхний багц эмн/х /1удаагийн/ N1,Бусад,D
Тэнтэкс Роял капс N10,Нэмэлт/уламжлалт,D
Тэхийн шээг ургамал 10гр N1 /Одь тан/,Бусад,D
Увидасу зөгийн балтай хар сармис 580гр,Бусад,D
Увидасу сахар бууруулагч цай 125гр 25ш,Бусад,D
Увидасу уушги боргоцойн ундаа 250мл,Хүнс,D
Увидасу хар сармисны ундаа 250мл,Хүнс,D
Увидасу хордлого тайлах ундаа 250мл,Хүнс,D
Увидасу элэгний эмч цай 125гр 25ш,Бусад,D
Угаадаг сальфетка T-Duck,Бусад,D
Уколик б/шахм 300мг N30,Эм,V
Улавч /1 удаагийн/,Эмнэлгийн хэрэгсэл,D
Уламжлалтын зүү 30*40 N10 /Солонгос/,Эмнэлгийн хэрэгсэл,D
Уламжлалтын зүү 30*40 №20,Эмнэлгийн хэрэгсэл,D
Ултик-Кит шахм 30мг+500мг+250мг N7,Эм,E
УЛТРА ОМЕГА-3 Зэрлэг яргай загас гель N90 /Premium/,Нэмэлт/уламжлалт,D
Улькавис б/шахм 120мг N112,Эм,E
Улькавис б/шахм 120мг N56,Эм,E
Ультрокс Бүрхүүлтэй шахмал 10мг №28 /Нобел/,Эм,E
Ультрокс Бүрхүүлтэй шахмал 20мг №28 /Нобел/,Эм,E
Ундаа VitaminC Sparkling 0.5л N1,Хүнс,D
Универсал булууны арын нэмэлт 3# 10mm №1 549334 /Just medical/,Нэмэлт/уламжлалт,D
Универсал булууны арын нэмэлт 3# 5mm №1 549335 /Just medical/,Нэмэлт/уламжлалт,D
Универсал булууны арын нэмэлт 4# 10mm №1 549332 /Just medical/,Нэмэлт/уламжлалт,D
Универсал булууны арын нэмэлт 4# 5mm №1 549333 /Just medical/,Нэмэлт/уламжлалт,D
Универсал булууны арын нэмэлт 5# 10mm №1 549330 /Just medical/,Нэмэлт/уламжлалт,D
Универсал булууны арын нэмэлт 5# 5mm №1 549331 /Just medical/,Нэмэлт/уламжлалт,D
Универсал булууны арын нэмэлт 6# 10mm №1 549328 /Just medical/,Нэмэлт/уламжлалт,D
Универсал булууны арын нэмэлт 6# 5mm №1 549329 /Just medical/,Нэмэлт/уламжлалт,D
Унна тосон түрхэц 100гр N1 /Өлзий дэн/,Бусад,D
Унна тосон түрхэц 50гр N1 /Өлзий дэн/,Бусад,D
Уранитин шинг 1500мг- 10мл N30,Эм,E
Ургамал Хатаасан Цагаан мөөг 10гр N1,Эм,E
Ургамал Хатаасан Юмдүүжин 10гр N1,Эм,E
Ургана шампуунь 500мл,Бусад,D
Урдестон шахм 100мг N10 /Аялфарм/,Эм,V
Урдестон шахм 100мг N10 /Това/,Эм,E
Урифаст №14,Бусад,D
Урокэйр нунт 3гр N1,Эм,E
Уронефрон шахмал 188мг N60 /Farmak/,Эм,E
Уропа б/шахм 0.4мг N30 /Мөнхийн тун/,Эм,V
Уропрост шахм 12мг+250мг+ 5мг N60,Эм,E
Уроцин шахмал 5мг №30 /Ildong Pharmaceutical/,Эм,E
Урса капс 250мг N30,Эм,V
Урсобил 500мг N100,Эм,V
Урсобил капсул 250мг №100 /ABC Farmaceutici/,Эм,V
Урсокапс капс 250мг N50,Эм,V
Урсомон /монос/ капс 250мг N50,Эм,V
Урсомон 100 мг капсул N50 /Монос/,Эм,V
Урсосан капс 250мг N50,Эм,V
Урсофальк капс 250мг N100,Эм,V
Уруул өнгөлөгч Glicemille SPF15,Бусад,D
Уруул өнгөлөгч Glicemille SPF20,Бусад,D
Уруулын эмчилгээний тос /1746/,Бусад,D
Ус супер H20 /Биеийн шингэн нөхдөг/ N1,Бусад,D
Ус эрдэсжүүлэгч 10ш /5913/,Бусад,D
Усаар шүд цэвэрлэгч N1,Гоо сайхан/ариун цэвэр,D
Усаар шүд цэвэрлэгч плас N1,Гоо сайхан/ариун цэвэр,D
Усны темпартур хятад / дэвжих/,Бусад,D
устгах BB Kitty Lotion issue №40 /QUANZHOU SUN CARE/,Бусад,D
Устгах Новопен 4 инсулины үзэг N5 /Nova Nordisk/,Эм,E
устгахВим мед Өндөг хатгагч N100 1288,Бусад,D
Устөрөгчийн хэт ислийн уусмал /50 ус / 3%- 40мл N1,Эм,E
Утлагын аппарат машинтай улаан /8777/,Эмнэлгийн хэрэгсэл,D
Утлагын аппарат нохойтой/Цахиур Төмөр/,Эмнэлгийн хэрэгсэл,D
Утрогестан 100мг N30,Эм,E
"Уураг, витаминтай цэлцэгнүүрт ундаа N1 /1358/",Хүнс,D
Уургийн цэлцэгнүүрт ундаа N1,Хүнс,D
Уутан тор - черокий хослол,Бусад,D
Уушги цэвэрлэх бэлдмэл 200мл №1,Бусад,D
Уушиг цэвэрлэх цай жижиг 20г N10 /Одь тан/,Бусад,D
Уушиг цэвэрлэх цай том 40г N20 /Одь тан/,Бусад,D
"Уян бинт 15см*4,5м N1 /Дэлгэрэх Цоморлиг/",Бусад,D
Уян боолт 10см*4.5м /Homecare/,Эмнэлгийн хэрэгсэл,D
"Уян боолт 15*4,5/нягт/",Эмнэлгийн хэрэгсэл,D
Уян боолт 15см*4.5м /Homecare/,Эмнэлгийн хэрэгсэл,D
"Уян боолт дунд /зузаан/ эмн/х 10см*4,5м N1",Эмнэлгийн хэрэгсэл,D
"Уян боолт дунд /зузаан/ эмн/х 10см*4,5м №1",Эмнэлгийн хэрэгсэл,D
"Уян боолт дунд 10см*4,5м N1",Эмнэлгийн хэрэгсэл,D
"Уян боолт жижиг /зузаан/ эмн/х 7,5см*4,5м N1",Эмнэлгийн хэрэгсэл,D
"Уян боолт жижиг /зузаан/ эмн/х 7,5см*4,5м №1",Эмнэлгийн хэрэгсэл,D
"Уян боолт жижиг 7,5см*4,5м",Эмнэлгийн хэрэгсэл,D
"Уян боолт зузаан /Лийр/ 7,5см*4,5см №1",Эмнэлгийн хэрэгсэл,D
"Уян боолт зузаан 10см*4,5см N1 /Тэгш-Анар/",Эмнэлгийн хэрэгсэл,D
"Уян боолт сийрэг 10см*4,5см №1 /Ньюремеди/",Эмнэлгийн хэрэгсэл,D
"Уян боолт сийрэг 15см*4,5см N1 /Тэгш-Анар/",Эмнэлгийн хэрэгсэл,D
"Уян боолт сийрэг 7,5см*4,5см №1 /Ньюремеди/",Эмнэлгийн хэрэгсэл,D
"Уян боолт том /зузаан/ эмн/х 15см*4,5м N1 -",Эмнэлгийн хэрэгсэл,D
"Уян боолт том /зузаан/ эмн/х 15см*4,5м №1 +",Эмнэлгийн хэрэгсэл,D
"Уян боолт том 15см*4,5м №1 /Аюур тун/",Эмнэлгийн хэрэгсэл,D
Уян дрилл Стандарт Багаж 8500020237 №1,Бусад,D
Уян зүү /BU KWANG/ 22G №1,Эмнэлгийн хэрэгсэл,D
Уян зүү /BU KWANG/ 24G №1,Эмнэлгийн хэрэгсэл,D
Уян зүү 18Ж N1,Эмнэлгийн хэрэгсэл,D
Уян зүү 20Ж N1,Эмнэлгийн хэрэгсэл,D
Уян зүү 22 Ж N1,Эмнэлгийн хэрэгсэл,D
Уян зүү 24 Ж N1,Эмнэлгийн хэрэгсэл,D
Уян зүү 24G 0.7*19мм №1 /Тэгш-Анар/,Эмнэлгийн хэрэгсэл,D
Уян зүү 24G N1 /Тэгш-Анар/,Эмнэлгийн хэрэгсэл,D
Уян зүүний наалт 6.5*8см Farmapore N1,Эмнэлгийн хэрэгсэл,D
Уян зүүний наалт 6*7 №1,Эмнэлгийн хэрэгсэл,D
Уян зүүний наалт 6*8 №1,Эмнэлгийн хэрэгсэл,D
Уян зүүний таг N1 /Хятад/,Эмнэлгийн хэрэгсэл,D
үе мөчний тос урга 100гр,Бусад,D
Үзлэгийн бээлий /Sritrang/size-L N50 хос,Эмнэлгийн хэрэгсэл,D
Үзлэгийн бээлий ариун L,Эмнэлгийн хэрэгсэл,D
Үзлэгийн бээлий ариун M,Эмнэлгийн хэрэгсэл,D
Үзлэгийн бээлий ариун S,Эмнэлгийн хэрэгсэл,D
Үрэл аньс /мөнх.тун/ N50,Бусад,D
Үрэл аньсвит /50ус/гр N50,Бусад,D
Үрэл витамин С /монос / 50мг N50,Эм,V
Үрэл витамин С /мөнх.тун/ N50,Бусад,D
Үрэл витамин С /тавин-ус/ №1,Эм,E
Үрэл нэрс /50ус/ N50,Бусад,D
Үрэл чацаргана /50ус/ N50,Эм,E
Файкома хальсан бүрхүүлтэй шахм 4.2мг N28,Эм,E
Файн өөх хайлуулагч 3781ш N150,Бусад,D
Файн хөлний улны наалт N6,Эмнэлгийн хэрэгсэл,D
Файн шөнийн коллаген /7375/,Нэмэлт/уламжлалт,D
Фаринго спрей оранж 20мл N1,Эм,E
Фаринго спрэй 20мл N1,Эм,E
Фаринго Чупс хүлх/ш 200гр N25,Эм,E
Фарингомед шахм N20,Эм,E
Фарингосепт лимон хүлх/ш 10мг N20,Эм,E
Фарингосепт хүлх/ш 10мг N20,Эм,E
Фариностим хүлх/ш N40,Нэмэлт/уламжлалт,D
"Фарматекс эм/лаа 18,9мг N10",Эм,E
Фастро капсул N20 /PT.Pertiwi Agung/,Эм,E
"Фастум гель 2,5%- 50гр N1",Эм,E
Фезам капс 400мг+ 25мг N60,Эм,E
Фексофенадин гидрохлорид “ТОВА” шахм 60мг N100,Эм,E
Фемилекс лаа үт 100мг N10,Эм,E
Фенза капс N30,Эм,E
Фенистил гель 30гр,Эм,E
"Фенистил Нью дусал 0,1% 20мл",Эм,E
Фенкарол шахм 10мг N20,Эм,E
Фенкарол шахм 25мг N20,Эм,E
Фенкарол шахм 50мг N15,Эм,E
Фенофибрат-ОТТО б/шахм 160мг N30,Эм,E
Феросом форте дусаалга 30мл N1,Эм,E
Феросом Форте капсул 30мг +70мг N20 /United Pharma/,Эм,E
Феросом форте нунтаг нунт N20,Эм,E
Ферро витал Денк заж/ш N30,Эм,E
Ферро-Денк 50мг N50,Бусад,D
Ферровит капс N50,Эм,V
Феррум лек заж/ш 100мг N30,Эм,E
Феррум лек сироп 5мг/5мл 100мл,Эм,E
Феррум лек т/уусм 100/2мл N5,Эм,E
Фертило Леди Капс Денк капсул №60 /Денк фарма/,Эм,E
"Фертило форте капс 46,7гр N60",Нэмэлт/уламжлалт,D
Фесцетам капс 400+ 25мг N60,Эм,E
Фиксеф 400мг хальсан бүрхүүлтэй шахмал №10 /Deva/,Эм,V
Филжен т/уусм 30ОУН N1,Эм,E
Фитком сироп 200мл N1,Нэмэлт/уламжлалт,D
"Фитне кофе Q10, L карнитин N10",Хүнс,D
Фитне кофе with L-Carnitine 110гр № 10,Хүнс,D
Фитне кофе колланген 150гр N10,Хүнс,D
Фитне кофе цагаан шош 150гр N10,Хүнс,D
"Фитне кофе эслэг, каллогентай N10",Хүнс,D
Фитне ногоон цай N15,Бусад,D
Фитне цай /гүзээлзгэнэ/ 12ш,Бусад,D
Фитне цай оригинал  N20,Бусад,D
Фитне цай үхрийн нүдтэй 15ш,Бусад,D
"Фитогипноз /Нойрсолт дэмжих/ шахм 0,52гр N20 4431",Эм,E
"Фитолакс/Эвалар/ гэдэс цэвэрлэх шахм 0,5гр N40 5834",Эм,E
Фиш ойл з/капс 1000мг N120,Эм,E
Фиш ойл з/капс 1000мг N60,Эм,E
Фиш ойл з/капс 1200мг N90,Эм,E
Флавамед 15мг/5мл-100мл,Эм,V
Флавамед макс 60мг №10 уусгаж хэрэглэх шахмал,Эм,V
Флавамед форте 30мг/5мл-100мл,Эм,V
Флавамед шахм 30мг №20,Эм,V
Флагатроп т/уусм 0.6мг/мл 1мл N10,Эм,V
Флагтубет т/уусм 50мг/мл 2мл N10,Эм,E
Флаксид ойл 1000мг N120,Бусад,D
Флаксид ойл 1000мг N60,Бусад,D
Флебодиа б/шахм 600мг N30,Эм,E
Флексид б/шахм 500мг N10,Эм,V
Флузол 150мг N2,Эм,V
Флузол 50мг N7,Эм,V
Флузол шахм 100мг N10,Эм,V
Флукона Денк капс 100мг N10,Эм,V
Флукона Денк шахм 150мг N1,Эм,V
Флуконазол 0.2г/100мл N1,Эм,V
Флуконазол СТЕЛЛА капсул 150мг №1 /Stellapharm/,Эм,V
Флуоцинонид крем  2.5мг - 10г №1 /Tianjin/,Эм,E
Флюдитек сироп 20мг/мл 125мл,Эм,E
Флюдитек сироп 50мг/мл 125мл,Эм,E
Флюконазол д/шин 100мл,Эм,V
Флюлесс 200мг N20,Эм,V
Флюлесс нунт 600мг N20,Эм,V
Флюлесс нунтаг 100мг-3г N20 /Монос/,Эм,V
"Фолат  400 мкг, N50",Бусад,D
Фолиевая кислота N100,Бусад,D
Фолийн хүчил / Ремедика / 5мг N100,Эм,V
Фолийн хүчил шахм 800мкг N180,Эм,V
Фолио форте шахмал 800мкг №120 /SteriPharm Export/,Эм,E
Формула СНА фитомелатонин8149 N30,Нэмэлт/уламжлалт,D
Форсига б/шахм 10мг N28,Эм,V
"Фортедетрим витамин D3 10,000 ОУН N30",Эм,V
"Фортедетрим витамин D3 4,000 ОУН N30",Эм,V
Фостер аэр 100+ 6мкг N1,Эм,V
Фосфомицин N1,Бусад,D
Фотагел сус 20мл N20,Эм,E
Фотрикс 1г №1,Бусад,D
Фреш Ай нүдний дусал 10мл N1 /BKRS/,Эм,E
Фройка Suncare Emulsion 0959 50мл,Бусад,D
Фройка батгатай арьсны нарны тос 0942 SPF 50 40мл,Бусад,D
Фройка каламайн лосьон 0223 125мл,Гоо сайхан/ариун цэвэр,D
Фройка Скаргель 40мл,Бусад,D
Фройка сорвины эсрэг силикон гель /0229/ 20мл,Бусад,D
Фройка Сорвины эсрэг силикон гель SP50+ /0243/ 15мл,Бусад,D
Фромилид Уно шахм 500мг N14,Эм,V
Фромилид хөвм 125мг/5мл 30*2мл,Эм,V
Фромилид шахм 250мг N14,Эм,V
Фромилид шахм 500мг N14,Эм,V
Фрутта няня жүүс олон жимст 200мл /7564/,Бусад,D
Фрутта няня жүүс олон жимст 500гр /7809/,Бусад,D
Фрутта няня каш алим банана гүз-гэнэ 200гр /2827/,Бусад,D
"Фрутта няня каш алим бөөрөлзгөнө, эрдэнэ шиш 190гр /5705/",Бусад,D
"Фрутта няня каш алим, банана, овьёос 200гр /2841/",Бусад,D
"Фрутта няня каш алим, хад, интоор 200гр /2810/",Бусад,D
"Фрутта няня каш алим,гүзээзлзгэнэ, эрдэнэ шиш /2490/",Бусад,D
Фрутта няня каш олон жимст 200гр /0588/,Бусад,D
"Фрутта няня мини хлеб будаа жигнэмэг 30гр /алим, тоор/",Хүнс,D
Фрутта няня мини хлеб будаа жигнэмэг 30гр /алим/,Хүнс,D
"Фрутта няня палочки 20гр /алим, банана/",Бусад,D
"Фрутта няня палочки 20гр /алим, манго/",Бусад,D
"Фрутта няня палочки 20гр /алим, нэрс/",Бусад,D
"Фрутта няня печень алим, гүзээлзгэнэ 120гр /9865/",Бусад,D
Фрутта няня печень овьёос үр жимс 120гр /0779/,Бусад,D
"Фрутта няня печень овьёос, үр тариа 50гр /0090/",Бусад,D
Фрутта няня печень олон жисмт 120гр /0410/,Бусад,D
Фрутта няня печень олон үр 120гр /0403/,Бусад,D
"Фрутта няня хатаасан жимс /алим, бөөрөлзгөнө/ 16гр",Бусад,D
"Фрутта няня хатаасан жимс /алим, гүзээлзгэнэ/ 16гр",Бусад,D
Фузид хөвм 30*2мл,Эм,V
Фунгибан капс 150мг N1,Эм,V
Фунгинов капс 150мг N1,Эм,V
Фунгинов капс 50мг N7,Эм,V
Фунгостатин хөвмөлийн нунтаг 100.000 ОУН/мл-60мл N1 /Nobel/,Эм,V
"Фунспор 150мг, №1 /капсул/",Эм,V
Фурадонин 50мг N20,Эм,V
Фурасол нунт 100мг N5,Эм,E
Фуро-Денк 40 шахмал 40 мг №100,Эм,V
Фуроксетил б/шахм 250мг N100,Эм,V
Фуросемид /ivco/ тар/у/н 1% 2мл N1,Эм,V
Фуросемид шахмал 40мг N100 /Towa Pharmaceutical/,Эм,V
Хаггис Baby Wipes тайвшруулах салфетка 72ш ягаан,Гоо сайхан/ариун цэвэр,D
"Хаггис Baby Wipesэмзэг арьсны,чийгшүүлэх салфетка 64ш ногоон",Гоо сайхан/ариун цэвэр,D
Хаггис maxdry  L 9-13кг  N60ш,Бусад,D
Хаггис maxdry M 7-10кг N72ш,Бусад,D
Хаггис maxdry NB 3-4.5кг N68,Бусад,D
Хаггис maxdry S 4-8кг N58,Бусад,D
Хаггис maxdry XL 11-16кг 50ш,Бусад,D
Хаггис гүн цэвэрлэгээнд зориулсан хүүхдийн салфетка 72ш улаан,Гоо сайхан/ариун цэвэр,D
Хаггис М 5-9 кг №76,Бусад,D
Хаггис н/сальф Aleo vera ногоон /0595/ N64,Бусад,D
Хаггис н/сальф Aleo vera ногоон N64 /9990/,Бусад,D
Хаггис н/сальф Aleo vera цэнхэр /0618/ N64,Бусад,D
Хаггис н/сальф Aleo vera шар /0601/ N64,Бусад,D
Хаггис платинум L 10-14кг N20,Эмнэлгийн хэрэгсэл,D
Хаггис платинум M 7-11кг N24,Эмнэлгийн хэрэгсэл,D
Хаггис платинум M 7-11кг N54,Эмнэлгийн хэрэгсэл,D
Хаггис платинум NB 5кг N24,Эмнэлгийн хэрэгсэл,D
Хаггис платинум № 0 0-4кг N30,Бусад,D
Хаггис платинум №2 N70,Бусад,D
Хаггис платинум №4 N74,Бусад,D
Хаггис Платинум №5 12-18кг N70,Бусад,D
Хаггис платинум S 3-8кг 24,Эмнэлгийн хэрэгсэл,D
Хаггис платинум XL 11-18кг N46,Эмнэлгийн хэрэгсэл,D
Хаггис платинум XL 12-18кг N20,Эмнэлгийн хэрэгсэл,D
Хай хай сүү 0-9 сар 130гр,Бусад,D
Халва газрын самар жимсний бүрхүүлтэй 50гр /5761/,Бусад,D
Халва наран цэцгийн жимсний бүрхүүлтэй 50гр /5754/,Бусад,D
Халдаг наалт 10ш Глюкозаминтай,Эмнэлгийн хэрэгсэл,D
Халуун бууруулах наалт /8987/,Эмнэлгийн хэрэгсэл,D
Халууны шил [Тэгш-Анар] эмн/х N1,Бусад,D
Халууны шил /Дижитал/ N1,Бусад,D
Халууны шил уян [Тэгш-Анар] эмн/х N1,Бусад,D
Халууны шил уян T-Quick [Тэгш-Анар] эмн/х N1,Бусад,D
Хамар угаагч баллон 200мл /T-CLEAN/ №1 /Тэгш-Анар ХХК/,Бусад,D
Хамар угаагч баллон №1 /Waterpulse Shanghai/,Бусад,D
Хамар угаагч давс 2.2гр №30 /T-CLEAN/ /Тэгш-Анар ХХК/,Бусад,D
Хамар угаагч давс №30 /Waterpulse Shanghai/,Бусад,D
Хамгаалалтын комбинзон эмн/х нэг удаа N1,Бусад,D
Хамгаалалтын хувцасны улавч /комбинзон/ N2,Эмнэлгийн хэрэгсэл,D
Хамрын үнэртүүлэгч гавар ванилтай /0769/,Бусад,D
Хамрын үнэртүүлэгч гавар жүржтэй /0394/,Бусад,D
Хамрын үнэртүүлэгч гавар лемонтой /0677/,Бусад,D
Хамрын үнэртүүлэгч гавар манго /0738/,Бусад,D
Хамрын үнэртүүлэгч гавар ойн жимстэй /0707/,Бусад,D
Хамрын үнэртүүлэгч гавар үндсэн /0219/,Бусад,D
Хамрын үнэртүүлэгч гавар хүчтэй /1131/,Бусад,D
Ханиад томууны анагаагч цай N20,Бусад,D
Ханиад томууны багц /хүүхэд/,Бусад,D
Ханми тамс капсул 0.4мг №30 /Hanmi Pharm/,Эм,V
Ханомицин [ Самжин ] тар/н 1гр N10,Эм,V
Хар гааны ханд Black Ginger /2265/,Бусад,D
Хармони Жийрэг 10 градус 10# 58/832868 /Just medical/,Эмнэлгийн хэрэгсэл,D
Хармони Жийрэг 10 градус 11# 60/32 832869 /Just medical/,Эмнэлгийн хэрэгсэл,D
Хармони Жийрэг 10 градус 12# 62/32 832870 /Just medical/,Эмнэлгийн хэрэгсэл,D
Хармони Жийрэг 10 градус 3# 44/28 832852 /Just medical/,Эмнэлгийн хэрэгсэл,D
Хармони Жийрэг 10 градус 3# 44/28 832853 /Just medical/,Эмнэлгийн хэрэгсэл,D
Хармони Жийрэг 10 градус 4# 46/28 832853 /Just medical/,Бусад,D
Хармони Жийрэг 10 градус 5# 48/28 832854 /Just medical/,Эмнэлгийн хэрэгсэл,D
Хармони Жийрэг 10 градус 6# 50/32 832864 /Just medical/,Эмнэлгийн хэрэгсэл,D
Хармони Жийрэг 10 градус 7# 52/32 832865 /Just medical/,Эмнэлгийн хэрэгсэл,D
Хармони Жийрэг 10 градус 8# 54/32 832866 /Just medical/,Эмнэлгийн хэрэгсэл,D
Хармони Жийрэг 10 градус 9# 56/32 832867 /Just medical/,Эмнэлгийн хэрэгсэл,D
Хармони Тогоо (DDH) 44 832798 /Just medical/,Эмнэлгийн хэрэгсэл,D
Хармони Тогоо (DDH) 46 832799 /Just medical/,Эмнэлгийн хэрэгсэл,D
Хармони Тогоо (стандарт) 48 832800 /Just medical/,Эмнэлгийн хэрэгсэл,D
Хармони Тогоо (стандарт) 50 832801 /Just medical/,Эмнэлгийн хэрэгсэл,D
Хармони Тогоо (стандарт) 52 832802 /Just medical/,Эмнэлгийн хэрэгсэл,D
Хармони Тогоо (стандарт) 54 832803 /Just medical/,Эмнэлгийн хэрэгсэл,D
Хармони Тогоо (стандарт) 56 832804 /Just medical/,Эмнэлгийн хэрэгсэл,D
Хармони Тогоо (стандарт) 58 832805 /Just medical/,Эмнэлгийн хэрэгсэл,D
Хармони Тогоо (стандарт) 60 832806 /Just medical/,Эмнэлгийн хэрэгсэл,D
Хармони Тогоо (стандарт) 62 832807 /Just medical/,Эмнэлгийн хэрэгсэл,D
Харт манн шингэн д/шин 500мл N1,Бусад,D
Хатигны наалт 1г №3,Эмнэлгийн хэрэгсэл,D
Хатрик шахм 5мг N30,Эм,V
Хважин Зүү 20Ж эмн/х 20гр N1,Эмнэлгийн хэрэгсэл,D
Хважин Зүү 21Ж эмн/х 10гр N1,Эмнэлгийн хэрэгсэл,D
Хважин Зүү 22Ж эмн/х 5гр N1,Эмнэлгийн хэрэгсэл,D
Хважин Зүү 23Ж эмн/х 3гр N1,Эмнэлгийн хэрэгсэл,D
Хважин тариур 10гр №1,Эмнэлгийн хэрэгсэл,D
Хважин тариур 1гр №1,Эмнэлгийн хэрэгсэл,D
Хважин тариур 20гр №1,Эмнэлгийн хэрэгсэл,D
Хважин тариур 3гр №1,Эмнэлгийн хэрэгсэл,D
Хважин тариур 5гр №1,Эмнэлгийн хэрэгсэл,D
Хважин тариур эмн/х 1гр N1,Эмнэлгийн хэрэгсэл,D
Хважин тариур эмн/х 20гр N1,Эмнэлгийн хэрэгсэл,D
Хеверт Витамин Д3 шахм 1000 ОУН N50,Эм,V
Хеверт Витамин Д3 шахм 4000ОУН N60,Эм,V
Хелпарон бүрх шахмал 25мг №100,Эм,E
Хепато капс 12.5мг + 50мг N30,Эм,E
Хербакоф сироп 15мл N24 /PT Ferron /,Эм,E
Хербион Naturals Neem гарын саван 250мл N1,Гоо сайхан/ариун цэвэр,D
Хербион Naturals Neem нүүрний угаах гель 100мл N1,Бусад,D
Хербион Naturals Neem Шавар Маск 100мл N1,Бусад,D
Хербион Пластыр эмн/х 19мм*72мм N10,Эмнэлгийн хэрэгсэл,D
Хербион чихэр зөгийн бал лимон /сахаргүй/ N25,Бусад,D
Херзума 440мг тарилгын нунтаг + тарилгын ус №1 (Celltrion INC),Эм,V
Хигия бөөс/эсрэг шампунь 1% 120гр,Эм,V
Хиймэл арьс 10*10см /Neoderm/ №1 /Everaid/,Бусад,D
Хиймэл арьс Гидроколлоид наалт 10х10 см Farmactive hydro /Итали/,Эмнэлгийн хэрэгсэл,D
Хиймэл арьс Гидроколлоид наалт 5х7.5 см Farmactive hydro,Эмнэлгийн хэрэгсэл,D
Хиймэл арьс Фоам наалт наалддаг ирмэгтэй 10х10 см Farmactive /Итали/,Эмнэлгийн хэрэгсэл,D
Хиймэл нулимс /Well fresh нүд/дус tears/ 0.5% 10мл N1,Эм,E
Хиймэл нулимс /дефислёз/ 10мл,Эм,E
Хиймэл нулимс Optinol 0.4%-10мл нүд/дус /Jadran/,Бусад,D
Хиймэл нулимс Optinol гүн чийгшүүлэгчтэй 0.21%-10мл нүд/дус /Jadran/,Бусад,D
Хиймэл шүд ариутгагч 30ш,Бусад,D
Хиймэл шүд цэвэрлэгч №96,Гоо сайхан/ариун цэвэр,D
Хиймэл шүдний зориулалтын сав,Бусад,D
Хиконцил капс 500мг N16,Эм,V
Хиконцил сир/нун 250мг/5мл 100мл,Эм,V
Хиконцил шахм 250мг N16,Эм,V
Химплази N60,Бусад,D
Хисамицу Локспрофен эмчилгээний наалт 100мг /4312/,Эмнэлгийн хэрэгсэл,D
Хлорамфеникол /монос/ капс 500мг N10,Эм,V
Хлорамфеникол /мөнх.тун/ шахм 500мг N10,Эм,V
Хлорамфеникол /энси/ капс 500мг N10,Эм,V
Хлоргексидин глюконат 4% 500мл гарын шингэн саван N1,Гоо сайхан/ариун цэвэр,D
Хлорфенамин шахм 4мг N20,Эм,E
Ходоодны зонд PVC 8FR N1 /Хятад/,Бусад,D
Ходоодны силикон зонд Fr10 №1 /Homecare/,Бусад,D
Ходоодны силикон зонд Fr8 №1 /Homecare/,Бусад,D
Хомхойн наалт N15 Medrull Herpes patch,Эмнэлгийн хэрэгсэл,D
Хондроксид тос/т 5% 30гр,Нэмэлт/уламжлалт,D
Хонсе шахм 500мг N100,Эм,E
Хоолойн хүлхмэл sag №12,Бусад,D
Хоргүйжүүлэх H2 ус,Бусад,D
"Хоросол /50ус/ 11,2гр N1",Эм,E
"Хоросол 200 /50 ус/ 4,1гр N1",Эм,E
Хоросол нунт 200мг N1,Эм,E
Хоросол+Проб+Преб+Цайр N10 ORSalts Neosante /Португаль/,Бусад,D
Хөвөн 50гр /Ихтөгөл/,Бусад,D
Хөвөн фарм трейд  №1,Бусад,D
Хөвөн эмн/х 50гр,Бусад,D
Хөвөн эмн/х 50гр /Ньюремеди/ №1,Эм,E
Хөл дулаацуулагч L /0468/,Эм,E
"Хөл дулаацуулагч,халаагч /0451/",Эм,E
Хөлийн дүрлэг хүүхэд 220г /Одь тан/,Бусад,D
Хөлийн дүрлэг эмт 5 рашаан 220г /Одь тан/,Бусад,D
Хөлийн дүрлэг эмэгтэйчүүд 220г /Одь тан/,Бусад,D
Хөлийн эрхий хурууны хамгаалалт OC-2497 №1 /Ascent meditech/,Бусад,D
Хөрөөний ир эмн/хэр (1.2*120*90*14) /Hefei Wuyang Medical/,Бусад,D
Хөрөөний ир эмн/хэр (1.2*120*90*22) /Hefei Wuyang Medical/,Бусад,D
Хөх өргөгч 5см*5м /ParAid/ №1,Бусад,D
Хөхний памперс шар N60 /3777/,Бусад,D
Хөхний саалтуур 100мл /ньюремеди/ №1 /Simeiyunying/,Бусад,D
Хөхний саалтуур/ зузаахай/ N1,Бусад,D
Хөхний сүү хадгалах уут 120мл 25уут,Бусад,D
Хөхний сүү хадгалах уут N25,Бусад,D
Хөхний сүү хадгалах уут N50,Бусад,D
Хөхүүл үеийн амин дэмDHC Perfect Supplement V & M Nursing капс N120,Нэмэлт/уламжлалт,D
Хуванцар хошуу [фирсон] эмн/х N1,Бусад,D
Хувцас зайлагч шингэн 2.1л /Lion Corp./ дис,Бусад,D
"Хувцасны будаг, Хар , 230гр /7131/",Бусад,D
хумсны хутга А625R,Бусад,D
хумсны хутга А6611-2,Бусад,D
хумсны хутга А6611-5,Бусад,D
Хумсны хутга ком хүүхдийн 0+ сар / PETERBOO/,Бусад,D
Хумсны хутга томруулдаг шилтэй 0+ сар /гранд төгс ха/,Бусад,D
Хумсны хутга энгийн 0+ сар яагаан /Best-BB/ /гранд төгс ха/,Бусад,D
Хунчиртай эрүүл мэндийн тоник /хор саармагжуулах бүтээгдэхүүн/ N5,Бусад,D
Хуонс Добутамин гидрохлорид 250мг-5мл №10,Бусад,D
Хуруу лент 72мм*19мм N100,Бусад,D
Хуруу лент 72мм*22мм Non-woven N100 /Нахиа/,Бусад,D
Хуруу лент №100,Бусад,D
Хуруу лент №100 олон төрөл,Бусад,D
"Хуруу лент Sheer Emergency 7,2см*19см N50",Бусад,D
Хуруу лент олон төрөл N16 Band care,Бусад,D
Хуруу лент солонгос N100 ACE bandage transparent,Эмнэлгийн хэрэгсэл,D
Хурууны лент Хүүхдийн шивээсэн Medrull Mimi kids N10,Бусад,D
Хурууны чиг /L/ №1 /Flamingo/ /Ascent meditech/,Бусад,D
Хурууны чиг /M/ №1 /Flamingo/ /Ascent meditech/,Бусад,D
Хурууны чиг /S/ №1 /Flamingo/ /Ascent meditech/,Бусад,D
Хурууны чиг L N1,Бусад,D
Хурууны чиг M N1,Бусад,D
Хурууны чиг PD-322 (L) №1,Бусад,D
Хурууны чиг PD-322 (M) №1,Бусад,D
Хурууны чиг PD-322 (S) №1,Бусад,D
Хуурайшилтай үсэнд зориулсан ангижруулагч 400мл /Lion Corp./ дис,Гоо сайхан/ариун цэвэр,D
Хуурайшилтай үсэнд зориулсан шампунь 400мл /Lion Corp./ дис,Гоо сайхан/ариун цэвэр,D
Хуурайшилтай үсэнд зориулсан шампунь 400мл /Lion Corp./+,Гоо сайхан/ариун цэвэр,D
"Хуян,мөрний өвчин намдаах наалт 13х9 №12 /Henan Kangdi Medical Device Company/",Эмнэлгийн хэрэгсэл,D
Хүзүү мөр амраагч /0475/,Эмнэлгийн хэрэгсэл,D
Хүүхдийн живх BB KITTY L №1,Эмнэлгийн хэрэгсэл,D
Хүүхдийн живх BB KITTY L-46ш №1,Эмнэлгийн хэрэгсэл,D
Хүүхдийн живх BB KITTY M-52ш №1,Эмнэлгийн хэрэгсэл,D
Хүүхдийн живх BB KITTY NB-32ш №1,Эмнэлгийн хэрэгсэл,D
Хүүхдийн живх BB KITTY S-60ш №1,Эмнэлгийн хэрэгсэл,D
Хүүхдийн живх BB KITTY XL-44ш №1,Эмнэлгийн хэрэгсэл,D
Хүүхдийн живх BB KITTY XXL-40ш №1,Эмнэлгийн хэрэгсэл,D
Хүүхдийн живх өмсдөг BB KITTY L №1,Эмнэлгийн хэрэгсэл,D
Хүүхдийн живх өмсдөг BB KITTY L-46ш №1,Эмнэлгийн хэрэгсэл,D
Хүүхдийн живх өмсдөг BB KITTY M-48ш №1,Эмнэлгийн хэрэгсэл,D
Хүүхдийн живх өмсдөг BB KITTY XL-44ш №1,Эмнэлгийн хэрэгсэл,D
Хүүхдийн живх өмсдөг BB KITTY XXL-40ш №1,Эмнэлгийн хэрэгсэл,D
Хүүхдийн маск /6630/,Бусад,D
Хүүхдийн нойтон салфетка BB KITTY-20ш №1,Гоо сайхан/ариун цэвэр,D
Хүүхдийн нойтон салфетка BB KITTY-80ш №1,Гоо сайхан/ариун цэвэр,D
Хүүхдийн тосгууртай энгэрэвч /8058/,Бусад,D
"Хүүхдийн үсний даахиралт арилгах шампунь-бальзам Витамин В5-тэй 3+, 350 мл",Гоо сайхан/ариун цэвэр,D
Хүүхдийн хоолны шахдаг халбага /8881/,Бусад,D
Хүүхдийн шампуунь BB KITTY GIRL №1,Бусад,D
Хүүхдийн шүдний оо B&B Rasebery 80гр,Бусад,D
хүүхдийн шүдний оо Ампамен 40гр,Бусад,D
Хүүхдийн шүдний оо гүзээлзгэнэтэй 80гр,Бусад,D
Хүүхдийн шүдний сойз 4-6нас /Lion Corp./ дис,Эмнэлгийн хэрэгсэл,D
Хүүхдийн шүдний сойз 7-12нас /Lion Corp./дис,Эмнэлгийн хэрэгсэл,D
Хүүхдийн шүлсэвч /6531/,Бусад,D
Хүүхдийн энгэрэвч /6524/,Бусад,D
Хүчилтөрөгчийн аппаратны усны сав N1,Эмнэлгийн хэрэгсэл,D
Хүчилтөрөгчийн коктейл /аягатай/,Бусад,D
Хүчилтөрөгчийн маск баллонтой heavy өндөр даралтад /0050/,Бусад,D
Хүчилтөрөгчийн маск баллонтой mint /0036/,Бусад,D
Хүчилтөрөгчийн маск баллонтой regular /0043/,Бусад,D
Хүчилтөрөгчийн маск баллонтой цэнхэр,Бусад,D
Хүчилтөрөгчийн хамрын гуурс / S /№1,Бусад,D
Хүчилтөрөгчийн хамрын гуурс L №1 /Homecare/,Бусад,D
Хүчилтөрөгчийн цилиндрийн эмн/х хошуу 779-0100-02 N1,Бусад,D
Хэвлийн бүс JYK-E006 L N1 /Osky Medical/,Бусад,D
Хэл дарагч мод N1 /Homecare/,Эм,E
Хэлний өнгөр цэвэрлэгч /1122/,Гоо сайхан/ариун цэвэр,D
Хэлний өнгөр цэвэрлэгч /1191/,Гоо сайхан/ариун цэвэр,D
Хэлний өнгөр цэвэрлэх сойз хусагчтай 6187,Эмнэлгийн хэрэгсэл,D
Хээлэн арцтай хатуу шампунь,Гоо сайхан/ариун цэвэр,D
Хээлэн бие угаагч бээлий,Эмнэлгийн хэрэгсэл,D
Хээлэн биеийн хуурай сойз,Эмнэлгийн хэрэгсэл,D
Хээлэн ванны давс,Бусад,D
Хээлэн гангатай хатуу шампунь,Гоо сайхан/ариун цэвэр,D
Хээлэн гарын тэжээлийн тос,Бусад,D
"Хээлэн кофе, какоатой нүүр биеийн саван",Хүнс,D
Хээлэн мянгат эсгий саван,Гоо сайхан/ариун цэвэр,D
Хээлэн нохойн хошуун тостой уруулын тэжээлийн тос,Бусад,D
Хээлэн нүүрстэй нүүр биеийн саван,Гоо сайхан/ариун цэвэр,D
"Хээлэн овъёос, зөгийн балтай нүүр биеийн саван",Гоо сайхан/ариун цэвэр,D
Хээлэн толбо арилгагч саван,Гоо сайхан/ариун цэвэр,D
Хээлэн угаалгын органик саван,Гоо сайхан/ариун цэвэр,D
Хээлэн халгайтай ванны бөмбөг,Бусад,D
Хээлэн халгайтай нүүр биеийн саван,Гоо сайхан/ариун цэвэр,D
"Хээлэн халгайтай үс, хуйхны тэжээлийн тос",Бусад,D
Хээлэн халгайтай эмчилгээний тос,Бусад,D
Хээлэн хатуу ангижруулагч,Гоо сайхан/ариун цэвэр,D
Хээлэн хуйх гүн цэвэрлэх хатуу шампунь,Гоо сайхан/ариун цэвэр,D
Хээлэн хулсан сам,Бусад,D
Хээлэн хүүхдийн массажны шингэн тос,Бусад,D
Хээлэн хүүхдийн нүүр биеийн саван,Гоо сайхан/ариун цэвэр,D
Хээлэн хүүхдийн тэжээлийн өтгөн тос,Бусад,D
Хээлэн хүүхдийн хатуу шампунь,Гоо сайхан/ариун цэвэр,D
Хээлэн чацарганатай биеийн шингэн тос,Бусад,D
Хээлэн чацарганатай ванны бөмбөг,Бусад,D
Хээлэн чацарганатай нүүр биеийн саван,Гоо сайхан/ариун цэвэр,D
Хээлэн чацарганатай уруулын тэжээлийн тос,Бусад,D
Хээлэн чацарганатай хатуу шампунь,Гоо сайхан/ариун цэвэр,D
Хээлэн шавартай нүүр биеийн саван,Гоо сайхан/ариун цэвэр,D
"Хээлэн шампунь, ангижруулагчны том сав",Гоо сайхан/ариун цэвэр,D
Цаасан лент 1.25x500 см Avanti medical sensitive,Бусад,D
Цаасан лент 2.5x500 см Avanti medical sensitive,Бусад,D
Цаасан пластыр 1.25см*10м №1 /Ньюремеди/,Бусад,D
Цаасан пластыр 2.5см*9.1см №12 /Tom and Jerry/,Бусад,D
"Цавуутай уян боолт эмн/х /Coban/ 3M 50мм*4,5мм N1",Эмнэлгийн хэрэгсэл,D
Цайр DHC капс 15мг N30,Эм,E
Цайр шахмал 50мг №180 /FACTORS/,Эм,E
"Цайр, пантенол агуулсан живхний хамгаалалтын тос 0+; 100мл №1 /Natura Siberica/",Эмнэлгийн хэрэгсэл,D
Цайрын исэл /монэнз/ тос/т 10% 20гр N1,Эм,V
Цайрын исэлтэй тосон түрхэц 10% 20гр N1 /Монос/,Эм,V
Цайрын шахм 10мг N100,Эм,V
Цедоксил капсул 500мг №30 /Hawon Pharmaceutical/,Эм,V
Цементгүй стем 11x120 №1 548970 /Just medical/,Эмнэлгийн хэрэгсэл,D
"Цементгүй стем 2.5, 10x80 №1 549541 /Just medical/",Эмнэлгийн хэрэгсэл,D
"Цементгүй стем 2.5, 11x80 №1 548974 /Just medical/",Эмнэлгийн хэрэгсэл,D
"Цементгүй стем 2.5, 12x80 №1 549540 /Just medical/",Эмнэлгийн хэрэгсэл,D
"Цементгүй стем 2.5, 14x120 №1 549533 /Just medical/",Эмнэлгийн хэрэгсэл,D
"Цементгүй стем 2.5, 14x80 №1 549539/Just medical/",Эмнэлгийн хэрэгсэл,D
"Цементгүй стем 5, 14x80 №1 549521 /Just medical/",Эмнэлгийн хэрэгсэл,D
Церебролизин 5мл N5,Эм,E
Церебролизин т/уусм 10мл N5,Эм,E
Церебролизин тарилгын уусмал 2мл N10 /Ever Neuro/,Эм,E
Цереброфорт Голд сироп 100мл,Эм,E
Церетон капс 400мг N28,Эм,E
Церетон т/уусм 250мг/мл 4мл N5,Эм,E
Цесарин тос 30гр №1 /Тэгш-Анар ХХК/,Бусад,D
Цетриноб шахм 10мг N10,Эм,V
Цефавит Д3 шахмал 1000ОУН №60,Эм,E
Цефазолин /энси/ тар/н 1гр,Эм,V
Цефазолин 1гр N1,Эм,V
Цефазолин-Акос тар/н 1гр,Эм,V
ЦефаКейр ууж хэр хөв бэлтг нунт 125мг/5мл-100мл №1 /Huazhong Pharmaceutical/,Эм,E
Цефаклор капс 250мг N10,Эм,E
Цефат 250мг N10,Эм,V
Цефат хөв/н 125мг/мл 30*2мл N1,Эм,V
ЦефиксКейр ууж хэр хөвм бэлтг нунт 100мг/5мл-100мл №1 /Huazhong Pharmaceutical/,Эм,E
ЦефоКейр 1гр/2мл N1 /тарилгын уусмал бэлтгэх нунтаг/,Эм,E
Цефотаксим / Крас / тар/н 1гр N1,Эм,V
Цефотаксим /шижиа/ тар/н 1гр N1,Эм,V
Цефотаксим тар/н 1гр №1 /Reyoung Pharmaceutical/,Эм,V
Цефтазидим-Акос тар/н 1гр N1,Эм,E
Цефтриаксон тар/н /крас/ 1гр N1,Эм,V
Циклоферон 150мг+146мг N20,Эм,E
Циклоферон т/уусм 12.50%мл N5,Эм,E
Циклоферон шахм 150мг N50,Эм,E
Цинезолид т/шин 2мг/мл - 300мл N1,Эм,V
Цинк В6 С шахм N90,Эм,E
Циннабсин А шахмал 250мг N60,Нэмэлт/уламжлалт,D
Циннаризин /монос/ шахм 25мг N50,Эм,E
Ципол-Н капс 25мг N50,Эм,E
Ципринол д/шин 200мг/мл 100мл,Эм,V
Ципринол т/уусм 100мг 10мл N5,Эм,V
Ципринол шахм 250мг N10,Эм,V
Ципринол шахм 500мг N10,Эм,V
Ципринол шахм 750мг N10,Эм,V
Ципро Денк б/шахм 750мг N10,Эм,V
Ципро Денк шахм 500мг N10,Эм,V
"Ципро-Пнеу 0,3%-5мл N1",Эм,V
Ципрон /монос/ шахм 500мг N10,Эм,V
Ципрофлоксацин 500мг N10,Эм,V
"Цисто нунтаг 3г №3 /Nexpharm Korea Co.,Ltd/",Эм,E
Цистон шахм N60,Нэмэлт/уламжлалт,D
Цитофлавин т/уусм 10мл N5,Эм,E
Цитофлавин шахм N50,Эм,E
Цитрамон П / мөнх/тун / шахм 500мг N10,Хүнс,D
Цитрамон П /50ус/ шахм 500мг N10,Хүнс,D
Цитрамон П /даль/ шахм N6,Эм,E
Цитрамон П /монос/ шахм 500мг N10,Эм,E
Цитрат Магния N60,Бусад,D
ЦитроМакс шахм 375мг+250мг+65мг N6,Хүнс,D
Цооролтын зөөлөвч /Back A/ N1 /Хятад/,Бусад,D
Цооролтын зөөлөвч /round B/ N1 /Хятад/,Бусад,D
Цооролтын зөөлөвч /round/ N1 /Хятад/,Бусад,D
Цооролтын зөөлөвч /square B/ N1 /Хятад/,Бусад,D
Цооролтын өмнөх х/арьс 10х10см N1 /Roosin Medical/,Бусад,D
Цусны систем №1 /homecare/,Эмнэлгийн хэрэгсэл,D
"Цүнх baby багц 2 төрөл баавгайтай, туулайтай /гранд төгс ха/",Бусад,D
Цүнх анхны тусламж дөрвөлжин цагаан /гранд төгс ха/,Бусад,D
Цүнх бага насны ягаан /гранд төгс ха/,Бусад,D
Цүнх гэр бүлийн багц том цэнхэр /гранд төгс ха/,Бусад,D
"Цүнх өсвөр насных 3 өнгө / цагаан, ягаан, шар/ /гранд төгс ха/",Бусад,D
Цүнх сэтгэл амар /тунгалаг/ /гранд төгс ха/,Бусад,D
Цүнх тухтай нислэг улаан ороодог /гранд төгс ха/,Эм,E
"Цэвэр ус 1,5мл N1",Бусад,D
Цэвэр ус 330мл N1,Бусад,D
Цэвэр ус 500мл N1,Бусад,D
Цэлцэгнүүр 280гр №28 /Shiseido/,Бусад,D
Цэлцэгнүүр Витамин Д 2000IU N28 /Shiseido/,Эм,V
Цэлцэгнүүр Витамин Д 5000IU N28 /Shiseido/,Эм,V
Цэлцэгнүүр Сүүн хүчлийн ашигтай бактери 50 тэрбум N28 /Shiseido/,Эм,E
Цэлцэгнүүр-Нойрны габа 280гр №28 /Shiseido/,Бусад,D
Цэлцэгнүүр-Нүдний лютеин 280гр №28 /Shiseido/,Бусад,D
Цэлцэгнүүр-Төмөр/Фолийн хүчил 280гр №28 /Shiseido/,Бусад,D
Цэлцэгнүүр-Турмерик/Цагаан гаа 280гр №28 /Shiseido/,Бусад,D
Цэлцэгнүүр-Хоргүйжүүлэгч 280гр №28 /Shiseido/,Бусад,D
Цэлцэгнүүр-Хүнсний эслэг 280гр №28 /Shiseido/,Бусад,D
Цэнэг Витос шин [Дархлаа сайжруулах бэлдмэл] 100мл N1,Хүнс,D
Цэнэг Витос шин [Дархлаа сайжруулах бэлдмэл] 100мл N10 0444,Эм,E
Цэнэг Витос шин [Элэг хамгаалах бэлдмэл] 100мл N1 0253,Бусад,D
Цэнэг Витос шин [Элэг хамгаалах бэлдмэл] 100мл N10,Бусад,D
Цэнэг э/ундаа алтангагнууртай 100мл N1 /0222/,Хүнс,D
Цэнэг э/ундаа алтангагнууртай 100мл N10 /0406/,Хүнс,D
Цэнэг э/ундаа Барагшун 100мл N1 0239,Хүнс,D
Цэнэг э/ундаа Барагшун 100мл N10 0413,Хүнс,D
Цэнэг э/ундаа бөөр хамгаалах 100мл N1 0246,Хүнс,D
Цэнэг э/ундаа бөөр хамгаалах 100мл N10,Хүнс,D
Цэнэг э/ундаа уушги хамгаалах 100мл N1 /1151/,Хүнс,D
Цэнэг э/ундаа уушги хамгаалах 100мл N10 /1168/,Хүнс,D
Цэнэг- Гоо сайхны бэлдмэл шин 100мл N1 0215,Гоо сайхан/ариун цэвэр,D
Цэнэг- Гоо сайхны бэлдмэл шин 100мл N10 0390,Гоо сайхан/ариун цэвэр,D
Чeрокий өмд men WW250AB BLK-L,Бусад,D
Чeрокий өмд WW105 BLK-XS,Бусад,D
Чагнуур (Yuwell) эмн/х N1,Бусад,D
Чагнуур 2 замтай N1 /Yuwell/,Бусад,D
Чамп Ибуфен Сироп 2мг/100мл-5мл №10,Эм,V
Чамп Коф Сироп 62.5мг/100мл+250мг/100мл+50мг/100мл-5мл №10,Эм,E
Чамп Нөүз Сироп 0.02г/100мл+0.3г/100мл-5мл №10,Эм,E
Чамп Сироп 3.2/100мл-5мл №10,Эм,E
"Чангжоу Дуслын систем хар /0,7*22G/ N1",Эмнэлгийн хэрэгсэл,D
"Чангжоу Дуслын систем хөх /0,6*23G/ N1",Эмнэлгийн хэрэгсэл,D
Чацаргана жимстэй эрүүл мэндийн тоник /хор саармагжуулах бүтээгдэхүүн/ N5,Бусад,D
"Чацарганатай гэмтсэн үсний бальзам, 400 мл",Гоо сайхан/ариун цэвэр,D
"Чацарганатай хуурай болон энгийн үсний маск, 300 мл",Гоо сайхан/ариун цэвэр,D
Чацарганатай шүршүүрийн гель 400мл №1 /Natura Siberica/,Бусад,D
Черокий men өмд WW140 BLK -M,Бусад,D
Черокий men өмд WW140 BLK -XS,Бусад,D
Черокий гутал Rush.THMW.women.size 10.0,Бусад,D
Черокий гутал Rush.THMW.women.size 9.5,Бусад,D
Черокий гутал хар BKCM size 9,Бусад,D
Черокий малгай unisex 2506 BLKW-OS,Бусад,D
Черокий малгай unisex 2506 NAVW-OS,Бусад,D
Черокий малгай unisex 2506 PWTW-OS,Бусад,D
Черокий малгай unisex 2506 ROYW-OS,Бусад,D
Черокий малгай unisex 2506 WINW-OS,Бусад,D
Черокий маск WW560AB CIE-M/L,Бусад,D
Черокий маск WW560AB-TLB-S/M,Бусад,D
Черокий өмд  WW155P BLK M,Бусад,D
Черокий өмд  WW155P BLK S,Бусад,D
Черокий өмд  WW170P CAR L,Бусад,D
Черокий өмд  WW170P CAR M,Бусад,D
Черокий өмд  WW170P CAR S,Бусад,D
Черокий өмд  WW170P CAR XL,Бусад,D
Черокий өмд  WW170P CAR XS,Бусад,D
Черокий өмд  WW190 HUN S,Бусад,D
Черокий өмд  WW190S NAV L,Бусад,D
Черокий өмд  WW190S NAV M,Бусад,D
Черокий өмд  WW190S NAV XS,Бусад,D
Черокий өмд 4043 HUNW L,Бусад,D
Черокий өмд 4043 HUNW M,Бусад,D
Черокий өмд 4043 HUNW S,Бусад,D
Черокий өмд 4043 HUNW XS,Бусад,D
Черокий өмд 4044 BLKW M,Бусад,D
Черокий өмд 4044 BLKW S,Бусад,D
Черокий өмд 4044 BLKW XS,Бусад,D
Черокий өмд 4044 BLKW XXS,Бусад,D
Черокий өмд 4044 CIEW M,Бусад,D
Черокий өмд 4044 CIEW S,Бусад,D
Черокий өмд 4044 CIEW XS,Бусад,D
Черокий өмд 4044 CIEW XXS,Бусад,D
Черокий өмд 4044 HUNW M,Бусад,D
Черокий өмд 4044 HUNW S,Бусад,D
Черокий өмд 4044 HUNW XS,Бусад,D
Черокий өмд 4044 HUNW XXS,Бусад,D
Черокий өмд 4044 NAVW M,Бусад,D
Черокий өмд 4044 NAVW S,Бусад,D
Черокий өмд 4044 NAVW XS,Бусад,D
Черокий өмд 4044 NAVW XXS,Бусад,D
Черокий өмд 4044P BLKW M,Бусад,D
Черокий өмд 4044P BLKW S,Бусад,D
Черокий өмд 4044P BLKW XS,Бусад,D
Черокий өмд 4044P BLKW XXS,Бусад,D
Черокий өмд 4044P CIEW M,Бусад,D
Черокий өмд 4044P CIEW XS,Бусад,D
Черокий өмд 4044P CIEW XXS,Бусад,D
Черокий өмд 4044P HUNW M,Бусад,D
Черокий өмд 4044P HUNW S,Бусад,D
Черокий өмд 4044P HUNW XS,Бусад,D
Черокий өмд 4044P NAVW S,Бусад,D
Черокий өмд 4044P NAVW XS,Бусад,D
Черокий өмд 4044P NAVW XXS,Бусад,D
Черокий өмд 4044P ROYW XS,Бусад,D
Черокий өмд 4044P TRQW - L,Бусад,D
Черокий өмд 4044P WINW M,Бусад,D
Черокий өмд 4044P WINW XS,Бусад,D
Черокий өмд 4044P WINW XXS,Бусад,D
Черокий өмд 4200P BLKW M,Бусад,D
Черокий өмд 4200P BLKW S,Бусад,D
Черокий өмд 4200P BLKW XS,Бусад,D
Черокий өмд 4200P CIEW M,Бусад,D
Черокий өмд 4200P CIEW S,Бусад,D
Черокий өмд 4200P CIEW XS,Бусад,D
Черокий өмд 4200P NAVW M,Бусад,D
Черокий өмд 4200P NAVW S,Бусад,D
Черокий өмд 4200P NAVW XS,Бусад,D
Черокий өмд 4200P OLVW M,Бусад,D
Черокий өмд 4200P OLVW S,Бусад,D
Черокий өмд 4200P OLVW XS,Бусад,D
Черокий өмд CK026P IRON M,Бусад,D
Черокий өмд CK026P IRON S,Бусад,D
Черокий өмд CK026P IRON XS,Бусад,D
Черокий өмд CK065A CIPS - L,Бусад,D
Черокий өмд CK065A CIPS - M,Бусад,D
Черокий өмд CK065A CIPS - S,Бусад,D
Черокий өмд CK065A CIPS - XS,Бусад,D
Черокий өмд CK065A CIPS - XXS,Бусад,D
Черокий өмд CK065A NYPS - M,Бусад,D
Черокий өмд CK065A NYPS - S,Бусад,D
Черокий өмд CK065A NYPS - XS,Бусад,D
Черокий өмд CK065A NYPS - XXS,Бусад,D
Черокий өмд CK065A PWPS - M,Бусад,D
Черокий өмд CK065A PWPS - S,Бусад,D
Черокий өмд CK065A PWPS - XS,Бусад,D
Черокий өмд CK065A PWPS - XXS,Бусад,D
Черокий өмд CK065A RYPS - L,Бусад,D
Черокий өмд CK065A RYPS - M,Бусад,D
Черокий өмд CK065A RYPS - XS,Бусад,D
Черокий өмд CK065A RYPS - XXS,Бусад,D
Черокий өмд CK065AP RYPS - XXS,Бусад,D
Черокий өмд CK065AP WTPS - L,Бусад,D
Черокий өмд CK091 ROY - L,Бусад,D
Черокий өмд CK091 ROY - M,Бусад,D
Черокий өмд CK091 WIN - L,Бусад,D
Черокий өмд CK092P BLK M,Бусад,D
Черокий өмд CK092P BLK S,Бусад,D
Черокий өмд CK092P BLK XS,Бусад,D
Черокий өмд CK092P BLK XXS,Бусад,D
Черокий өмд CK092P IRON M,Бусад,D
Черокий өмд CK092P IRON S,Бусад,D
Черокий өмд CK092P IRON XS,Бусад,D
Черокий өмд CK095 TLB - L,Бусад,D
Черокий өмд CK095 TLB - XS,Бусад,D
Черокий өмд CK095 TLB - XXS,Бусад,D
Черокий өмд CK096P BLKN M,Бусад,D
Черокий өмд CK096P BLKN S,Бусад,D
Черокий өмд CK096P BLKN XS,Бусад,D
Черокий өмд CK096P BLKN XXS,Бусад,D
Черокий өмд CK096P CARN M,Бусад,D
Черокий өмд CK096P CARN S,Бусад,D
Черокий өмд CK096P CARN XS,Бусад,D
Черокий өмд CK096P CARN XXS,Бусад,D
Черокий өмд CK096P CIEN M,Бусад,D
Черокий өмд CK096P CIEN S,Бусад,D
Черокий өмд CK096P CIEN XS,Бусад,D
Черокий өмд CK096P CIEN XXS,Бусад,D
Черокий өмд CK096P HUNN XS,Бусад,D
Черокий өмд CK096P NAVN XS,Бусад,D
Черокий өмд CK096P NAVN XXS,Бусад,D
Черокий өмд CK096P PWTN M,Бусад,D
Черокий өмд CK096P PWTN S,Бусад,D
Черокий өмд CK096P PWTN XS,Бусад,D
Черокий өмд CK096P PWTN XXS,Бусад,D
Черокий өмд CK096P WINN S,Бусад,D
Черокий өмд CK096P WINN XS,Бусад,D
Черокий өмд CK096P WINN XXS,Бусад,D
Черокий өмд CK096P WMBR M,Бусад,D
Черокий өмд CK096P WMBR S,Бусад,D
Черокий өмд CK096P WMBR XS,Бусад,D
Черокий өмд CK140A BLK - L,Бусад,D
Черокий өмд CK140A NAV - XXS,Бусад,D
Черокий өмд CK140A PWT - L,Бусад,D
Черокий өмд CK140A ROY - L,Бусад,D
Черокий өмд CK140A ROY - XS,Бусад,D
Черокий өмд CK140A ROY - XXS,Бусад,D
Черокий өмд CK140AP CIE - L,Бусад,D
Черокий өмд CK140AP NAV - XS,Бусад,D
Черокий өмд CK140AP NAV - XXS,Бусад,D
Черокий өмд CK249A HTPT-XS,Бусад,D
Черокий өмд CK272AP BLK XS,Бусад,D
Черокий өмд CK272AP CAR M,Бусад,D
Черокий өмд CK272AP CAR S,Бусад,D
Черокий өмд CK272AP CAR XS,Бусад,D
Черокий өмд CK272AP CAR XXS,Бусад,D
Черокий өмд CK272AP CIE M,Бусад,D
Черокий өмд CK272AP CIE S,Бусад,D
Черокий өмд CK272AP CIE XXS,Бусад,D
Черокий өмд CK272AP EELV S,Бусад,D
Черокий өмд CK272AP GRY M,Бусад,D
Черокий өмд CK272AP GRY XS,Бусад,D
Черокий өмд CK272AP GRY XXS,Бусад,D
Черокий өмд CK272AP HUN L,Бусад,D
Черокий өмд CK272AP HUN M,Бусад,D
Черокий өмд CK272AP HUN S,Бусад,D
Черокий өмд CK272AP HUN XS,Бусад,D
Черокий өмд CK272AP HUN XXS,Бусад,D
Черокий өмд CK272AP KAKC S,Бусад,D
Черокий өмд CK272AP KAKC XXS,Бусад,D
Черокий өмд CK272AP NAV XS,Бусад,D
Черокий өмд CK272AP NAV XXS,Бусад,D
Черокий өмд CK279A ROY L,Бусад,D
Черокий өмд CK279A ROY M,Бусад,D
Черокий өмд CK279A ROY XS,Бусад,D
Черокий өмд CKA184 BLK-M,Бусад,D
Черокий өмд CKA184 BLK-XXS,Бусад,D
Черокий өмд CKA184 CIE-M,Бусад,D
Черокий өмд CKA184 CIE-S,Бусад,D
Черокий өмд CKA184 CIE-XXS,Бусад,D
Черокий өмд CKA184 HTGR-XS,Бусад,D
Черокий өмд CKA184 HUN-XXS,Бусад,D
Черокий өмд CKA184 WHT-S,Бусад,D
Черокий өмд CKA184 WHT-XS,Бусад,D
Черокий өмд CKA184P BLK M,Бусад,D
Черокий өмд CKA184P BLK S,Бусад,D
Черокий өмд CKA184P BLK XS,Бусад,D
Черокий өмд CKA184P BLK XXS,Бусад,D
Черокий өмд CKA184P CIE M,Бусад,D
Черокий өмд CKA184P CIE S,Бусад,D
Черокий өмд CKA184P CIE XS,Бусад,D
Черокий өмд CKA184P CIE XXS,Бусад,D
Черокий өмд CKA184P WHT-S,Бусад,D
Черокий өмд CKA184P WHT-XS,Бусад,D
Черокий өмд IN012AP SPPG M,Бусад,D
Черокий өмд IN012AP SPPG S,Бусад,D
Черокий өмд IN012AP SPPG XS,Бусад,D
Черокий өмд IN023AP BLKN M,Бусад,D
Черокий өмд IN023AP BLKN S,Бусад,D
Черокий өмд IN023AP BLKN XS,Бусад,D
Черокий өмд IN023AP BLKN XXS,Бусад,D
Черокий өмд IN023AP CARN M,Бусад,D
Черокий өмд IN023AP CARN S,Бусад,D
Черокий өмд IN023AP CARN XS,Бусад,D
Черокий өмд IN023AP CARN XXS,Бусад,D
Черокий өмд IN023AP NAVN M,Бусад,D
Черокий өмд IN023AP NAVN XS,Бусад,D
Черокий өмд IN023AP NAVN XXS,Бусад,D
Черокий өмд IN023AP PWTN M,Бусад,D
Черокий өмд IN023AP PWTN S,Бусад,D
Черокий өмд IN023AP PWTN XS,Бусад,D
Черокий өмд IN023AP PWTN XXS,Бусад,D
Черокий өмд IN023AP WINN XS,Бусад,D
Черокий өмд IN023AP WINN XXS,Бусад,D
Черокий өмд IN025AP BLKN XS,Бусад,D
Черокий өмд IN025AP NAVN M,Бусад,D
Черокий өмд IN025AP NAVN S,Бусад,D
Черокий өмд IN025AP NAVN XS,Бусад,D
Черокий өмд IN025AP PWTN M,Бусад,D
Черокий өмд IN025AP PWTN S,Бусад,D
Черокий өмд IN025AP PWTN XS,Бусад,D
Черокий өмд IN103AP BLK S,Бусад,D
Черокий өмд IN103AP BLK XS,Бусад,D
Черокий өмд IN103AP NAV M,Бусад,D
Черокий өмд IN103AP NAV XS,Бусад,D
Черокий өмд IN103AP PWT M,Бусад,D
Черокий өмд IN103AP PWT S,Бусад,D
Черокий өмд IN103AP PWT XS,Бусад,D
Черокий өмд men  WW140S BLK L,Бусад,D
Черокий өмд men  WW140S BLK M,Бусад,D
Черокий өмд men  WW140S BLK S,Бусад,D
Черокий өмд men  WW140S BLK XS,Бусад,D
Черокий өмд men  WW140S GAB L,Бусад,D
Черокий өмд men  WW140S GAB M,Бусад,D
Черокий өмд men  WW140S GAB S,Бусад,D
Черокий өмд men  WW140S GAB XL,Бусад,D
Черокий өмд men  WW140S ROY M,Бусад,D
Черокий өмд men  WW140S ROY S,Бусад,D
Черокий өмд men  WW140S ROY XS,Бусад,D
Черокий өмд men WW012 BLK-M,Бусад,D
Черокий өмд men WW012 BLK-S,Бусад,D
Черокий өмд men WW012 CIE-XS,Бусад,D
Черокий өмд men WW012 HUN-M,Бусад,D
Черокий өмд men WW012 NAV-S,Бусад,D
Черокий өмд men WW012 ROY-M,Бусад,D
Черокий өмд men WW012 ROY-S,Бусад,D
Черокий өмд men WW012 TLB-S,Бусад,D
Черокий өмд men WW140 / BLK - M,Бусад,D
Черокий өмд men WW140 / BLK - S,Бусад,D
Черокий өмд men WW140 / BLK -L,Бусад,D
Черокий өмд men WW140 CIE- L,Бусад,D
Черокий өмд men WW140 CIE- XS,Бусад,D
Черокий өмд men WW140 NAV- L,Бусад,D
Черокий өмд men WW140 NAV- XS,Бусад,D
Черокий өмд men WW140 ROY-L,Бусад,D
Черокий өмд men WW140 ROY-S,Бусад,D
Черокий өмд men WW140 ROY-XS,Бусад,D
Черокий өмд men WW190S HUN L,Бусад,D
Черокий өмд men WW190S HUN M,Бусад,D
Черокий өмд men WW190S NAV S,Бусад,D
Черокий өмд men WW190S NAV XL,Бусад,D
Черокий өмд men WW250AB CIE-L,Бусад,D
Черокий өмд men WW250AB HUN-XL,Бусад,D
Черокий өмд men WW250AB NAV-L,Бусад,D
Черокий өмд men WW250AB NAV-XL,Бусад,D
Черокий өмд men WW250AB ROY-S,Бусад,D
Черокий өмд men WW250AB ROY-XS,Бусад,D
Черокий өмд men WW250AB TLB-L,Бусад,D
Черокий өмд men WW250AB TLB-S,Бусад,D
Черокий өмд men WW250AB TLB-XL,Бусад,D
Черокий өмд men WW250AB TLB-XS,Бусад,D
Черокий өмд men WW250ABS  NAV-L,Бусад,D
Черокий өмд men WW250ABS  ROY-L,Бусад,D
Черокий өмд men WW250ABS  ROY-XS,Бусад,D
Черокий өмд men WW250ABS CIE-L,Бусад,D
Черокий өмд men WW251 BLK-S,Бусад,D
Черокий өмд men WW251 NAV-M,Бусад,D
Черокий өмд men WW251 NAV-S,Бусад,D
Черокий өмд men WW251 PWT-S,Бусад,D
Черокий өмд men эмн/х WW190 CIE-L N1,Эмнэлгийн хэрэгсэл,D
Черокий өмд WW011 BLK-XS,Бусад,D
Черокий өмд WW011 BLK-XXS,Бусад,D
Черокий өмд WW011 HUN-XL,Бусад,D
Черокий өмд WW011 NAV-M,Бусад,D
Черокий өмд WW011 NAV-S,Бусад,D
Черокий өмд WW011 NAV-XS,Бусад,D
Черокий өмд WW011 PWT-M,Бусад,D
Черокий өмд WW011 PWT-XXS,Бусад,D
Черокий өмд WW011 ROY-XL,Бусад,D
Черокий өмд WW011 TLB-XXS,Бусад,D
Черокий өмд WW011 WIN-M,Бусад,D
Черокий өмд WW011 WIN-S,Бусад,D
Черокий өмд WW011 WIN-XS,Бусад,D
Черокий өмд WW011 WIN-XXS,Бусад,D
Черокий өмд WW012 CIE - L,Бусад,D
Черокий өмд WW012 CIE - M,Бусад,D
Черокий өмд WW012 CIE - S,Бусад,D
Черокий өмд WW012 CIE - XS,Бусад,D
Черокий өмд WW012 HUN - M,Бусад,D
Черокий өмд WW012 TLB - M,Бусад,D
Черокий өмд WW012 TLB - S,Бусад,D
Черокий өмд WW105 BLK - L,Бусад,D
Черокий өмд WW105 BLK- XXS,Бусад,D
Черокий өмд WW105 BLK-M,Бусад,D
Черокий өмд WW105 BLK-S,Бусад,D
Черокий өмд WW105 CAR - L,Бусад,D
Черокий өмд WW105 CAR - M,Бусад,D
Черокий өмд WW105 CIE - L,Бусад,D
Черокий өмд WW105 CIE - M,Бусад,D
Черокий өмд WW105 CIE - XXS,Бусад,D
Черокий өмд WW105 ROY - M,Бусад,D
Черокий өмд WW105 ROY - XS,Бусад,D
Черокий өмд WW105 ROY - XXS,Бусад,D
Черокий өмд WW105 WIN-M,Бусад,D
Черокий өмд WW105 WIN-S,Бусад,D
Черокий өмд WW105 WIN-XS,Бусад,D
Черокий өмд WW105 WIN-XXS,Бусад,D
Черокий өмд WW105P CAR-XS,Бусад,D
Черокий өмд WW105P CAR-XXS,Бусад,D
Черокий өмд WW105P NAV - S,Бусад,D
Черокий өмд WW105P PWT-S,Бусад,D
Черокий өмд WW120 BLK -XXS,Бусад,D
Черокий өмд WW120 BLK-M,Бусад,D
Черокий өмд WW120 NAV -XXS,Бусад,D
Черокий өмд WW120 NAV-M,Бусад,D
Черокий өмд WW120 NAV-S,Бусад,D
Черокий өмд WW120 PWT-M,Бусад,D
Черокий өмд WW120P BLK M,Бусад,D
Черокий өмд WW120P BLK S,Бусад,D
Черокий өмд WW120P BLK XS,Бусад,D
Черокий өмд WW120P BLK XXS,Бусад,D
Черокий өмд WW120P CAR M,Бусад,D
Черокий өмд WW120P CAR S,Бусад,D
Черокий өмд WW120P CAR XS,Бусад,D
Черокий өмд WW120P CAR XXS,Бусад,D
Черокий өмд WW120P CIE M,Бусад,D
Черокий өмд WW120P CIE S,Бусад,D
Черокий өмд WW120P CIE XS,Бусад,D
Черокий өмд WW120P CIE XXS,Бусад,D
Черокий өмд WW120P HUN M,Бусад,D
Черокий өмд WW120P HUN S,Бусад,D
Черокий өмд WW120P HUN XS,Бусад,D
Черокий өмд WW120P HUN XXS,Бусад,D
Черокий өмд WW120P KAK M,Бусад,D
Черокий өмд WW120P KAK S,Бусад,D
Черокий өмд WW120P KAK XS,Бусад,D
Черокий өмд WW120P KAK XXS,Бусад,D
Черокий өмд WW120P NAV M,Бусад,D
Черокий өмд WW120P NAV S,Бусад,D
Черокий өмд WW120P NAV XS,Бусад,D
Черокий өмд WW120P NAV XXS,Бусад,D
Черокий өмд WW120P OLV S,Бусад,D
Черокий өмд WW120P OLV XS,Бусад,D
Черокий өмд WW120P OLV XXS,Бусад,D
Черокий өмд WW120P PWT M,Бусад,D
Черокий өмд WW120P PWT XS,Бусад,D
Черокий өмд WW120P PWT XXS,Бусад,D
Черокий өмд WW120P ROY M,Бусад,D
Черокий өмд WW120P ROY S,Бусад,D
Черокий өмд WW120P ROY XS,Бусад,D
Черокий өмд WW120P ROY XXS,Бусад,D
Черокий өмд WW170 CAR-M,Бусад,D
Черокий өмд WW170 CAR-S,Бусад,D
Черокий өмд WW170 CAR-XS,Бусад,D
Черокий өмд WW170 CAR-XXS,Бусад,D
Черокий өмд WW170 CIE-L,Бусад,D
Черокий өмд WW170 CIE-M,Бусад,D
Черокий өмд WW170 GAB-S,Бусад,D
Черокий өмд WW170 GAB-XL,Бусад,D
Черокий өмд WW170 GAB-XS,Бусад,D
Черокий өмд WW170 GRP-L,Бусад,D
Черокий өмд WW170 GRY-L,Бусад,D
Черокий өмд WW170 GRY-M,Бусад,D
Черокий өмд WW170 HUN-L,Бусад,D
Черокий өмд WW170 NAV-L,Бусад,D
Черокий өмд WW170 NAV-M,Бусад,D
Черокий өмд WW170 NAV-S,Бусад,D
Черокий өмд WW170 RED-L,Бусад,D
Черокий өмд WW170 ROY-L,Бусад,D
Черокий өмд WW170 ROY-XXS,Бусад,D
Черокий өмд WW170 TRQ-M,Бусад,D
Черокий өмд WW170 WIN-L,Бусад,D
Черокий өмд эмн/х WW170 CIE-XL N1,Эмнэлгийн хэрэгсэл,D
Черокий өмд эмн/х WW170 GRY-XL N1,Эмнэлгийн хэрэгсэл,D
Черокий өмд эмн/х WW170 ROY-XL N1,Эмнэлгийн хэрэгсэл,D
Черокий өмд эмн/х WW170 ROY-XXS N1,Эмнэлгийн хэрэгсэл,D
Черокий Халад 82402 DWHZ -M,Эмнэлгийн хэрэгсэл,D
Черокий Халад 82402 DWHZ -S,Эмнэлгийн хэрэгсэл,D
Черокий Халад 82402 DWHZ -XS,Эмнэлгийн хэрэгсэл,D
Черокий Халад CK401 WHT XS,Эмнэлгийн хэрэгсэл,D
Черокий халад CK401 WHT-L,Эмнэлгийн хэрэгсэл,D
Черокий халад CK401 WHT-M,Эмнэлгийн хэрэгсэл,D
Черокий халад CK401 WHT-S,Эмнэлгийн хэрэгсэл,D
Черокий халад CK412 WHT-S,Эмнэлгийн хэрэгсэл,D
Черокий халад CK421 WHT-XS,Эмнэлгийн хэрэгсэл,D
Черокий халад CK421 WHT-XXS,Эмнэлгийн хэрэгсэл,D
Черокий Халад CK451 WHT L,Эмнэлгийн хэрэгсэл,D
Черокий Халад CK451 WHT XL,Эмнэлгийн хэрэгсэл,D
Черокий халад CK451 WHT-M,Эмнэлгийн хэрэгсэл,D
Черокий халад CK451 WHT-S,Эмнэлгийн хэрэгсэл,D
Черокий халад CK451 WHT-XS,Эмнэлгийн хэрэгсэл,D
Черокий халад CK451 WHT-XXS,Эмнэлгийн хэрэгсэл,D
Черокий халад CK452 WHT L,Эмнэлгийн хэрэгсэл,D
Черокий халад CK452 WHT-M,Эмнэлгийн хэрэгсэл,D
Черокий халад CK452 WHT-XS,Эмнэлгийн хэрэгсэл,D
Черокий халад CK452 WHT-XXS,Эмнэлгийн хэрэгсэл,D
Черокий халад эмн/х 2319 WHTC-L N1,Эмнэлгийн хэрэгсэл,D
Черокий ханцуйтай цамц CK303 CAR-XS,Бусад,D
Черокий ханцуйтай цамц CK303 CAR-XXS,Бусад,D
Черокий ханцуйтай цамц men WW320 BLK-XS,Бусад,D
Черокий цамц 2624A CIPS-L,Бусад,D
Черокий цамц 2624A CIPS-M,Бусад,D
Черокий цамц 2624A CIPS-S,Бусад,D
Черокий цамц 2624A CIPS-XS,Бусад,D
Черокий цамц 2624A NYPS-S,Бусад,D
Черокий цамц 2624A NYPS-XS,Бусад,D
Черокий цамц 2624A PWPS-M,Бусад,D
Черокий цамц 2624A PWPS-S,Бусад,D
Черокий цамц 2624A PWPS-XS,Бусад,D
Черокий цамц 2624A PWPS-XXS,Бусад,D
Черокий цамц 2624A RYPS-M,Бусад,D
Черокий цамц 2624A RYPS-S,Бусад,D
Черокий цамц 2624A RYPS-XS,Бусад,D
Черокий цамц 2624A RYPS-XXS,Бусад,D
Черокий цамц 4700 BLKW M,Бусад,D
Черокий цамц 4700 BLKW S,Бусад,D
Черокий цамц 4700 BLKW XS,Бусад,D
Черокий цамц 4700 BLKW XXS,Бусад,D
Черокий цамц 4700 CIEW M,Бусад,D
Черокий цамц 4700 CIEW S,Бусад,D
Черокий цамц 4700 CIEW XS,Бусад,D
Черокий цамц 4700 CIEW XXS,Бусад,D
Черокий цамц 4700 NAVW M,Бусад,D
Черокий цамц 4700 NAVW S,Бусад,D
Черокий цамц 4700 NAVW XS,Бусад,D
Черокий цамц 4700 NAVW XXS,Бусад,D
Черокий цамц 4700 OLVW M,Бусад,D
Черокий цамц 4700 OLVW S,Бусад,D
Черокий цамц 4700 OLVW XS,Бусад,D
Черокий цамц 4700 OLVW XXS,Бусад,D
Черокий цамц 4727 BLKW M,Бусад,D
Черокий цамц 4727 BLKW S,Бусад,D
Черокий цамц 4727 BLKW XS,Бусад,D
Черокий цамц 4727 BLKW XXS,Бусад,D
Черокий цамц 4727 CIEW M,Бусад,D
Черокий цамц 4727 CIEW S,Бусад,D
Черокий цамц 4727 CIEW XS,Бусад,D
Черокий цамц 4727 CIEW XXS,Бусад,D
Черокий цамц 4727 HUNW M,Бусад,D
Черокий цамц 4727 HUNW S,Бусад,D
Черокий цамц 4727 HUNW XS,Бусад,D
Черокий цамц 4727 HUNW XXS,Бусад,D
Черокий цамц 4727 NAVW M,Бусад,D
Черокий цамц 4727 NAVW S,Бусад,D
Черокий цамц 4727 NAVW XS,Бусад,D
Черокий цамц 4727 NAVW XXS,Бусад,D
Черокий цамц 4727 PWTW M,Бусад,D
Черокий цамц 4727 PWTW S,Бусад,D
Черокий цамц 4727 PWTW XS,Бусад,D
Черокий цамц 4727 PWTW XXS,Бусад,D
Черокий цамц 4727 ROYW M,Бусад,D
Черокий цамц 4727 ROYW S,Бусад,D
Черокий цамц 4727 ROYW XS,Бусад,D
Черокий цамц 4727 ROYW XXS,Бусад,D
Черокий цамц 4727 WHTW M,Бусад,D
Черокий цамц 4727 WHTW S,Бусад,D
Черокий цамц 4727 WHTW XS,Бусад,D
Черокий цамц 4727 WHTW XXS,Бусад,D
Черокий цамц 4727 WINW M,Бусад,D
Черокий цамц 4727 WINW XS,Бусад,D
Черокий цамц 4727 WINW XXS,Бусад,D
Черокий цамц 4728 TRQW-XS,Бусад,D
Черокий цамц CK685 BLK-M,Бусад,D
Черокий цамц CK783A ROY L,Бусад,D
Черокий цамц CK783A ROY M,Бусад,D
Черокий цамц CK783A ROY S,Бусад,D
Черокий цамц CK783A ROY XS,Бусад,D
Черокий цамц CK786A ROY-L,Бусад,D
Черокий цамц CK832 BLKN M,Бусад,D
Черокий цамц CK832 BLKN S,Бусад,D
Черокий цамц CK832 BLKN XS,Бусад,D
Черокий цамц CK832 BLKN XXS,Бусад,D
Черокий цамц CK832 CARN M,Бусад,D
Черокий цамц CK832 CARN S,Бусад,D
Черокий цамц CK832 CARN XS,Бусад,D
Черокий цамц CK832 CARN XXS,Бусад,D
Черокий цамц CK832 CIEN M,Бусад,D
Черокий цамц CK832 CIEN S,Бусад,D
Черокий цамц CK832 CIEN XS,Бусад,D
Черокий цамц CK832 CIEN XXS,Бусад,D
Черокий цамц CK832 HUNN S,Бусад,D
Черокий цамц CK832 HUNN XS,Бусад,D
Черокий цамц CK832 NAVN M,Бусад,D
Черокий цамц CK832 NAVN S,Бусад,D
Черокий цамц CK832 NAVN XS,Бусад,D
Черокий цамц CK832 NAVN XXS,Бусад,D
Черокий цамц CK832 PWTN M,Бусад,D
Черокий цамц CK832 PWTN S,Бусад,D
Черокий цамц CK832 PWTN XS,Бусад,D
Черокий цамц CK832 PWTN XXS,Бусад,D
Черокий цамц CK832 WINN XS,Бусад,D
Черокий цамц CK832 WMBR S,Бусад,D
Черокий цамц CK832 WMBR XS,Бусад,D
Черокий цамц CK840 BLK M,Бусад,D
Черокий цамц CK840 BLK XXS,Бусад,D
Черокий цамц CK840 IRON M,Бусад,D
Черокий цамц CK840 IRON S,Бусад,D
Черокий цамц CK840 IRON XS,Бусад,D
Черокий цамц CK840 TLB-L,Бусад,D
Черокий цамц CK954A NAV L,Бусад,D
Черокий цамц CK954A NAV M,Бусад,D
Черокий цамц CK954A NAV S,Бусад,D
Черокий цамц CK954A NAV XS,Бусад,D
Черокий цамц CK954A ROY M,Бусад,D
Черокий цамц CK954A ROY S,Бусад,D
Черокий цамц CK954A ROY XS,Бусад,D
Черокий цамц CK954A ROY XXS,Бусад,D
Черокий цамц CK954A WHT L,Бусад,D
Черокий цамц CK954A WHT M,Бусад,D
Черокий цамц CK954A WHT S,Бусад,D
Черокий цамц CK954A WHT XL,Бусад,D
Черокий цамц CK961A BLK M,Бусад,D
Черокий цамц CK961A BLK S,Бусад,D
Черокий цамц CK961A BLK XS,Бусад,D
Черокий цамц CK961A CAR M,Бусад,D
Черокий цамц CK961A CAR S,Бусад,D
Черокий цамц CK961A CAR XS,Бусад,D
Черокий цамц CK961A CIE S,Бусад,D
Черокий цамц CK961A CIE XXS,Бусад,D
Черокий цамц CK961A GRY M,Бусад,D
Черокий цамц CK961A GRY XS,Бусад,D
Черокий цамц CK961A GRY XXS,Бусад,D
Черокий цамц CK961A HUN L,Бусад,D
Черокий цамц CK961A HUN M,Бусад,D
Черокий цамц CK961A HUN S,Бусад,D
Черокий цамц CK961A HUN XL,Бусад,D
Черокий цамц CK961A HUN XS,Бусад,D
Черокий цамц CK961A KAKC XS,Бусад,D
Черокий цамц CK961A KAKC XXS,Бусад,D
Черокий цамц CK961A NAV S,Бусад,D
Черокий цамц CK961A NAV XS,Бусад,D
Черокий цамц CKA685 BLK-M,Бусад,D
Черокий цамц CKA685 BLK-S,Бусад,D
Черокий цамц CKA685 BLK-XS,Бусад,D
Черокий цамц CKA685 BLK-XXS,Бусад,D
Черокий цамц CKA685 CIE XS,Бусад,D
Черокий цамц CKA685 CIE-M,Бусад,D
Черокий цамц CKA685 CIE-S,Бусад,D
Черокий цамц CKA685 CIE-XS,Бусад,D
Черокий цамц CKA685 CIE-XXS,Бусад,D
Черокий цамц CKA685 HUN-S,Бусад,D
Черокий цамц CKA685 HUN-XS,Бусад,D
Черокий цамц CKA685 HUN-XXS,Бусад,D
Черокий цамц CKA685 NAV M,Бусад,D
Черокий цамц CKA685 NAV S,Бусад,D
Черокий цамц CKA685 NAV XS,Бусад,D
Черокий цамц CKA685 NAV XXS,Бусад,D
Черокий цамц CKA685 PWT XS,Бусад,D
Черокий цамц CKA685 PWT XXS,Бусад,D
Черокий цамц CKA685 WHT-XS,Бусад,D
Черокий цамц CKA685 WIN M,Бусад,D
Черокий цамц IN00033 BLKN M,Бусад,D
Черокий цамц IN00033 BLKN S,Бусад,D
Черокий цамц IN00033 BLKN XS,Бусад,D
Черокий цамц IN00033 BLKN XXS,Бусад,D
Черокий цамц IN00033 CARN M,Бусад,D
Черокий цамц IN00033 CARN S,Бусад,D
Черокий цамц IN00033 CARN XS,Бусад,D
Черокий цамц IN00033 CARN XXS,Бусад,D
Черокий цамц IN00033 NAVN S,Бусад,D
Черокий цамц IN00033 NAVN XS,Бусад,D
Черокий цамц IN00033 NAVN XXS,Бусад,D
Черокий цамц IN00033 PWTN M,Бусад,D
Черокий цамц IN00033 PWTN XS,Бусад,D
Черокий цамц IN00033 PWTN XXS,Бусад,D
Черокий цамц IN00033 WINN XXS,Бусад,D
Черокий цамц IN650A BLKN S,Бусад,D
Черокий цамц IN650A BLKN XS,Бусад,D
Черокий цамц IN650A NAVN M,Бусад,D
Черокий цамц IN650A NAVN S,Бусад,D
Черокий цамц IN650A NAVN XS,Бусад,D
Черокий цамц IN650A PWTN XS,Бусад,D
Черокий цамц IN650A WINN M,Бусад,D
Черокий цамц IN650A WINN S,Бусад,D
Черокий цамц IN650A WINN XS,Бусад,D
Черокий цамц IN811A BLK M,Бусад,D
Черокий цамц IN811A BLK S,Бусад,D
Черокий цамц IN811A BLK XS,Бусад,D
Черокий цамц IN811A BLK XXS,Бусад,D
Черокий цамц IN811A NAV XS,Бусад,D
Черокий цамц IN811A NAV XXS,Бусад,D
Черокий цамц IN811A PWT M,Бусад,D
Черокий цамц IN811A PWT S,Бусад,D
Черокий цамц IN811A PWT XS,Бусад,D
Черокий цамц IN811A PWT XXS,Бусад,D
Черокий цамц IN811A SPPG S,Бусад,D
Черокий цамц IN811A SPPG XS,Бусад,D
Черокий цамц men WW603 BLK-M,Бусад,D
Черокий цамц men WW603 BLK-S,Бусад,D
Черокий цамц men WW603 CIE XL,Бусад,D
Черокий цамц men WW603 CIE-M,Бусад,D
Черокий цамц men WW603 CIE-S,Бусад,D
Черокий цамц men WW603 CIE-XS,Бусад,D
Черокий цамц men WW603 HUN-S,Бусад,D
Черокий цамц men WW603 NAV-S,Бусад,D
Черокий цамц men WW603 ROY-M,Бусад,D
Черокий цамц men WW603 ROY-S,Бусад,D
Черокий цамц men WW603 TLB-S,Бусад,D
Черокий цамц men WW615 BLK-M,Бусад,D
Черокий цамц men WW615 BLK-S,Бусад,D
Черокий цамц men WW615 NAV-S,Бусад,D
Черокий цамц men WW615 PWT-S,Бусад,D
Черокий цамц men WW690 BLK-L,Бусад,D
Черокий цамц men WW690 BLK-M,Бусад,D
Черокий цамц men WW690 BLK-S,Бусад,D
Черокий цамц men WW690 BLK-XS,Бусад,D
Черокий цамц men WW690 CIE-L,Бусад,D
Черокий цамц men WW690 CIE-S,Бусад,D
Черокий цамц men WW690 CIE-XS,Бусад,D
Черокий цамц men WW690 GAB L,Бусад,D
Черокий цамц men WW690 GAB M,Бусад,D
Черокий цамц men WW690 GAB S,Бусад,D
Черокий цамц men WW690 GAB XS,Бусад,D
Черокий цамц men WW690 NAV-S,Бусад,D
Черокий цамц men WW690 NAV-XS,Бусад,D
Черокий цамц men WW690 ROY-L,Бусад,D
Черокий цамц men WW690 ROY-M,Бусад,D
Черокий цамц men WW690 ROY-S,Бусад,D
Черокий цамц men WW690 ROY-XS,Бусад,D
Черокий цамц men WW695 HUN L,Бусад,D
Черокий цамц men WW695 HUN M,Бусад,D
Черокий цамц men WW695 HUN S,Бусад,D
Черокий цамц men WW695 HUN XL,Бусад,D
Черокий цамц men WW695 NAV L,Бусад,D
Черокий цамц men WW695 NAV M,Бусад,D
Черокий цамц men WW695 NAV XL,Бусад,D
Черокий цамц men WW695 NAV-S,Бусад,D
Черокий цамц men WW695 WHT M,Бусад,D
Черокий цамц men WW695 WHT S,Бусад,D
Черокий цамц men WW695 WHT XL,Бусад,D
Черокий цамц men WW760AB CIE-L,Бусад,D
Черокий цамц men WW760AB CIE-S,Бусад,D
Черокий цамц men WW760AB CIE-XS,Бусад,D
Черокий цамц men WW760AB HUN-XS,Бусад,D
Черокий цамц men WW760AB NAV-XS,Бусад,D
Черокий цамц men WW760AB ROY-L,Бусад,D
Черокий цамц men WW760AB ROY-S,Бусад,D
Черокий цамц men WW760AB ROY-XS,Бусад,D
Черокий цамц men WW760AB TLB-L,Бусад,D
Черокий цамц men WW760AB TLB-XS,Бусад,D
Черокий цамц men ханцуйтай WW320 ROY-S,Бусад,D
Черокий цамц men эмн/х WW695 CIE-L N1,Эм,E
Черокий цамц men эмн/х WW695 CIE-XS N1,Эм,E
Черокий цамц WW601 BLK-M,Бусад,D
Черокий цамц WW601 BLK-S,Бусад,D
Черокий цамц WW601 BLK-XS,Бусад,D
Черокий цамц WW601 BLK-XXS,Бусад,D
Черокий цамц WW601 CAR-M,Бусад,D
Черокий цамц WW601 CAR-S,Бусад,D
Черокий цамц WW601 CAR-XS,Бусад,D
Черокий цамц WW601 CAR-XXS,Бусад,D
Черокий цамц WW601 CIE-L,Бусад,D
Черокий цамц WW601 CIE-M,Бусад,D
Черокий цамц WW601 CIE-S,Бусад,D
Черокий цамц WW601 CIE-XS,Бусад,D
Черокий цамц WW601 CIE-XXS,Бусад,D
Черокий цамц WW601 HUN XXS,Бусад,D
Черокий цамц WW601 HUN-M,Бусад,D
Черокий цамц WW601 HUN-S,Бусад,D
Черокий цамц WW601 HUN-XS,Бусад,D
Черокий цамц WW601 NAV M,Бусад,D
Черокий цамц WW601 NAV XXS,Бусад,D
Черокий цамц WW601 NAV-S,Бусад,D
Черокий цамц WW601 NAV-XS,Бусад,D
Черокий цамц WW601 ROY-M,Бусад,D
Черокий цамц WW601 ROY-S,Бусад,D
Черокий цамц WW601 ROY-XS,Бусад,D
Черокий цамц WW601 ROY-XXS,Бусад,D
Черокий цамц WW601 WIN-S,Бусад,D
Черокий цамц WW601 WIN-XS,Бусад,D
Черокий цамц WW601 WIN-XXS,Бусад,D
Черокий цамц WW603 CIE - L,Бусад,D
Черокий цамц WW603 HUN - M,Бусад,D
Черокий цамц WW603 NAV - M,Бусад,D
Черокий цамц WW603 NAV - S,Бусад,D
Черокий цамц WW610 KAK M,Бусад,D
Черокий цамц WW610 KAK S,Бусад,D
Черокий цамц WW610 KAK XS,Бусад,D
Черокий цамц WW610 KAK XXS,Бусад,D
Черокий цамц WW610 OLV S,Бусад,D
Черокий цамц WW610 OLV XS,Бусад,D
Черокий цамц WW610 OLV XXS,Бусад,D
Черокий цамц WW610 WIN M,Бусад,D
Черокий цамц WW610 WIN S,Бусад,D
Черокий цамц WW610 WIN XS,Бусад,D
Черокий цамц WW610 WIN XXS,Бусад,D
Черокий цамц WW615 BLK L,Бусад,D
Черокий цамц WW615 BLK XS,Бусад,D
Черокий цамц WW622 BLK-S,Бусад,D
Черокий цамц WW622 BLK-XS,Бусад,D
Черокий цамц WW622 PWT-S,Бусад,D
Черокий цамц WW655 CIE-L,Бусад,D
Черокий цамц WW655 NAV-L,Бусад,D
Черокий цамц WW655 NAV-XXS,Бусад,D
Черокий цамц WW665 CAR 2XL,Бусад,D
Черокий цамц WW665 CAR L,Бусад,D
Черокий цамц WW665 CAR XL,Бусад,D
Черокий цамц WW665 CAR-M,Бусад,D
Черокий цамц WW665 CAR-S,Бусад,D
Черокий цамц WW665 CAR-XS,Бусад,D
Черокий цамц WW665 CIE-L,Бусад,D
Черокий цамц WW665 CIE-M,Бусад,D
Черокий цамц WW665 GAB- XXS,Бусад,D
Черокий цамц WW665 GAB-XS,Бусад,D
Черокий цамц WW665 GRP-XXS,Бусад,D
Черокий цамц WW665 HUN-L,Бусад,D
Черокий цамц WW665 NAV-L,Бусад,D
Черокий цамц WW665 NAV-XS,Бусад,D
Черокий цамц WW665 NAV-XXS,Бусад,D
Черокий цамц WW665 ROY-L,Бусад,D
Черокий цамц WW665 ROY-M,Бусад,D
Черокий цамц WW665 ROY-S,Бусад,D
Черокий цамц WW665 TRQ-XS,Бусад,D
Черокий цамц WW665 TRQ-XXS,Бусад,D
Черокий цамц WW685 BLK M,Бусад,D
Черокий цамц WW685 BLK S,Бусад,D
Черокий цамц WW685 BLK XS,Бусад,D
Черокий цамц WW695 WHT L,Бусад,D
Черокий цамц WW698 BLK-M,Бусад,D
Черокий цамц WW698 BLK-S,Бусад,D
Черокий цамц WW698 BLK-XS,Бусад,D
Черокий цамц WW698 NAV-M,Бусад,D
Черокий цамц WW698 NAV-S,Бусад,D
Черокий цамц WW698 NAV-XS,Бусад,D
Черокий цамц WW698 WIN-M,Бусад,D
Черокий цамц WW698 WIN-S,Бусад,D
Черокий цамц WW698 WIN-XXS,Бусад,D
Черокий цамц ханцуйтай CK303 CAR-XS,Бусад,D
Черокий цамц ханцуйтай CK303 CAR-XXS,Бусад,D
Черокий цамц ханцуйтай CK303 WHT-M,Бусад,D
Черокий цамц ханцуйтай CK303 WHT-XXS,Бусад,D
Черокий цамц ханцуйтай CK303 WIN-XS,Бусад,D
Черокий цамц ханцуйтай CK303 WIN-XXS,Бусад,D
Черокий цамц ханцуйтай WW310 BLK-L,Бусад,D
Черокий цамц ханцуйтай WW310 BLK-M,Бусад,D
Черокий цамц ханцуйтай WW310 BLK-S,Бусад,D
Черокий цамц ханцуйтай WW310 CAR XXS,Бусад,D
Черокий цамц ханцуйтай WW310 CIE-L,Бусад,D
Черокий цамц ханцуйтай WW310 CIE-XS,Бусад,D
Черокий цамц ханцуйтай WW310 CIE-XXS,Бусад,D
Черокий цамц ханцуйтай WW310 NAV-L,Бусад,D
Черокий цамц ханцуйтай WW310 PWT-L,Бусад,D
Черокий цамц ханцуйтай WW310 PWT-M,Бусад,D
Черокий цамц ханцуйтай WW310 PWT-S,Бусад,D
Черокий цамц ханцуйтай WW310 PWT-XS,Бусад,D
Черокий цамц ханцуйтай WW310 PWT-XXS,Бусад,D
Черокий цамц ханцуйтай WW310 ROY-L,Бусад,D
Черокий цамц ханцуйтай WW310 ROY-M,Бусад,D
Черокий цамц ханцуйтай WW310 ROY-S,Бусад,D
Черокий цамц ханцуйтай WW310 ROY-XS,Бусад,D
Черокий цамц ханцуйтай WW310 ROY-XXS,Бусад,D
Черокий цамц ханцуйтай WW320 NAV-S,Бусад,D
Черокий цамц ханцуйтай WW320 NAV-XS,Бусад,D
Черокий цамц ханцуйтай WW320 PWT-S,Бусад,D
Черокий цамц ханцуйтай/цахилгаантай CK00013A BLK M,Бусад,D
Черокий цамц ханцуйтай/цахилгаантай CK00013A BLK XS,Бусад,D
Черокий цамц ханцуйтай/цахилгаантай CK00013A CAR M,Бусад,D
Черокий цамц ханцуйтай/цахилгаантай CK00013A CAR XS,Бусад,D
Черокий цамц ханцуйтай/цахилгаантай CK00013A HUN XS,Бусад,D
Черокий цамц ханцуйтай/цахилгаантай CK00013A NAV M,Бусад,D
Черокий цамц ханцуйтай/цахилгаантай CK00013A NAV S,Бусад,D
Черокий цамц ханцуйтай/цахилгаантай CK00013A NAV XS,Бусад,D
Черокий цамц ханцуйтай/цахилгаантай CK00013A PWT M,Бусад,D
Черокий цамц ханцуйтай/цахилгаантай CK00013A PWT S,Бусад,D
Черокий цамц ханцуйтай/цахилгаантай CK00013A PWT XS,Бусад,D
Черокий цамц ханцуйтай/цахилгаантай CK00013A WHT M,Бусад,D
Черокий цамц ханцуйтай/цахилгаантай CK00013A WHT XS,Бусад,D
Черокий цамц ханцуйтай/цахилгаантай CK00013A WIN M,Бусад,D
Черокий цамц ханцуйтай/цахилгаантай CK00013A WIN S,Бусад,D
Черокий цамц ханцуйтай/цахилгаантай CK00013A WIN XS,Бусад,D
Черокий цамц ханцуйтай/цахилгаантай CK353 BLKN S,Бусад,D
Черокий цамц ханцуйтай/цахилгаантай CK353 BLKN XS,Бусад,D
Черокий цамц ханцуйтай/цахилгаантай CK353 BLKN XXS,Бусад,D
Черокий цамц ханцуйтай/цахилгаантай CK353 HUNN M,Бусад,D
Черокий цамц ханцуйтай/цахилгаантай CK353 HUNN S,Бусад,D
Черокий цамц ханцуйтай/цахилгаантай CK353 HUNN XS,Бусад,D
Черокий цамц ханцуйтай/цахилгаантай CK353 HUNN XXS,Бусад,D
Черокий цамц ханцуйтай/цахилгаантай CK353 NAVN M,Бусад,D
Черокий цамц ханцуйтай/цахилгаантай CK353 NAVN S,Бусад,D
Черокий цамц ханцуйтай/цахилгаантай CK353 NAVN XS,Бусад,D
Черокий цамц ханцуйтай/цахилгаантай CK353 NAVN XXS,Бусад,D
Черокий цамц ханцуйтай/цахилгаантай CK353 PWTN M,Бусад,D
Черокий цамц ханцуйтай/цахилгаантай CK353 PWTN S,Бусад,D
Черокий цамц ханцуйтай/цахилгаантай CK353 PWTN XS,Бусад,D
Черокий цамц ханцуйтай/цахилгаантай CK353 PWTN XXS,Бусад,D
Черокий цамц ханцуйтай/цахилгаантай CK381 BLK M,Бусад,D
Черокий цамц ханцуйтай/цахилгаантай CK381 BLK S,Бусад,D
Черокий цамц ханцуйтай/цахилгаантай CK381 BLK XS,Бусад,D
Черокий цамц ханцуйтай/цахилгаантай CK381 BLK XXS,Бусад,D
Черокий цамц ханцуйтай/цахилгаантай CK381 NAV S,Бусад,D
Черокий цамц ханцуйтай/цахилгаантай CK381 NAV XS,Бусад,D
Черокий цамц ханцуйтай/цахилгаантай CK381 NAV XXS,Бусад,D
Черокий цамц ханцуйтай/цахилгаантай CK381 PWT M,Бусад,D
Черокий цамц ханцуйтай/цахилгаантай CK381 PWT S,Бусад,D
Черокий цамц ханцуйтай/цахилгаантай CK381 PWT XS,Бусад,D
Черокий цамц ханцуйтай/цахилгаантай IN525A BLKN M,Бусад,D
Черокий цамц ханцуйтай/цахилгаантай IN525A BLKN S,Бусад,D
Черокий цамц ханцуйтай/цахилгаантай IN525A BLKN XS,Бусад,D
Черокий цамц ханцуйтай/цахилгаантай IN525A BLKN XXS,Бусад,D
Черокий цамц ханцуйтай/цахилгаантай IN525A NAVN M,Бусад,D
Черокий цамц ханцуйтай/цахилгаантай IN525A NAVN S,Бусад,D
Черокий цамц ханцуйтай/цахилгаантай IN525A NAVN XS,Бусад,D
Черокий цамц ханцуйтай/цахилгаантай IN525A NAVN XXS,Бусад,D
Черокий цамц ханцуйтай/цахилгаантай IN525A PWTN M,Бусад,D
Черокий цамц ханцуйтай/цахилгаантай IN525A PWTN S,Бусад,D
Черокий цамц ханцуйтай/цахилгаантай IN525A PWTN XS,Бусад,D
Черокий цамц ханцуйтай/цахилгаантай IN525A PWTN XXS,Бусад,D
Черокий цамц эмн/х WW665 ROY-XXS N1,Эм,E
Черокий юбка 4509 WHTW-L,Бусад,D
Черокий юбка CK505A NYPS-L,Бусад,D
Черокий юбка CK505A PWPS-L,Бусад,D
Черокий юбка CK505A WTPS-L,Бусад,D
Черокий юбка CK505A WTPS-M,Бусад,D
Черокий юбка CK505A WTPS-XS,Бусад,D
Черокий юбка CK505A WTPS-XXS,Бусад,D
Чиа үр Almora 150 гр,Бусад,D
Чийгшүүлэх уруул өнгөлөгч  Glicemille SPF15,Бусад,D
Читамон плюс сироп 100мл N1,Эм,E
Читамон шахм 300мг N10,Эм,E
Чих уснаас хамгаалах наалт хүүхдийн №30 /2118/ /гранд төгс ха/,Эмнэлгийн хэрэгсэл,D
Чих ухагч гэрэлтдэг / PETERBOO/ /гранд төгс ха/,Бусад,D
Чих цэвэрлэгч N100,Гоо сайхан/ариун цэвэр,D
Чих цэвэрлэгч хөвөн №200 /Нахиа/,Гоо сайхан/ариун цэвэр,D
Чих цэвэрлэгч хятад /жижиг багц/ N100,Гоо сайхан/ариун цэвэр,D
Чих цэвэрлэх оливтой дусаалга 15мл N1,Эм,E
Чих цэвэрлэх экспресс оливтой дусаалга 12мл N1,Бусад,D
Чихний бөглөө жижиг хайрцагтай  /Ням /,Бусад,D
Чихний бөглөө жижиг шар /Ням/,Бусад,D
Чихний хөвөн өнгийн 300ш /гранд төгс ха/,Бусад,D
Чихэр өвсний сироп /50ус/ сироп 100мл N1,Эм,E
Чун-7 500мг шахмал N20 /Монос/,Эм,E
Шагайн бэхэлгээ үдээстэй JYK-D014 N1 /Osky Medical/,Бусад,D
Шагайн хамгаалалт ОС-2014 15-20см /S/ №1 /Flamingo/ /Ascent meditech/,Бусад,D
Шагайн хамгаалалт ОС-2014 20-25см /M/ №1 /Flamingo/ /Ascent meditech/,Бусад,D
Шагайн хамгаалалт ОС-2014 25-30см /L/ №1 /Flamingo/ /Ascent meditech/,Бусад,D
Шагайн хамгаалалт ОС-2456 18-30см №1 /Flamingo/ /Ascent meditech/,Бусад,D
Шагайн хатуу чиг JYK-D013 N1 /Osky Medical/,Бусад,D
Шалны алчуур цагаан том,Бусад,D
Шампунь damage repair argan oil shampoo 340ml /2336/,Гоо сайхан/ариун цэвэр,D
Шар доктор цэвэр тос 100% 100мл,Бусад,D
Шар доктор цэвэр тос 100% 50мл,Бусад,D
Шарх боох материалын багц Basic MPC Dressing Set /Dansu China/ N1,Бусад,D
Шархны ариун наалт 10х10 см Farmapore,Эмнэлгийн хэрэгсэл,D
Шархны ариун наалт 10х15 см Farmapore,Эмнэлгийн хэрэгсэл,D
Шархны ариун наалт 10х20 см Farmapore,Эмнэлгийн хэрэгсэл,D
Шархны ариун наалт 10х25 см Farmapore,Эмнэлгийн хэрэгсэл,D
Шархны ариун наалт 10х30 см Farmapore,Эмнэлгийн хэрэгсэл,D
Шархны ариун наалт 5х7 см Farmapore,Эмнэлгийн хэрэгсэл,D
Шархны ариун наалт 6х9 см Farmapore,Эмнэлгийн хэрэгсэл,D
Шархны тунгалаг ариун наалт 5х7 см Farmapore,Эмнэлгийн хэрэгсэл,D
Шархны тунгалаг ариун наалт 8х10 см Farmapore,Эмнэлгийн хэрэгсэл,D
Шархны тунгалаг ариун наалт 8х15 см Farmapore,Эмнэлгийн хэрэгсэл,D
Шархны туузан наалт эмн/х 6мм*75мм R1541 N1,Эмнэлгийн хэрэгсэл,D
Шижидмон 500мг шахмал N60 /Монос/,Эм,E
Шилбэ моб цмт. L*2 Өвдөг [318-453/02] эмн/х N1,Эмнэлгийн хэрэгсэл,D
Шилбэ моб цмт. R*2 Өвдөг [318-452/02] эмн/х N1,Эмнэлгийн хэрэгсэл,D
Шилбэ нэмэлт 3# LL/RM 10mm №1 549490 /Just medical/,Эмнэлгийн хэрэгсэл,D
Шилбэ нэмэлт 3# LL/RM 5mm №1 549492 /Just medical/,Эмнэлгийн хэрэгсэл,D
Шилбэ нэмэлт 3# LM/RL 10mm №1 549491 /Just medical/,Эмнэлгийн хэрэгсэл,D
Шилбэ нэмэлт 3# LM/RL 5mm №1 549493 /Just medical/,Эмнэлгийн хэрэгсэл,D
Шилбэ нэмэлт 4# LL/RM 10mm 549484 /Just medical/,Нэмэлт/уламжлалт,D
Шилбэ нэмэлт 4# LL/RM 5mm №1 549486 /Just medical/,Эмнэлгийн хэрэгсэл,D
Шилбэ нэмэлт 4# LM/RL 10mm №1 549485 /Just medical/,Нэмэлт/уламжлалт,D
Шилбэ нэмэлт 4# LM/RL 5mm №1 549487 /Just medical/,Эмнэлгийн хэрэгсэл,D
Шилбэ нэмэлт 5# LL/RM 10mm №1 549478 /Just medical/,Эмнэлгийн хэрэгсэл,D
Шилбэ нэмэлт 5# LL/RM 5mm №1 549480 /Just medical/,Эмнэлгийн хэрэгсэл,D
Шилбэ нэмэлт 5# LM/RL 10mm №1 549479 /Just medical/,Эмнэлгийн хэрэгсэл,D
Шилбэ нэмэлт 5# LM/RL 5mm №1 549481 /Just medical/,Эмнэлгийн хэрэгсэл,D
Шилбэ нэмэлт 6# LL/RM 10mm №1 549472 /Just medical/,Нэмэлт/уламжлалт,D
Шилбэ нэмэлт 6# LL/RM 5mm №1 549474 /Just medical/,Нэмэлт/уламжлалт,D
Шилбэ нэмэлт 6# LM/RL 10mm №1 549473 /Just medical/,Нэмэлт/уламжлалт,D
Шилбэ нэмэлт 6# LM/RL 5mm №1 549475 /Just medical/,Нэмэлт/уламжлалт,D
Шилбэ фкс/пост цмт. L*1 Өвдөг [318-483/01] эмн/х N1,Эмнэлгийн хэрэгсэл,D
Шилбэ фкс/пост цмт. L*2 Өвдөг [318-483/02] эмн/х N1,Бусад,D
Шилбэ фкс/пост цмт. L*3 Өвдөг [318-483/03] эмн/х N1,Эмнэлгийн хэрэгсэл,D
Шилбэ фкс/пост цмт. L*4 Өвдөг [318-483/04] эмн/х N1,Эмнэлгийн хэрэгсэл,D
Шилбэ фкс/пост цмт. R*1 Өвдөг [318-482/01] эмн/х N1,Эмнэлгийн хэрэгсэл,D
Шилбэ фкс/пост цмт. R*2 Өвдөг [318-482/02] эмн/х N1,Эмнэлгийн хэрэгсэл,D
Шилбэ фкс/пост цмт. R*3 Өвдөг [318-482/03] эмн/х N1,Эмнэлгийн хэрэгсэл,D
Шилбэ фкс/пост цмт. R*4 Өвдөг [318-482/04] эмн/х N1,Эмнэлгийн хэрэгсэл,D
Шилбэ фкс/пост цмт. R*5 Өвдөг [318-482/05] эмн/х N1,Эмнэлгийн хэрэгсэл,D
Шилбэний конус 2# A/P 30mm №1 548964 /Just medical/,Эмнэлгийн хэрэгсэл,D
Шилбэний конус 3# A/P 33mm №1 548965 /Just medical/,Эмнэлгийн хэрэгсэл,D
Шилэн бумба 4дм N1 /Хятад/,Бусад,D
шим шим-6 нунт N15,Эм,E
Шимшинмон капсул N50,Эм,E
"Шингэн вок, халдваргүйжүүлэгчтэй, 1л /0609/",Бусад,D
"Шингэн вок, халдваргүйжүүлэгчтэй, 500мл /5004/",Бусад,D
Шингэн нөхөгч электролит ус Витамин С-тэй 500мл N1,Бусад,D
Шингэн нөхөгч электролит ус Кальцитай 500мл N1,Бусад,D
Шингэн нөхөгч электролит ус Оригнал 500мл N1,Бусад,D
Шингэн нөхөгч электролит ус Цайртай 500мл N1,Бусад,D
Шингэн нөхөгч электролит ус Эслэгтэй 500мл N1,Бусад,D
Шингэн нүүрс нунт насан хүрэгчдийн N10,Эм,E
Шингэн нүүрс нунт хүүхдийнх N10,Эм,E
Шингэн хүчил төрөгч Aso 60мл №1 2806,Бусад,D
Шингэн хүчилтөрөгч /Spa O2 bar/ 30мл N1,Нэмэлт/уламжлалт,D
Шингэн хүчилтөрөгч шинг 30мл N1,Бусад,D
Шинэ угж угаах шингэн 200мл,Бусад,D
Шинэ угж угаах шингэн 650мл запас,Бусад,D
Шинэ угж угаах шингэн 650мл запас  юүзү,Бусад,D
Шинэ угж угаах шингэн 700мл,Бусад,D
Шинэ угж угаах шингэн 700мл Юүзү,Бусад,D
Шумуулны наалт И6 /7114 /,Эмнэлгийн хэрэгсэл,D
Шураг 6.0x22 548950 /Just medical/,Эмнэлгийн хэрэгсэл,D
Шураг 6.0x24 548951 /Just medical/,Эмнэлгийн хэрэгсэл,D
Шураг 6.0x26 549740 /Just medical/,Эмнэлгийн хэрэгсэл,D
Шураг 6.0x28 548952 /Just medical/,Эмнэлгийн хэрэгсэл,D
Шураг 6.0x30 549739 /Just medical/,Эмнэлгийн хэрэгсэл,D
Шураг 6.0x32 548953 /Just medical/,Эмнэлгийн хэрэгсэл,D
"Шүд цайруулах,цэвэрлэх алчуур /Dr.White/ №7",Бусад,D
"Шүдний аппарат, хиймэл шүд хайрцаг /1331/",Эмнэлгийн хэрэгсэл,D
Шүдний оо 150г /Lion Corp./ дис,Бусад,D
Шүдний утас Dental Floss эмн/х 20м N1,Бусад,D
Шүдний утас Dental plus эмн/х 20м N1,Бусад,D
Шүдний утас Солонгос эмн/х 50м N1,Бусад,D
Шүдний чигчлүүр №200 /Нахиа/,Бусад,D
Шүршдэг ванны нунтаг магни сэргээгч 750гр 523545,Эм,E
Шүршдэг ванны нунтаг магни тайвшруулах 750гр 523514,Эм,E
Шүршдэг ванны нунтаг магни тархи 750 гр 523576,Эм,E
Шүршдэг витамин 1000D 15мл,Бусад,D
Шүршдэг витамин B12 N1 2893,Бусад,D
Шүршдэг витамин D+K2 хүүхэд /2050/,Бусад,D
Шүршдэг витамин D4000 N1 5529,Бусад,D
Шүршдэг витамин Dlux+K2 N1 5101,Бусад,D
Шүршдэг витамин В комплекс 25мл,Бусад,D
Шүршдэг витамин нярайн D400 N1 0816,Бусад,D
Шүршдэг витамин С 15мл 2463,Бусад,D
Шүршдэг витамин Том хүний Mult Vit N1 6292,Бусад,D
Шүршдэг витамин төмөр 25мл,Бусад,D
Шүршдэг витамин хүүхдийн D400 N1 0823,Бусад,D
Шүршдэг витамин Хүүхдийн Mult Vit N1 0396,Бусад,D
Шүршдэг витамин цайр 50мл,Бусад,D
Шүршдэг мagnesium Seep Kids Flakes 750g 3781,Бусад,D
Шүршдэг мagnesium Sleep Kids Spray 100ml 3705,Бусад,D
Шүршдэг магни биеийн тосон спрей 100мл 0100,Эм,E
Шүршдэг магни булчин суллах биеийн спрей 100мл 2838,Эм,E
Шүршдэг магни булчингий ванны нунтаг 1кг 3194,Эм,E
Шүршдэг магни нойрны ванны нунтаг 1кг 2944,Эм,E
Шүршдэг магни нойрны лосьон  180мл 2241,Гоо сайхан/ариун цэвэр,D
Шүршдэг магни тайвшруулах биеийн спрей 100мл 0186,Эм,E
Шүршдэг магни үе мөчний биеийн спрей 100мл 0315,Эм,E
Шүршдэг магни хүүхдийн нойрны лосьон 135мл 2258,Гоо сайхан/ариун цэвэр,D
Шүршдэг магни Эмзэг арьсны спрей 100мл 1374,Эм,E
Шүршдэг магнитай биеийн лосьон  180мл 1251,Гоо сайхан/ариун цэвэр,D
Шүршдэг магнитай ванны нунтаг 1кг 0339,Эм,E
Шүршдэг магнитай ванны нунтаг 250гр 0575,Эм,E
Шүршдэг магнитай гель 150мл 0469,Бусад,D
Шүршдэг магнитай нойрны ванны нунтаг 250гр 3675,Эм,E
Шээсний катетер 2 замт 14 FR 30мл N1 /Хятад/,Эмнэлгийн хэрэгсэл,D
Шээсний катетер 2 замт 16 FR 30мл N1 /Хятад/,Эмнэлгийн хэрэгсэл,D
Шээсний катетер 2 замт эмн/х 18FR 30мл N1,Эмнэлгийн хэрэгсэл,D
Шээсний катетер латекс 2 замт эмн/х 14 FR 30мл N1,Эмнэлгийн хэрэгсэл,D
Шээсний катетер латекс 2 замт эмн/х 16 FR 30мл N1,Эмнэлгийн хэрэгсэл,D
Шээсний катетер латекс 2 замт эмн/х 18 FR 30мл N1,Эмнэлгийн хэрэгсэл,D
Шээсний катетер эмн/х 12Fr 30мл N1,Эмнэлгийн хэрэгсэл,D
Шээсний катетер эмн/х 14Fr 30мл,Эмнэлгийн хэрэгсэл,D
Шээсний катетер эмн/х 16Fr 30мл N1,Эмнэлгийн хэрэгсэл,D
Шээсний катетр 2 замт эмн/х 10Fr 3 - 5мл N1,Эм,E
Шээсний катетр 2 замт эмн/х 20Fr 30мл N1,Эмнэлгийн хэрэгсэл,D
Шээсний сав 60мл N1,Бусад,D
Шээсний сав эмэгтэй N1 /Хятад/,Бусад,D
Шээсний сав эрэгтэй N1 /Хятад/,Бусад,D
Шээсний уут 2 литр /Homecare/,Бусад,D
Шээсний уут кранттай 2л /Anji SPENQ Industrial/,Бусад,D
Шээсний уут эмн/х 1л,Бусад,D
Шээсний шинжилгээний сав 60мл N1,Бусад,D
Шээсний шинжилгээний сав 60мл N1 /Дэлгэрэх Цоморлиг/,Эм,E
Шээсний шинжилгээний сав эмн/х 120мл N1,Бусад,D
"Эвалор чай лактомама 7432 1,5гр",Бусад,D
Эвэ-эйд Ариун наалт 6см*7см,Эмнэлгийн хэрэгсэл,D
Эвэ-эйд Ариун наалт 9см*10см,Эмнэлгийн хэрэгсэл,D
Эвэ-эйд Ариун наалт 9см*15см,Эмнэлгийн хэрэгсэл,D
Эвэ-эйд Ариун наалт 9см*20см,Эмнэлгийн хэрэгсэл,D
Эвэ-эйд Ариун наалт 9см*25см,Эмнэлгийн хэрэгсэл,D
Эвэ-эйд Ариун наалт 9см*30см,Эмнэлгийн хэрэгсэл,D
Эвэ-эйд Ариун наалт 9см*7см,Эмнэлгийн хэрэгсэл,D
Эвэ-эйд уян зүүний наалт 6см*7см N1,Эмнэлгийн хэрэгсэл,D
Эвэкер капс N30,Эм,E
Эвэр үүний лент N6 Medrull Corn removal,Бусад,D
Эвэр үүний наалт [Тэгш-Анар] эмн/х N6,Эмнэлгийн хэрэгсэл,D
Эгэмний бэхэлгээ JYK-C040 N1 /Osky Medical/,Бусад,D
ЭДВ набор /7Fr 200mm/ №1 /New Remedy/,Бусад,D
Эдийн саван B&B Soap 200гр ургамал,Гоо сайхан/ариун цэвэр,D
Эзамон капс 400мг+25мг N60,Эм,E
Эзом капс 40мг N28 Нобел,Эм,V
Эзом нунт+уусм 40мг N1 Нобел,Эм,V
Экватор шахм 20мг+10мг N30,Эм,V
Экватор шахм 5мг+10мг N30,Эм,V
Экинол үе мөчний түрхлэг 30гр,Бусад,D
Эко ногоон ургамал 8132 10гр N30,Бусад,D
Эко ногоон ургамал N10,Бусад,D
Эко уусдаг цай / аньстай / 20гр N50,Эм,E
Эко уусдаг цай / нэрстэй / 20гр N20,Бусад,D
Эко уусдаг цай / нэрстэй / 20гр N50,Эм,E
Эко уусдаг цай / чацарганатай / 20гр N1,Эм,E
Эко уусдаг цай / чацарганатай / 20гр N50,Эм,E
Эко уусдаг цай /холимог/ N9,Бусад,D
Экоклав сироп 250мг + 62.5мг/5мл 100мл N1,Эм,V
Эксегран шахм 100мг N30,Эм,E
Эксиглу 10мг шахмал №30,Эм,E
Эксиглу 5мг шахмал №30,Эм,E
Экстрамаг нунтаг 250мг N30 /Orzaks/,Эм,E
Эксфорж б/шахм 10мг+160мг N28,Эм,V
Эксфорж б/шахм 5мг+160мг N28,Эм,V
"Эксфорж Н шахм 10мг/160мг/12,5мг N14",Эм,V
"Эксфорж Н шахм 5мг/160мг/12,5мг N14",Эм,V
Элевит Зачатие капс N60 Байер,Эм,E
Элевит кормление капс /хөхүүл/ N30,Нэмэлт/уламжлалт,D
Элевит Менавит бүрх шахм №30 /Байер/,Эм,E
Элевит пронатал шахм N100,Нэмэлт/уламжлалт,D
Элевит тайгер шахм N30,Эм,E
Элегра шахмал 100мг N4 /Coral/,Эм,E
Электрод N50,Эмнэлгийн хэрэгсэл,D
Электролит Денк нунт N10,Эм,E
Элэг хамгаалах hepalyse 100мл,Бусад,D
Элэг хамгаалах бэлдмэл 200мл №1,Бусад,D
Элэг хамгаалах бэлдмэл нунт /Yoizame no ondo /12.7гр N10,Нэмэлт/уламжлалт,D
Элэг хамгаалах цай 20гр №10 /Одь тан/,Бусад,D
Элэг хамгаалах цай том 40г N20 /Одь тан/,Бусад,D
Эманера капс 20мг N28,Эм,V
Эманера капс 40мг N28,Эм,V
Эмерон шахм 100мг N20 /Replek/,Эм,E
Эмийн сав  өнгийн нэмэх тэмдэгтэй /гранд төгс ха/,Бусад,D
Эмийн сав /цагаан+тасалгаатай/ дунд №1 /Хятад/,Бусад,D
Эмийн сав /цагаан+тасалгаатай/ том №1 /Хятад/,Бусад,D
Эмийн сав бантиктай,Бусад,D
Эмийн сав жижиг,Бусад,D
Эмийн сав тасалгаатай жижиг №1 /Хятад/,Бусад,D
Эмийн сав тасалгаатай том №1 /Хятад/,Бусад,D
Эмийн сангийн улаан цүнх /Жижиг/ №1,Эм,E
Эмийн сангийн улаан цүнх /Том/ №1 /Хятад/,Эм,E
Эмийн сангийн улаан цүнх N1,Эм,E
Эмийн хайрцаг /цүнхний/ N1,Бусад,D
Эмийн хайрцаг BX-F01 /дунд/ №1 Ньюремеди,Бусад,D
Эмийн хайрцаг BX-F01 /жижиг/ №1 Ньюремеди,Бусад,D
Эмнэлэгийн хог хаягдлын сав эмн/х 50 литр N1,Эм,E
Эмэгтэйчүүд  бэлдмэл 220г /Одь тан/,Бусад,D
Эмэгтэйчүүдийн цай 20гр №10 /Одь тан/,Бусад,D
Эмэгтэйчүүдийн цай том 40г N20 /Одь тан/,Бусад,D
Энап Н шахм 10мг+25мг N20,Эм,V
Энап НL20. шахм 20мг+12.5мг N20,Эм,V
"Энап Р т/уусм 1,25мг/мл N5",Эм,V
Энап шахм 10мг N20,Эм,V
Энап шахм 20мг N20,Эм,V
Энап шахм 5мг N20,Эм,V
Энергийн ундаа 450мл Вишня Кола,Хүнс,D
Энергийн ундаа 450мл Гуава персик,Хүнс,D
Энергийн ундаа 450мл малина мята,Хүнс,D
Энергийн ундаа 450мл Пина Колада,Хүнс,D
Энергийн ундаа Wake up 250мл,Хүнс,D
Энергийн цэлцэгнүүр ундаа N1,Хүнс,D
Энерзайр Бризхалер ингаляциар хэрэглэх капсул 150мкг+50мкг+160мкг N30 /Novartis/,Эм,E
Энивэйр гутал Zone women.WHT.size 5.0,Бусад,D
Энтерол капс 250мг N10,Эм,E
Энтерол нунт 250мг N10,Эм,E
Энтростоп шахм 650мг + 50мг N20,Эм,E
Энфантил /Витамин Д3 400IU/ дусал 12.5 ml/450 drops N1,Эм,E
Энфантил сироп сироп 200мл N1,Эм,E
Энхжин бөөрний цай N20,Бусад,D
Энхжин булцуут цэцгийн цай N20,Бусад,D
Энхжин гоолингоо тураах цай 2гр N25,Эм,E
Энхжин гэдэс цэвэрлэх цай N20,Бусад,D
Энхжин дархлаа сэргээх цай 2гр N20,Эм,E
Энхжин Зуу наслаарай цай 2гр N40,Эм,E
Энхжин тайвшруулах цай N20,Эм,E
Энхжин Уушги цэвэрлэх цай 30гр N20,Эм,E
Энхжин цэвэрлэх цай нунт 40гр N20,Эм,E
Энхжин Чихрийн шижингийн эсрэг нунт цай N20,Эм,E
Энхжин элэг хамгаалах N20,Нэмэлт/уламжлалт,D
Эпексол шахмал 30мг №100 /PT. Sanbe Farma/,Эм,V
Эпиао - Хүний рекомбинант эритропоиэтин №1,Бусад,D
Эпинефрин 1мг/мл тарилгын уусмал 1мл №10 /Dai Han Pharm/,Эм,V
Эпокин 4000ОУН N1,Эм,V
Эргоферон уус/шх N20,Бусад,D
Эритромицин /Эрмицин/ шахм 500мг N10,Эм,V
Эритромицин шахм /протек / 500мг N10,Эм,V
Эритромицин шахм 500мг N10,Эм,V
Эрлиан Нэг удаагийн халат N1,Бусад,D
Эрмицин/эритромицин/ шахм 250мг N10,Эм,V
Эртиноб Бүрхүүлтэй шахмал 100мг №30 /Нобел/,Эм,E
Эртиноб Бүрхүүлтэй шахмал 150мг №30 /Нобел/,Эм,E
Эрүүл мэндийн ундаа Sos hangover шинг 250мл N1,Хүнс,D
ЭрФлюСал аэр 50мкг/250мкг N1,Эм,E
ЭрФлюСал аэр 50мкг/500мкг N1,Эм,E
Эрчимтэй тураах цагаан гаа /5820/,Бусад,D
Эрчүүдийн амин дэм DHC Maca капс 405мг N90,Эм,E
Эсобен бүрхүүлтэй шахмал 20мг N30 /Leben/,Эм,V
ЭсПи Lifepack recorder paper эмн/х 100mm*21.5mm N3,Бусад,D
Эспумизан Бэби 100мг/мл 30мл N1,Эм,E
Эспумизан з/капс 40мг N25,Эм,V
Эссел Форте 250мг/5мл №5 /Тарилгын уусмал/,Эм,E
Эссенциале Форте-Н капс N30,Эм,E
Эссенциале-Н т/уусм 5мл N5,Эм,E
"Эстер-С плюс витамин С 500 мг, N50",Бусад,D
"Эстринорм лаа үт 0,5мг N15",Эм,E
Этацизин б/шахм 50мг N50,Эм,E
Этекс Цитиколин бүрхүүлтэй шахмал 500мг №20 /Theragen Etex/,Эм,V
Этимиб-Денк 10мг №30,Эм,E
Этол SR 600мг №10 sample,Бусад,D
"Этол Форт 400мг, №28",Бусад,D
Эуфиллин /даль/ т/уусм 24мг/мл 10мл N10,Эм,V
"Эуфиллин /цомбо/ т/уусм 2,4% 10мл N10",Эм,V
Эфедрин тарилгын уусмал 50мг/мл 1мл №10 /Moscow Endocrine/,Эм,E
"Эфизол хүлх/ш 0,25мг+ 30мг N20",Эм,E
Эфлоран шахм 400мг N10,Эм,V
Эхо гель 250мл N1 /Homecare/,Эм,E
Ювит  бэби Д3 /Польш/ 10мл N1,Эм,E
Юнггаксан күүл мөхлөг 700мг N18 /Boryung/,Бусад,D
Юнидокс Солютаб уус/шх 100мг N10,Эм,V
Юперио б/шахм 24мг/26мг N28,Эм,V
Юперио б/шахм 49мг/51мг N28,Эм,V
Юперио б/шахм 97мг/103мг N28,Эм,V
Юүскин 180гр N1,Бусад,D
Юүскин A крем 120гр N1,Бусад,D
Юүскин A крем шахдаг 40гр N1,Бусад,D
Юүскин I крем 110гр N1,Бусад,D
Юүскин I лосьон 130мл N1,Гоо сайхан/ариун цэвэр,D
Юүскин А 80гр N1,Бусад,D
Юүскин запас 180гр N1,Бусад,D
Юүскин Сисора лосьон /запас / 170гр,Гоо сайхан/ариун цэвэр,D
Юүскин Сисора лосьон 170гр,Гоо сайхан/ариун цэвэр,D
Юүскин сисора нарны тос SPF 38,Бусад,D
Юүскин сисора нарны тос SPF38 80гр /2222/,Бусад,D
Юүскин сисора нүүрний маск,Гоо сайхан/ариун цэвэр,D
Юүскин Сисора тос 110гр,Бусад,D
Юүскин Сисора тос шахдаг 38гр,Бусад,D
"Юүскин уруулын тос 3,5гр N1",Бусад,D
Юүскин уруулын тэжээлийн тос 8.5гр +,Бусад,D
Юүскин шингэн саван 500мл N1,Гоо сайхан/ариун цэвэр,D
Юфлима тарилгын уусмал 40мг - 0.4мл №2 /Celltrion INC/,Эм,V
Ядаргаа тайлах цай жижиг 20г N10 /Одь тан/,Бусад,D
Ядаргаа тайлах цай том 40г N20 /Одь тан/,Бусад,D
"Янси-30 шахм 3мг+0,03мг N21",Эм,E
Ярина шахм N21,Эм,V
Ясны хөрөөний ир эмн/х N1,Эмнэлгийн хэрэгсэл,D
Ясурамин 200мг + 400мг 10мл N1,Эм,E
